Bus Number,Direction,Stop Order,Stop Name,Arrival Time,Departure Time,Frequency,Day Type,Fare,Connections
21,Inbound,1,"Film Theatre, Shelton",05:58,06:00,Every 20m,Weekday,£1.20,None
21,Inbound,2,"Seaford Street, Shelton",06:13,06:15,Every 20m,Weekday,£1.50,None
21,Inbound,3,"Wellesley Street, Hanley",06:28,06:30,Every 20m,Weekday,£1.50,None
21,Inbound,4,"Hanley, Stop S1",06:43,06:45,Every 20m,Weekday,£1.80,None
21,Inbound,5,Hanley Bus Station,06:58,07:00,Every 20m,Weekday,£2.00,None
21,Inbound,6,"Harding Road, Hanley",07:13,07:15,Every 20m,Weekday,£2.30,None
21,Inbound,7,Hanley Bus Station,07:28,07:30,Every 20m,Weekday,£2.70,"7, 6A"
21,Inbound,1,"Film Theatre, Shelton",06:13,06:15,Every 20m,Weekday,£1.20,None
21,Inbound,2,"Seaford Street, Shelton",06:28,06:30,Every 20m,Weekday,£1.50,None
21,Inbound,3,"Wellesley Street, Hanley",06:43,06:45,Every 20m,Weekday,£1.50,None
21,Inbound,4,"Hanley, Stop S1",06:58,07:00,Every 20m,Weekday,£1.80,None
21,Inbound,5,Hanley Bus Station,07:13,07:15,Every 20m,Weekday,£2.00,None
21,Inbound,6,"Harding Road, Hanley",07:28,07:30,Every 20m,Weekday,£2.30,None
21,Inbound,7,Hanley Bus Station,07:43,07:45,Every 20m,Weekday,£2.70,"7, 6A"
21,Inbound,1,"Film Theatre, Shelton",06:28,06:30,Every 20m,Weekday,£1.20,None
21,Inbound,2,"Seaford Street, Shelton",06:43,06:45,Every 20m,Weekday,£1.50,None
21,Inbound,3,"Wellesley Street, Hanley",06:58,07:00,Every 20m,Weekday,£1.50,None
21,Inbound,4,"Hanley, Stop S1",07:13,07:15,Every 20m,Weekday,£1.80,None
21,Inbound,5,Hanley Bus Station,07:28,07:30,Every 20m,Weekday,£2.00,None
21,Inbound,6,"Harding Road, Hanley",07:43,07:45,Every 20m,Weekday,£2.30,None
21,Inbound,7,Hanley Bus Station,07:58,08:00,Every 20m,Weekday,£2.70,"7, 6A"
21,Inbound,1,"Film Theatre, Shelton",06:43,06:45,Every 20m,Weekday,£1.20,None
21,Inbound,2,"Seaford Street, Shelton",06:58,07:00,Every 20m,Weekday,£1.50,None
21,Inbound,3,"Wellesley Street, Hanley",07:13,07:15,Every 20m,Weekday,£1.50,None
21,Inbound,4,"Hanley, Stop S1",07:28,07:30,Every 20m,Weekday,£1.80,None
21,Inbound,5,Hanley Bus Station,07:43,07:45,Every 20m,Weekday,£2.00,None
21,Inbound,6,"Harding Road, Hanley",07:58,08:00,Every 20m,Weekday,£2.30,None
21,Inbound,7,Hanley Bus Station,08:13,08:15,Every 20m,Weekday,£2.70,"7, 6A"
21,Inbound,1,"Film Theatre, Shelton",06:58,07:00,Every 20m,Weekday,£1.20,None
21,Inbound,2,"Seaford Street, Shelton",07:13,07:15,Every 20m,Weekday,£1.50,None
21,Inbound,3,"Wellesley Street, Hanley",07:28,07:30,Every 20m,Weekday,£1.50,None
21,Inbound,4,"Hanley, Stop S1",07:43,07:45,Every 20m,Weekday,£1.80,None
21,Inbound,5,Hanley Bus Station,07:58,08:00,Every 20m,Weekday,£2.00,None
21,Inbound,6,"Harding Road, Hanley",08:13,08:15,Every 20m,Weekday,£2.30,None
21,Inbound,7,Hanley Bus Station,08:28,08:30,Every 20m,Weekday,£2.70,"7, 6A"
21,Inbound,1,"Film Theatre, Shelton",07:13,07:15,Every 20m,Weekday,£1.20,None
21,Inbound,2,"Seaford Street, Shelton",07:28,07:30,Every 20m,Weekday,£1.50,None
21,Inbound,3,"Wellesley Street, Hanley",07:43,07:45,Every 20m,Weekday,£1.50,None
21,Inbound,4,"Hanley, Stop S1",07:58,08:00,Every 20m,Weekday,£1.80,None
21,Inbound,5,Hanley Bus Station,08:13,08:15,Every 20m,Weekday,£2.00,None
21,Inbound,6,"Harding Road, Hanley",08:28,08:30,Every 20m,Weekday,£2.30,None
21,Inbound,7,Hanley Bus Station,08:43,08:45,Every 20m,Weekday,£2.70,"7, 6A"
21,Inbound,1,"Film Theatre, Shelton",07:28,07:30,Every 20m,Weekday,£1.20,None
21,Inbound,2,"Seaford Street, Shelton",07:43,07:45,Every 20m,Weekday,£1.50,None
21,Inbound,3,"Wellesley Street, Hanley",07:58,08:00,Every 20m,Weekday,£1.50,None
21,Inbound,4,"Hanley, Stop S1",08:13,08:15,Every 20m,Weekday,£1.80,None
21,Inbound,5,Hanley Bus Station,08:28,08:30,Every 20m,Weekday,£2.00,None
21,Inbound,6,"Harding Road, Hanley",08:43,08:45,Every 20m,Weekday,£2.30,None
21,Inbound,7,Hanley Bus Station,08:58,09:00,Every 20m,Weekday,£2.70,"7, 6A"
21,Inbound,1,"Film Theatre, Shelton",07:43,07:45,Every 20m,Weekday,£1.20,None
21,Inbound,2,"Seaford Street, Shelton",07:58,08:00,Every 20m,Weekday,£1.50,None
21,Inbound,3,"Wellesley Street, Hanley",08:13,08:15,Every 20m,Weekday,£1.50,None
21,Inbound,4,"Hanley, Stop S1",08:28,08:30,Every 20m,Weekday,£1.80,None
21,Inbound,5,Hanley Bus Station,08:43,08:45,Every 20m,Weekday,£2.00,None
21,Inbound,6,"Harding Road, Hanley",08:58,09:00,Every 20m,Weekday,£2.30,None
21,Inbound,7,Hanley Bus Station,09:13,09:15,Every 20m,Weekday,£2.70,"7, 6A"
21,Inbound,1,"Film Theatre, Shelton",07:58,08:00,Every 20m,Weekday,£1.20,None
21,Inbound,2,"Seaford Street, Shelton",08:13,08:15,Every 20m,Weekday,£1.50,None
21,Inbound,3,"Wellesley Street, Hanley",08:28,08:30,Every 20m,Weekday,£1.50,None
21,Inbound,4,"Hanley, Stop S1",08:43,08:45,Every 20m,Weekday,£1.80,None
21,Inbound,5,Hanley Bus Station,08:58,09:00,Every 20m,Weekday,£2.00,None
21,Inbound,6,"Harding Road, Hanley",09:13,09:15,Every 20m,Weekday,£2.30,None
21,Inbound,7,Hanley Bus Station,09:28,09:30,Every 20m,Weekday,£2.70,"7, 6A"
21,Inbound,1,"Film Theatre, Shelton",08:13,08:15,Every 20m,Weekday,£1.20,None
21,Inbound,2,"Seaford Street, Shelton",08:28,08:30,Every 20m,Weekday,£1.50,None
21,Inbound,3,"Wellesley Street, Hanley",08:43,08:45,Every 20m,Weekday,£1.50,None
21,Inbound,4,"Hanley, Stop S1",08:58,09:00,Every 20m,Weekday,£1.80,None
21,Inbound,5,Hanley Bus Station,09:13,09:15,Every 20m,Weekday,£2.00,None
21,Inbound,6,"Harding Road, Hanley",09:28,09:30,Every 20m,Weekday,£2.30,None
21,Inbound,7,Hanley Bus Station,09:43,09:45,Every 20m,Weekday,£2.70,"7, 6A"
21,Inbound,1,"Film Theatre, Shelton",08:28,08:30,Every 20m,Weekday,£1.20,None
21,Inbound,2,"Seaford Street, Shelton",08:43,08:45,Every 20m,Weekday,£1.50,None
21,Inbound,3,"Wellesley Street, Hanley",08:58,09:00,Every 20m,Weekday,£1.50,None
21,Inbound,4,"Hanley, Stop S1",09:13,09:15,Every 20m,Weekday,£1.80,None
21,Inbound,5,Hanley Bus Station,09:28,09:30,Every 20m,Weekday,£2.00,None
21,Inbound,6,"Harding Road, Hanley",09:43,09:45,Every 20m,Weekday,£2.30,None
21,Inbound,7,Hanley Bus Station,09:58,10:00,Every 20m,Weekday,£2.70,"7, 6A"
21,Inbound,1,"Film Theatre, Shelton",08:43,08:45,Every 20m,Weekday,£1.20,None
21,Inbound,2,"Seaford Street, Shelton",08:58,09:00,Every 20m,Weekday,£1.50,None
21,Inbound,3,"Wellesley Street, Hanley",09:13,09:15,Every 20m,Weekday,£1.50,None
21,Inbound,4,"Hanley, Stop S1",09:28,09:30,Every 20m,Weekday,£1.80,None
21,Inbound,5,Hanley Bus Station,09:43,09:45,Every 20m,Weekday,£2.00,None
21,Inbound,6,"Harding Road, Hanley",09:58,10:00,Every 20m,Weekday,£2.30,None
21,Inbound,7,Hanley Bus Station,10:13,10:15,Every 20m,Weekday,£2.70,"7, 6A"
21,Inbound,1,"Film Theatre, Shelton",08:58,09:00,Every 20m,Weekday,£1.20,None
21,Inbound,2,"Seaford Street, Shelton",09:13,09:15,Every 20m,Weekday,£1.50,None
21,Inbound,3,"Wellesley Street, Hanley",09:28,09:30,Every 20m,Weekday,£1.50,None
21,Inbound,4,"Hanley, Stop S1",09:43,09:45,Every 20m,Weekday,£1.80,None
21,Inbound,5,Hanley Bus Station,09:58,10:00,Every 20m,Weekday,£2.00,None
21,Inbound,6,"Harding Road, Hanley",10:13,10:15,Every 20m,Weekday,£2.30,None
21,Inbound,7,Hanley Bus Station,10:28,10:30,Every 20m,Weekday,£2.70,"7, 6A"
21,Inbound,1,"Film Theatre, Shelton",09:13,09:15,Every 20m,Weekday,£1.20,None
21,Inbound,2,"Seaford Street, Shelton",09:28,09:30,Every 20m,Weekday,£1.50,None
21,Inbound,3,"Wellesley Street, Hanley",09:43,09:45,Every 20m,Weekday,£1.50,None
21,Inbound,4,"Hanley, Stop S1",09:58,10:00,Every 20m,Weekday,£1.80,None
21,Inbound,5,Hanley Bus Station,10:13,10:15,Every 20m,Weekday,£2.00,None
21,Inbound,6,"Harding Road, Hanley",10:28,10:30,Every 20m,Weekday,£2.30,None
21,Inbound,7,Hanley Bus Station,10:43,10:45,Every 20m,Weekday,£2.70,"7, 6A"
21,Inbound,1,"Film Theatre, Shelton",09:28,09:30,Every 20m,Weekday,£1.20,None
21,Inbound,2,"Seaford Street, Shelton",09:43,09:45,Every 20m,Weekday,£1.50,None
21,Inbound,3,"Wellesley Street, Hanley",09:58,10:00,Every 20m,Weekday,£1.50,None
21,Inbound,4,"Hanley, Stop S1",10:13,10:15,Every 20m,Weekday,£1.80,None
21,Inbound,5,Hanley Bus Station,10:28,10:30,Every 20m,Weekday,£2.00,None
21,Inbound,6,"Harding Road, Hanley",10:43,10:45,Every 20m,Weekday,£2.30,None
21,Inbound,7,Hanley Bus Station,10:58,11:00,Every 20m,Weekday,£2.70,"7, 6A"
21,Inbound,1,"Film Theatre, Shelton",09:43,09:45,Every 20m,Weekday,£1.20,None
21,Inbound,2,"Seaford Street, Shelton",09:58,10:00,Every 20m,Weekday,£1.50,None
21,Inbound,3,"Wellesley Street, Hanley",10:13,10:15,Every 20m,Weekday,£1.50,None
21,Inbound,4,"Hanley, Stop S1",10:28,10:30,Every 20m,Weekday,£1.80,None
21,Inbound,5,Hanley Bus Station,10:43,10:45,Every 20m,Weekday,£2.00,None
21,Inbound,6,"Harding Road, Hanley",10:58,11:00,Every 20m,Weekday,£2.30,None
21,Inbound,7,Hanley Bus Station,11:13,11:15,Every 20m,Weekday,£2.70,"7, 6A"
21,Inbound,1,"Film Theatre, Shelton",09:58,10:00,Every 20m,Weekday,£1.20,None
21,Inbound,2,"Seaford Street, Shelton",10:13,10:15,Every 20m,Weekday,£1.50,None
21,Inbound,3,"Wellesley Street, Hanley",10:28,10:30,Every 20m,Weekday,£1.50,None
21,Inbound,4,"Hanley, Stop S1",10:43,10:45,Every 20m,Weekday,£1.80,None
21,Inbound,5,Hanley Bus Station,10:58,11:00,Every 20m,Weekday,£2.00,None
21,Inbound,6,"Harding Road, Hanley",11:13,11:15,Every 20m,Weekday,£2.30,None
21,Inbound,7,Hanley Bus Station,11:28,11:30,Every 20m,Weekday,£2.70,"7, 6A"
21,Inbound,1,"Film Theatre, Shelton",10:13,10:15,Every 20m,Weekday,£1.20,None
21,Inbound,2,"Seaford Street, Shelton",10:28,10:30,Every 20m,Weekday,£1.50,None
21,Inbound,3,"Wellesley Street, Hanley",10:43,10:45,Every 20m,Weekday,£1.50,None
21,Inbound,4,"Hanley, Stop S1",10:58,11:00,Every 20m,Weekday,£1.80,None
21,Inbound,5,Hanley Bus Station,11:13,11:15,Every 20m,Weekday,£2.00,None
21,Inbound,6,"Harding Road, Hanley",11:28,11:30,Every 20m,Weekday,£2.30,None
21,Inbound,7,Hanley Bus Station,11:43,11:45,Every 20m,Weekday,£2.70,"7, 6A"
21,Inbound,1,"Film Theatre, Shelton",10:28,10:30,Every 20m,Weekday,£1.20,None
21,Inbound,2,"Seaford Street, Shelton",10:43,10:45,Every 20m,Weekday,£1.50,None
21,Inbound,3,"Wellesley Street, Hanley",10:58,11:00,Every 20m,Weekday,£1.50,None
21,Inbound,4,"Hanley, Stop S1",11:13,11:15,Every 20m,Weekday,£1.80,None
21,Inbound,5,Hanley Bus Station,11:28,11:30,Every 20m,Weekday,£2.00,None
21,Inbound,6,"Harding Road, Hanley",11:43,11:45,Every 20m,Weekday,£2.30,None
21,Inbound,7,Hanley Bus Station,11:58,12:00,Every 20m,Weekday,£2.70,"7, 6A"
21,Inbound,1,"Film Theatre, Shelton",10:43,10:45,Every 20m,Weekday,£1.20,None
21,Inbound,2,"Seaford Street, Shelton",10:58,11:00,Every 20m,Weekday,£1.50,None
21,Inbound,3,"Wellesley Street, Hanley",11:13,11:15,Every 20m,Weekday,£1.50,None
21,Inbound,4,"Hanley, Stop S1",11:28,11:30,Every 20m,Weekday,£1.80,None
21,Inbound,5,Hanley Bus Station,11:43,11:45,Every 20m,Weekday,£2.00,None
21,Inbound,6,"Harding Road, Hanley",11:58,12:00,Every 20m,Weekday,£2.30,None
21,Inbound,7,Hanley Bus Station,12:13,12:15,Every 20m,Weekday,£2.70,"7, 6A"
21,Inbound,1,"Film Theatre, Shelton",10:58,11:00,Every 20m,Weekday,£1.20,None
21,Inbound,2,"Seaford Street, Shelton",11:13,11:15,Every 20m,Weekday,£1.50,None
21,Inbound,3,"Wellesley Street, Hanley",11:28,11:30,Every 20m,Weekday,£1.50,None
21,Inbound,4,"Hanley, Stop S1",11:43,11:45,Every 20m,Weekday,£1.80,None
21,Inbound,5,Hanley Bus Station,11:58,12:00,Every 20m,Weekday,£2.00,None
21,Inbound,6,"Harding Road, Hanley",12:13,12:15,Every 20m,Weekday,£2.30,None
21,Inbound,7,Hanley Bus Station,12:28,12:30,Every 20m,Weekday,£2.70,"7, 6A"
21,Inbound,1,"Film Theatre, Shelton",11:13,11:15,Every 20m,Weekday,£1.20,None
21,Inbound,2,"Seaford Street, Shelton",11:28,11:30,Every 20m,Weekday,£1.50,None
21,Inbound,3,"Wellesley Street, Hanley",11:43,11:45,Every 20m,Weekday,£1.50,None
21,Inbound,4,"Hanley, Stop S1",11:58,12:00,Every 20m,Weekday,£1.80,None
21,Inbound,5,Hanley Bus Station,12:13,12:15,Every 20m,Weekday,£2.00,None
21,Inbound,6,"Harding Road, Hanley",12:28,12:30,Every 20m,Weekday,£2.30,None
21,Inbound,7,Hanley Bus Station,12:43,12:45,Every 20m,Weekday,£2.70,"7, 6A"
21,Inbound,1,"Film Theatre, Shelton",11:28,11:30,Every 20m,Weekday,£1.20,None
21,Inbound,2,"Seaford Street, Shelton",11:43,11:45,Every 20m,Weekday,£1.50,None
21,Inbound,3,"Wellesley Street, Hanley",11:58,12:00,Every 20m,Weekday,£1.50,None
21,Inbound,4,"Hanley, Stop S1",12:13,12:15,Every 20m,Weekday,£1.80,None
21,Inbound,5,Hanley Bus Station,12:28,12:30,Every 20m,Weekday,£2.00,None
21,Inbound,6,"Harding Road, Hanley",12:43,12:45,Every 20m,Weekday,£2.30,None
21,Inbound,7,Hanley Bus Station,12:58,13:00,Every 20m,Weekday,£2.70,"7, 6A"
21,Inbound,1,"Film Theatre, Shelton",11:43,11:45,Every 20m,Weekday,£1.20,None
21,Inbound,2,"Seaford Street, Shelton",11:58,12:00,Every 20m,Weekday,£1.50,None
21,Inbound,3,"Wellesley Street, Hanley",12:13,12:15,Every 20m,Weekday,£1.50,None
21,Inbound,4,"Hanley, Stop S1",12:28,12:30,Every 20m,Weekday,£1.80,None
21,Inbound,5,Hanley Bus Station,12:43,12:45,Every 20m,Weekday,£2.00,None
21,Inbound,6,"Harding Road, Hanley",12:58,13:00,Every 20m,Weekday,£2.30,None
21,Inbound,7,Hanley Bus Station,13:13,13:15,Every 20m,Weekday,£2.70,"7, 6A"
21,Inbound,1,"Film Theatre, Shelton",11:58,12:00,Every 20m,Weekday,£1.20,None
21,Inbound,2,"Seaford Street, Shelton",12:13,12:15,Every 20m,Weekday,£1.50,None
21,Inbound,3,"Wellesley Street, Hanley",12:28,12:30,Every 20m,Weekday,£1.50,None
21,Inbound,4,"Hanley, Stop S1",12:43,12:45,Every 20m,Weekday,£1.80,None
21,Inbound,5,Hanley Bus Station,12:58,13:00,Every 20m,Weekday,£2.00,None
21,Inbound,6,"Harding Road, Hanley",13:13,13:15,Every 20m,Weekday,£2.30,None
21,Inbound,7,Hanley Bus Station,13:28,13:30,Every 20m,Weekday,£2.70,"7, 6A"
21,Inbound,1,"Film Theatre, Shelton",12:13,12:15,Every 20m,Weekday,£1.20,None
21,Inbound,2,"Seaford Street, Shelton",12:28,12:30,Every 20m,Weekday,£1.50,None
21,Inbound,3,"Wellesley Street, Hanley",12:43,12:45,Every 20m,Weekday,£1.50,None
21,Inbound,4,"Hanley, Stop S1",12:58,13:00,Every 20m,Weekday,£1.80,None
21,Inbound,5,Hanley Bus Station,13:13,13:15,Every 20m,Weekday,£2.00,None
21,Inbound,6,"Harding Road, Hanley",13:28,13:30,Every 20m,Weekday,£2.30,None
21,Inbound,7,Hanley Bus Station,13:43,13:45,Every 20m,Weekday,£2.70,"7, 6A"
21,Inbound,1,"Film Theatre, Shelton",12:28,12:30,Every 20m,Weekday,£1.20,None
21,Inbound,2,"Seaford Street, Shelton",12:43,12:45,Every 20m,Weekday,£1.50,None
21,Inbound,3,"Wellesley Street, Hanley",12:58,13:00,Every 20m,Weekday,£1.50,None
21,Inbound,4,"Hanley, Stop S1",13:13,13:15,Every 20m,Weekday,£1.80,None
21,Inbound,5,Hanley Bus Station,13:28,13:30,Every 20m,Weekday,£2.00,None
21,Inbound,6,"Harding Road, Hanley",13:43,13:45,Every 20m,Weekday,£2.30,None
21,Inbound,7,Hanley Bus Station,13:58,14:00,Every 20m,Weekday,£2.70,"7, 6A"
21,Inbound,1,"Film Theatre, Shelton",12:43,12:45,Every 20m,Weekday,£1.20,None
21,Inbound,2,"Seaford Street, Shelton",12:58,13:00,Every 20m,Weekday,£1.50,None
21,Inbound,3,"Wellesley Street, Hanley",13:13,13:15,Every 20m,Weekday,£1.50,None
21,Inbound,4,"Hanley, Stop S1",13:28,13:30,Every 20m,Weekday,£1.80,None
21,Inbound,5,Hanley Bus Station,13:43,13:45,Every 20m,Weekday,£2.00,None
21,Inbound,6,"Harding Road, Hanley",13:58,14:00,Every 20m,Weekday,£2.30,None
21,Inbound,7,Hanley Bus Station,14:13,14:15,Every 20m,Weekday,£2.70,"7, 6A"
21,Inbound,1,"Film Theatre, Shelton",12:58,13:00,Every 20m,Weekday,£1.20,None
21,Inbound,2,"Seaford Street, Shelton",13:13,13:15,Every 20m,Weekday,£1.50,None
21,Inbound,3,"Wellesley Street, Hanley",13:28,13:30,Every 20m,Weekday,£1.50,None
21,Inbound,4,"Hanley, Stop S1",13:43,13:45,Every 20m,Weekday,£1.80,None
21,Inbound,5,Hanley Bus Station,13:58,14:00,Every 20m,Weekday,£2.00,None
21,Inbound,6,"Harding Road, Hanley",14:13,14:15,Every 20m,Weekday,£2.30,None
21,Inbound,7,Hanley Bus Station,14:28,14:30,Every 20m,Weekday,£2.70,"7, 6A"
21,Inbound,1,"Film Theatre, Shelton",13:13,13:15,Every 20m,Weekday,£1.20,None
21,Inbound,2,"Seaford Street, Shelton",13:28,13:30,Every 20m,Weekday,£1.50,None
21,Inbound,3,"Wellesley Street, Hanley",13:43,13:45,Every 20m,Weekday,£1.50,None
21,Inbound,4,"Hanley, Stop S1",13:58,14:00,Every 20m,Weekday,£1.80,None
21,Inbound,5,Hanley Bus Station,14:13,14:15,Every 20m,Weekday,£2.00,None
21,Inbound,6,"Harding Road, Hanley",14:28,14:30,Every 20m,Weekday,£2.30,None
21,Inbound,7,Hanley Bus Station,14:43,14:45,Every 20m,Weekday,£2.70,"7, 6A"
21,Inbound,1,"Film Theatre, Shelton",13:28,13:30,Every 20m,Weekday,£1.20,None
21,Inbound,2,"Seaford Street, Shelton",13:43,13:45,Every 20m,Weekday,£1.50,None
21,Inbound,3,"Wellesley Street, Hanley",13:58,14:00,Every 20m,Weekday,£1.50,None
21,Inbound,4,"Hanley, Stop S1",14:13,14:15,Every 20m,Weekday,£1.80,None
21,Inbound,5,Hanley Bus Station,14:28,14:30,Every 20m,Weekday,£2.00,None
21,Inbound,6,"Harding Road, Hanley",14:43,14:45,Every 20m,Weekday,£2.30,None
21,Inbound,7,Hanley Bus Station,14:58,15:00,Every 20m,Weekday,£2.70,"7, 6A"
21,Inbound,1,"Film Theatre, Shelton",13:43,13:45,Every 20m,Weekday,£1.20,None
21,Inbound,2,"Seaford Street, Shelton",13:58,14:00,Every 20m,Weekday,£1.50,None
21,Inbound,3,"Wellesley Street, Hanley",14:13,14:15,Every 20m,Weekday,£1.50,None
21,Inbound,4,"Hanley, Stop S1",14:28,14:30,Every 20m,Weekday,£1.80,None
21,Inbound,5,Hanley Bus Station,14:43,14:45,Every 20m,Weekday,£2.00,None
21,Inbound,6,"Harding Road, Hanley",14:58,15:00,Every 20m,Weekday,£2.30,None
21,Inbound,7,Hanley Bus Station,15:13,15:15,Every 20m,Weekday,£2.70,"7, 6A"
21,Inbound,1,"Film Theatre, Shelton",13:58,14:00,Every 20m,Weekday,£1.20,None
21,Inbound,2,"Seaford Street, Shelton",14:13,14:15,Every 20m,Weekday,£1.50,None
21,Inbound,3,"Wellesley Street, Hanley",14:28,14:30,Every 20m,Weekday,£1.50,None
21,Inbound,4,"Hanley, Stop S1",14:43,14:45,Every 20m,Weekday,£1.80,None
21,Inbound,5,Hanley Bus Station,14:58,15:00,Every 20m,Weekday,£2.00,None
21,Inbound,6,"Harding Road, Hanley",15:13,15:15,Every 20m,Weekday,£2.30,None
21,Inbound,7,Hanley Bus Station,15:28,15:30,Every 20m,Weekday,£2.70,"7, 6A"
21,Inbound,1,"Film Theatre, Shelton",14:13,14:15,Every 20m,Weekday,£1.20,None
21,Inbound,2,"Seaford Street, Shelton",14:28,14:30,Every 20m,Weekday,£1.50,None
21,Inbound,3,"Wellesley Street, Hanley",14:43,14:45,Every 20m,Weekday,£1.50,None
21,Inbound,4,"Hanley, Stop S1",14:58,15:00,Every 20m,Weekday,£1.80,None
21,Inbound,5,Hanley Bus Station,15:13,15:15,Every 20m,Weekday,£2.00,None
21,Inbound,6,"Harding Road, Hanley",15:28,15:30,Every 20m,Weekday,£2.30,None
21,Inbound,7,Hanley Bus Station,15:43,15:45,Every 20m,Weekday,£2.70,"7, 6A"
21,Inbound,1,"Film Theatre, Shelton",14:28,14:30,Every 20m,Weekday,£1.20,None
21,Inbound,2,"Seaford Street, Shelton",14:43,14:45,Every 20m,Weekday,£1.50,None
21,Inbound,3,"Wellesley Street, Hanley",14:58,15:00,Every 20m,Weekday,£1.50,None
21,Inbound,4,"Hanley, Stop S1",15:13,15:15,Every 20m,Weekday,£1.80,None
21,Inbound,5,Hanley Bus Station,15:28,15:30,Every 20m,Weekday,£2.00,None
21,Inbound,6,"Harding Road, Hanley",15:43,15:45,Every 20m,Weekday,£2.30,None
21,Inbound,7,Hanley Bus Station,15:58,16:00,Every 20m,Weekday,£2.70,"7, 6A"
21,Inbound,1,"Film Theatre, Shelton",14:43,14:45,Every 20m,Weekday,£1.20,None
21,Inbound,2,"Seaford Street, Shelton",14:58,15:00,Every 20m,Weekday,£1.50,None
21,Inbound,3,"Wellesley Street, Hanley",15:13,15:15,Every 20m,Weekday,£1.50,None
21,Inbound,4,"Hanley, Stop S1",15:28,15:30,Every 20m,Weekday,£1.80,None
21,Inbound,5,Hanley Bus Station,15:43,15:45,Every 20m,Weekday,£2.00,None
21,Inbound,6,"Harding Road, Hanley",15:58,16:00,Every 20m,Weekday,£2.30,None
21,Inbound,7,Hanley Bus Station,16:13,16:15,Every 20m,Weekday,£2.70,"7, 6A"
21,Inbound,1,"Film Theatre, Shelton",14:58,15:00,Every 20m,Weekday,£1.20,None
21,Inbound,2,"Seaford Street, Shelton",15:13,15:15,Every 20m,Weekday,£1.50,None
21,Inbound,3,"Wellesley Street, Hanley",15:28,15:30,Every 20m,Weekday,£1.50,None
21,Inbound,4,"Hanley, Stop S1",15:43,15:45,Every 20m,Weekday,£1.80,None
21,Inbound,5,Hanley Bus Station,15:58,16:00,Every 20m,Weekday,£2.00,None
21,Inbound,6,"Harding Road, Hanley",16:13,16:15,Every 20m,Weekday,£2.30,None
21,Inbound,7,Hanley Bus Station,16:28,16:30,Every 20m,Weekday,£2.70,"7, 6A"
21,Inbound,1,"Film Theatre, Shelton",15:13,15:15,Every 20m,Weekday,£1.20,None
21,Inbound,2,"Seaford Street, Shelton",15:28,15:30,Every 20m,Weekday,£1.50,None
21,Inbound,3,"Wellesley Street, Hanley",15:43,15:45,Every 20m,Weekday,£1.50,None
21,Inbound,4,"Hanley, Stop S1",15:58,16:00,Every 20m,Weekday,£1.80,None
21,Inbound,5,Hanley Bus Station,16:13,16:15,Every 20m,Weekday,£2.00,None
21,Inbound,6,"Harding Road, Hanley",16:28,16:30,Every 20m,Weekday,£2.30,None
21,Inbound,7,Hanley Bus Station,16:43,16:45,Every 20m,Weekday,£2.70,"7, 6A"
21,Inbound,1,"Film Theatre, Shelton",15:28,15:30,Every 20m,Weekday,£1.20,None
21,Inbound,2,"Seaford Street, Shelton",15:43,15:45,Every 20m,Weekday,£1.50,None
21,Inbound,3,"Wellesley Street, Hanley",15:58,16:00,Every 20m,Weekday,£1.50,None
21,Inbound,4,"Hanley, Stop S1",16:13,16:15,Every 20m,Weekday,£1.80,None
21,Inbound,5,Hanley Bus Station,16:28,16:30,Every 20m,Weekday,£2.00,None
21,Inbound,6,"Harding Road, Hanley",16:43,16:45,Every 20m,Weekday,£2.30,None
21,Inbound,7,Hanley Bus Station,16:58,17:00,Every 20m,Weekday,£2.70,"7, 6A"
21,Inbound,1,"Film Theatre, Shelton",15:43,15:45,Every 20m,Weekday,£1.20,None
21,Inbound,2,"Seaford Street, Shelton",15:58,16:00,Every 20m,Weekday,£1.50,None
21,Inbound,3,"Wellesley Street, Hanley",16:13,16:15,Every 20m,Weekday,£1.50,None
21,Inbound,4,"Hanley, Stop S1",16:28,16:30,Every 20m,Weekday,£1.80,None
21,Inbound,5,Hanley Bus Station,16:43,16:45,Every 20m,Weekday,£2.00,None
21,Inbound,6,"Harding Road, Hanley",16:58,17:00,Every 20m,Weekday,£2.30,None
21,Inbound,7,Hanley Bus Station,17:13,17:15,Every 20m,Weekday,£2.70,"7, 6A"
21,Inbound,1,"Film Theatre, Shelton",15:58,16:00,Every 20m,Weekday,£1.20,None
21,Inbound,2,"Seaford Street, Shelton",16:13,16:15,Every 20m,Weekday,£1.50,None
21,Inbound,3,"Wellesley Street, Hanley",16:28,16:30,Every 20m,Weekday,£1.50,None
21,Inbound,4,"Hanley, Stop S1",16:43,16:45,Every 20m,Weekday,£1.80,None
21,Inbound,5,Hanley Bus Station,16:58,17:00,Every 20m,Weekday,£2.00,None
21,Inbound,6,"Harding Road, Hanley",17:13,17:15,Every 20m,Weekday,£2.30,None
21,Inbound,7,Hanley Bus Station,17:28,17:30,Every 20m,Weekday,£2.70,"7, 6A"
21,Inbound,1,"Film Theatre, Shelton",16:13,16:15,Every 20m,Weekday,£1.20,None
21,Inbound,2,"Seaford Street, Shelton",16:28,16:30,Every 20m,Weekday,£1.50,None
21,Inbound,3,"Wellesley Street, Hanley",16:43,16:45,Every 20m,Weekday,£1.50,None
21,Inbound,4,"Hanley, Stop S1",16:58,17:00,Every 20m,Weekday,£1.80,None
21,Inbound,5,Hanley Bus Station,17:13,17:15,Every 20m,Weekday,£2.00,None
21,Inbound,6,"Harding Road, Hanley",17:28,17:30,Every 20m,Weekday,£2.30,None
21,Inbound,7,Hanley Bus Station,17:43,17:45,Every 20m,Weekday,£2.70,"7, 6A"
21,Inbound,1,"Film Theatre, Shelton",16:28,16:30,Every 20m,Weekday,£1.20,None
21,Inbound,2,"Seaford Street, Shelton",16:43,16:45,Every 20m,Weekday,£1.50,None
21,Inbound,3,"Wellesley Street, Hanley",16:58,17:00,Every 20m,Weekday,£1.50,None
21,Inbound,4,"Hanley, Stop S1",17:13,17:15,Every 20m,Weekday,£1.80,None
21,Inbound,5,Hanley Bus Station,17:28,17:30,Every 20m,Weekday,£2.00,None
21,Inbound,6,"Harding Road, Hanley",17:43,17:45,Every 20m,Weekday,£2.30,None
21,Inbound,7,Hanley Bus Station,17:58,18:00,Every 20m,Weekday,£2.70,"7, 6A"
21,Inbound,1,"Film Theatre, Shelton",16:43,16:45,Every 20m,Weekday,£1.20,None
21,Inbound,2,"Seaford Street, Shelton",16:58,17:00,Every 20m,Weekday,£1.50,None
21,Inbound,3,"Wellesley Street, Hanley",17:13,17:15,Every 20m,Weekday,£1.50,None
21,Inbound,4,"Hanley, Stop S1",17:28,17:30,Every 20m,Weekday,£1.80,None
21,Inbound,5,Hanley Bus Station,17:43,17:45,Every 20m,Weekday,£2.00,None
21,Inbound,6,"Harding Road, Hanley",17:58,18:00,Every 20m,Weekday,£2.30,None
21,Inbound,7,Hanley Bus Station,18:13,18:15,Every 20m,Weekday,£2.70,"7, 6A"
21,Inbound,1,"Film Theatre, Shelton",16:58,17:00,Every 20m,Weekday,£1.20,None
21,Inbound,2,"Seaford Street, Shelton",17:13,17:15,Every 20m,Weekday,£1.50,None
21,Inbound,3,"Wellesley Street, Hanley",17:28,17:30,Every 20m,Weekday,£1.50,None
21,Inbound,4,"Hanley, Stop S1",17:43,17:45,Every 20m,Weekday,£1.80,None
21,Inbound,5,Hanley Bus Station,17:58,18:00,Every 20m,Weekday,£2.00,None
21,Inbound,6,"Harding Road, Hanley",18:13,18:15,Every 20m,Weekday,£2.30,None
21,Inbound,7,Hanley Bus Station,18:28,18:30,Every 20m,Weekday,£2.70,"7, 6A"
21,Inbound,1,"Film Theatre, Shelton",17:13,17:15,Every 20m,Weekday,£1.20,None
21,Inbound,2,"Seaford Street, Shelton",17:28,17:30,Every 20m,Weekday,£1.50,None
21,Inbound,3,"Wellesley Street, Hanley",17:43,17:45,Every 20m,Weekday,£1.50,None
21,Inbound,4,"Hanley, Stop S1",17:58,18:00,Every 20m,Weekday,£1.80,None
21,Inbound,5,Hanley Bus Station,18:13,18:15,Every 20m,Weekday,£2.00,None
21,Inbound,6,"Harding Road, Hanley",18:28,18:30,Every 20m,Weekday,£2.30,None
21,Inbound,7,Hanley Bus Station,18:43,18:45,Every 20m,Weekday,£2.70,"7, 6A"
21,Inbound,1,"Film Theatre, Shelton",17:28,17:30,Every 20m,Weekday,£1.20,None
21,Inbound,2,"Seaford Street, Shelton",17:43,17:45,Every 20m,Weekday,£1.50,None
21,Inbound,3,"Wellesley Street, Hanley",17:58,18:00,Every 20m,Weekday,£1.50,None
21,Inbound,4,"Hanley, Stop S1",18:13,18:15,Every 20m,Weekday,£1.80,None
21,Inbound,5,Hanley Bus Station,18:28,18:30,Every 20m,Weekday,£2.00,None
21,Inbound,6,"Harding Road, Hanley",18:43,18:45,Every 20m,Weekday,£2.30,None
21,Inbound,7,Hanley Bus Station,18:58,19:00,Every 20m,Weekday,£2.70,"7, 6A"
21,Inbound,1,"Film Theatre, Shelton",17:43,17:45,Every 20m,Weekday,£1.20,None
21,Inbound,2,"Seaford Street, Shelton",17:58,18:00,Every 20m,Weekday,£1.50,None
21,Inbound,3,"Wellesley Street, Hanley",18:13,18:15,Every 20m,Weekday,£1.50,None
21,Inbound,4,"Hanley, Stop S1",18:28,18:30,Every 20m,Weekday,£1.80,None
21,Inbound,5,Hanley Bus Station,18:43,18:45,Every 20m,Weekday,£2.00,None
21,Inbound,6,"Harding Road, Hanley",18:58,19:00,Every 20m,Weekday,£2.30,None
21,Inbound,7,Hanley Bus Station,19:13,19:15,Every 20m,Weekday,£2.70,"7, 6A"
21,Inbound,1,"Film Theatre, Shelton",17:58,18:00,Every 20m,Weekday,£1.20,None
21,Inbound,2,"Seaford Street, Shelton",18:13,18:15,Every 20m,Weekday,£1.50,None
21,Inbound,3,"Wellesley Street, Hanley",18:28,18:30,Every 20m,Weekday,£1.50,None
21,Inbound,4,"Hanley, Stop S1",18:43,18:45,Every 20m,Weekday,£1.80,None
21,Inbound,5,Hanley Bus Station,18:58,19:00,Every 20m,Weekday,£2.00,None
21,Inbound,6,"Harding Road, Hanley",19:13,19:15,Every 20m,Weekday,£2.30,None
21,Inbound,7,Hanley Bus Station,19:28,19:30,Every 20m,Weekday,£2.70,"7, 6A"
21,Inbound,1,"Film Theatre, Shelton",18:13,18:15,Every 20m,Weekday,£1.20,None
21,Inbound,2,"Seaford Street, Shelton",18:28,18:30,Every 20m,Weekday,£1.50,None
21,Inbound,3,"Wellesley Street, Hanley",18:43,18:45,Every 20m,Weekday,£1.50,None
21,Inbound,4,"Hanley, Stop S1",18:58,19:00,Every 20m,Weekday,£1.80,None
21,Inbound,5,Hanley Bus Station,19:13,19:15,Every 20m,Weekday,£2.00,None
21,Inbound,6,"Harding Road, Hanley",19:28,19:30,Every 20m,Weekday,£2.30,None
21,Inbound,7,Hanley Bus Station,19:43,19:45,Every 20m,Weekday,£2.70,"7, 6A"
21,Inbound,1,"Film Theatre, Shelton",18:28,18:30,Every 20m,Weekday,£1.20,None
21,Inbound,2,"Seaford Street, Shelton",18:43,18:45,Every 20m,Weekday,£1.50,None
21,Inbound,3,"Wellesley Street, Hanley",18:58,19:00,Every 20m,Weekday,£1.50,None
21,Inbound,4,"Hanley, Stop S1",19:13,19:15,Every 20m,Weekday,£1.80,None
21,Inbound,5,Hanley Bus Station,19:28,19:30,Every 20m,Weekday,£2.00,None
21,Inbound,6,"Harding Road, Hanley",19:43,19:45,Every 20m,Weekday,£2.30,None
21,Inbound,7,Hanley Bus Station,19:58,20:00,Every 20m,Weekday,£2.70,"7, 6A"
21,Inbound,1,"Film Theatre, Shelton",18:43,18:45,Every 20m,Weekday,£1.20,None
21,Inbound,2,"Seaford Street, Shelton",18:58,19:00,Every 20m,Weekday,£1.50,None
21,Inbound,3,"Wellesley Street, Hanley",19:13,19:15,Every 20m,Weekday,£1.50,None
21,Inbound,4,"Hanley, Stop S1",19:28,19:30,Every 20m,Weekday,£1.80,None
21,Inbound,5,Hanley Bus Station,19:43,19:45,Every 20m,Weekday,£2.00,None
21,Inbound,6,"Harding Road, Hanley",19:58,20:00,Every 20m,Weekday,£2.30,None
21,Inbound,7,Hanley Bus Station,20:13,20:15,Every 20m,Weekday,£2.70,"7, 6A"
21,Inbound,1,"Film Theatre, Shelton",18:58,19:00,Every 20m,Weekday,£1.20,None
21,Inbound,2,"Seaford Street, Shelton",19:13,19:15,Every 20m,Weekday,£1.50,None
21,Inbound,3,"Wellesley Street, Hanley",19:28,19:30,Every 20m,Weekday,£1.50,None
21,Inbound,4,"Hanley, Stop S1",19:43,19:45,Every 20m,Weekday,£1.80,None
21,Inbound,5,Hanley Bus Station,19:58,20:00,Every 20m,Weekday,£2.00,None
21,Inbound,6,"Harding Road, Hanley",20:13,20:15,Every 20m,Weekday,£2.30,None
21,Inbound,7,Hanley Bus Station,20:28,20:30,Every 20m,Weekday,£2.70,"7, 6A"
21,Inbound,1,"Film Theatre, Shelton",19:13,19:15,Every 20m,Weekday,£1.20,None
21,Inbound,2,"Seaford Street, Shelton",19:28,19:30,Every 20m,Weekday,£1.50,None
21,Inbound,3,"Wellesley Street, Hanley",19:43,19:45,Every 20m,Weekday,£1.50,None
21,Inbound,4,"Hanley, Stop S1",19:58,20:00,Every 20m,Weekday,£1.80,None
21,Inbound,5,Hanley Bus Station,20:13,20:15,Every 20m,Weekday,£2.00,None
21,Inbound,6,"Harding Road, Hanley",20:28,20:30,Every 20m,Weekday,£2.30,None
21,Inbound,7,Hanley Bus Station,20:43,20:45,Every 20m,Weekday,£2.70,"7, 6A"
21,Inbound,1,"Film Theatre, Shelton",19:28,19:30,Every 20m,Weekday,£1.20,None
21,Inbound,2,"Seaford Street, Shelton",19:43,19:45,Every 20m,Weekday,£1.50,None
21,Inbound,3,"Wellesley Street, Hanley",19:58,20:00,Every 20m,Weekday,£1.50,None
21,Inbound,4,"Hanley, Stop S1",20:13,20:15,Every 20m,Weekday,£1.80,None
21,Inbound,5,Hanley Bus Station,20:28,20:30,Every 20m,Weekday,£2.00,None
21,Inbound,6,"Harding Road, Hanley",20:43,20:45,Every 20m,Weekday,£2.30,None
21,Inbound,7,Hanley Bus Station,20:58,21:00,Every 20m,Weekday,£2.70,"7, 6A"
21,Inbound,1,"Film Theatre, Shelton",19:43,19:45,Every 20m,Weekday,£1.20,None
21,Inbound,2,"Seaford Street, Shelton",19:58,20:00,Every 20m,Weekday,£1.50,None
21,Inbound,3,"Wellesley Street, Hanley",20:13,20:15,Every 20m,Weekday,£1.50,None
21,Inbound,4,"Hanley, Stop S1",20:28,20:30,Every 20m,Weekday,£1.80,None
21,Inbound,5,Hanley Bus Station,20:43,20:45,Every 20m,Weekday,£2.00,None
21,Inbound,6,"Harding Road, Hanley",20:58,21:00,Every 20m,Weekday,£2.30,None
21,Inbound,7,Hanley Bus Station,21:13,21:15,Every 20m,Weekday,£2.70,"7, 6A"
21,Inbound,1,"Film Theatre, Shelton",19:58,20:00,Every 20m,Weekday,£1.20,None
21,Inbound,2,"Seaford Street, Shelton",20:13,20:15,Every 20m,Weekday,£1.50,None
21,Inbound,3,"Wellesley Street, Hanley",20:28,20:30,Every 20m,Weekday,£1.50,None
21,Inbound,4,"Hanley, Stop S1",20:43,20:45,Every 20m,Weekday,£1.80,None
21,Inbound,5,Hanley Bus Station,20:58,21:00,Every 20m,Weekday,£2.00,None
21,Inbound,6,"Harding Road, Hanley",21:13,21:15,Every 20m,Weekday,£2.30,None
21,Inbound,7,Hanley Bus Station,21:28,21:30,Every 20m,Weekday,£2.70,"7, 6A"
21,Inbound,1,"Film Theatre, Shelton",20:13,20:15,Every 20m,Weekday,£1.20,None
21,Inbound,2,"Seaford Street, Shelton",20:28,20:30,Every 20m,Weekday,£1.50,None
21,Inbound,3,"Wellesley Street, Hanley",20:43,20:45,Every 20m,Weekday,£1.50,None
21,Inbound,4,"Hanley, Stop S1",20:58,21:00,Every 20m,Weekday,£1.80,None
21,Inbound,5,Hanley Bus Station,21:13,21:15,Every 20m,Weekday,£2.00,None
21,Inbound,6,"Harding Road, Hanley",21:28,21:30,Every 20m,Weekday,£2.30,None
21,Inbound,7,Hanley Bus Station,21:43,21:45,Every 20m,Weekday,£2.70,"7, 6A"
21,Inbound,1,"Film Theatre, Shelton",20:28,20:30,Every 20m,Weekday,£1.20,None
21,Inbound,2,"Seaford Street, Shelton",20:43,20:45,Every 20m,Weekday,£1.50,None
21,Inbound,3,"Wellesley Street, Hanley",20:58,21:00,Every 20m,Weekday,£1.50,None
21,Inbound,4,"Hanley, Stop S1",21:13,21:15,Every 20m,Weekday,£1.80,None
21,Inbound,5,Hanley Bus Station,21:28,21:30,Every 20m,Weekday,£2.00,None
21,Inbound,6,"Harding Road, Hanley",21:43,21:45,Every 20m,Weekday,£2.30,None
21,Inbound,7,Hanley Bus Station,21:58,22:00,Every 20m,Weekday,£2.70,"7, 6A"
21,Inbound,1,"Film Theatre, Shelton",20:43,20:45,Every 20m,Weekday,£1.20,None
21,Inbound,2,"Seaford Street, Shelton",20:58,21:00,Every 20m,Weekday,£1.50,None
21,Inbound,3,"Wellesley Street, Hanley",21:13,21:15,Every 20m,Weekday,£1.50,None
21,Inbound,4,"Hanley, Stop S1",21:28,21:30,Every 20m,Weekday,£1.80,None
21,Inbound,5,Hanley Bus Station,21:43,21:45,Every 20m,Weekday,£2.00,None
21,Inbound,6,"Harding Road, Hanley",21:58,22:00,Every 20m,Weekday,£2.30,None
21,Inbound,7,Hanley Bus Station,22:13,22:15,Every 20m,Weekday,£2.70,"7, 6A"
21,Inbound,1,"Film Theatre, Shelton",20:58,21:00,Every 20m,Weekday,£1.20,None
21,Inbound,2,"Seaford Street, Shelton",21:13,21:15,Every 20m,Weekday,£1.50,None
21,Inbound,3,"Wellesley Street, Hanley",21:28,21:30,Every 20m,Weekday,£1.50,None
21,Inbound,4,"Hanley, Stop S1",21:43,21:45,Every 20m,Weekday,£1.80,None
21,Inbound,5,Hanley Bus Station,21:58,22:00,Every 20m,Weekday,£2.00,None
21,Inbound,6,"Harding Road, Hanley",22:13,22:15,Every 20m,Weekday,£2.30,None
21,Inbound,7,Hanley Bus Station,22:28,22:30,Every 20m,Weekday,£2.70,"7, 6A"
21,Inbound,1,"Film Theatre, Shelton",21:13,21:15,Every 20m,Weekday,£1.20,None
21,Inbound,2,"Seaford Street, Shelton",21:28,21:30,Every 20m,Weekday,£1.50,None
21,Inbound,3,"Wellesley Street, Hanley",21:43,21:45,Every 20m,Weekday,£1.50,None
21,Inbound,4,"Hanley, Stop S1",21:58,22:00,Every 20m,Weekday,£1.80,None
21,Inbound,5,Hanley Bus Station,22:13,22:15,Every 20m,Weekday,£2.00,None
21,Inbound,6,"Harding Road, Hanley",22:28,22:30,Every 20m,Weekday,£2.30,None
21,Inbound,7,Hanley Bus Station,22:43,22:45,Every 20m,Weekday,£2.70,"7, 6A"
21,Inbound,1,"Film Theatre, Shelton",21:28,21:30,Every 20m,Weekday,£1.20,None
21,Inbound,2,"Seaford Street, Shelton",21:43,21:45,Every 20m,Weekday,£1.50,None
21,Inbound,3,"Wellesley Street, Hanley",21:58,22:00,Every 20m,Weekday,£1.50,None
21,Inbound,4,"Hanley, Stop S1",22:13,22:15,Every 20m,Weekday,£1.80,None
21,Inbound,5,Hanley Bus Station,22:28,22:30,Every 20m,Weekday,£2.00,None
21,Inbound,6,"Harding Road, Hanley",22:43,22:45,Every 20m,Weekday,£2.30,None
21,Inbound,7,Hanley Bus Station,22:58,23:00,Every 20m,Weekday,£2.70,"7, 6A"
21,Inbound,1,"Film Theatre, Shelton",21:43,21:45,Every 20m,Weekday,£1.20,None
21,Inbound,2,"Seaford Street, Shelton",21:58,22:00,Every 20m,Weekday,£1.50,None
21,Inbound,3,"Wellesley Street, Hanley",22:13,22:15,Every 20m,Weekday,£1.50,None
21,Inbound,4,"Hanley, Stop S1",22:28,22:30,Every 20m,Weekday,£1.80,None
21,Inbound,5,Hanley Bus Station,22:43,22:45,Every 20m,Weekday,£2.00,None
21,Inbound,6,"Harding Road, Hanley",22:58,23:00,Every 20m,Weekday,£2.30,None
21,Inbound,7,Hanley Bus Station,23:13,23:15,Every 20m,Weekday,£2.70,"7, 6A"
21,Inbound,1,"Film Theatre, Shelton",21:58,22:00,Every 20m,Weekday,£1.20,None
21,Inbound,2,"Seaford Street, Shelton",22:13,22:15,Every 20m,Weekday,£1.50,None
21,Inbound,3,"Wellesley Street, Hanley",22:28,22:30,Every 20m,Weekday,£1.50,None
21,Inbound,4,"Hanley, Stop S1",22:43,22:45,Every 20m,Weekday,£1.80,None
21,Inbound,5,Hanley Bus Station,22:58,23:00,Every 20m,Weekday,£2.00,None
21,Inbound,6,"Harding Road, Hanley",23:13,23:15,Every 20m,Weekday,£2.30,None
21,Inbound,7,Hanley Bus Station,23:28,23:30,Every 20m,Weekday,£2.70,"7, 6A"
21,Outbound,1,Hanley Bus Station,05:58,06:00,Every 20m,Weekday,£2.70,"7, 6A"
21,Outbound,2,"Harding Road, Hanley",06:10,06:12,Every 20m,Weekday,£2.30,None
21,Outbound,3,Hanley Bus Station,06:23,06:25,Every 20m,Weekday,£2.00,None
21,Outbound,4,"Hanley, Stop S1",06:38,06:40,Every 20m,Weekday,£1.80,None
21,Outbound,5,"Wellesley Street, Hanley",06:53,06:55,Every 20m,Weekday,£1.50,None
21,Outbound,6,"Seaford Street, Shelton",07:08,07:10,Every 20m,Weekday,£1.50,None
21,Outbound,7,"Film Theatre, Shelton",07:23,07:25,Every 20m,Weekday,£1.20,None
21,Outbound,1,Hanley Bus Station,06:13,06:15,Every 20m,Weekday,£2.70,"7, 6A"
21,Outbound,2,"Harding Road, Hanley",06:25,06:27,Every 20m,Weekday,£2.30,None
21,Outbound,3,Hanley Bus Station,06:38,06:40,Every 20m,Weekday,£2.00,None
21,Outbound,4,"Hanley, Stop S1",06:53,06:55,Every 20m,Weekday,£1.80,None
21,Outbound,5,"Wellesley Street, Hanley",07:08,07:10,Every 20m,Weekday,£1.50,None
21,Outbound,6,"Seaford Street, Shelton",07:23,07:25,Every 20m,Weekday,£1.50,None
21,Outbound,7,"Film Theatre, Shelton",07:38,07:40,Every 20m,Weekday,£1.20,None
21,Outbound,1,Hanley Bus Station,06:28,06:30,Every 20m,Weekday,£2.70,"7, 6A"
21,Outbound,2,"Harding Road, Hanley",06:40,06:42,Every 20m,Weekday,£2.30,None
21,Outbound,3,Hanley Bus Station,06:53,06:55,Every 20m,Weekday,£2.00,None
21,Outbound,4,"Hanley, Stop S1",07:08,07:10,Every 20m,Weekday,£1.80,None
21,Outbound,5,"Wellesley Street, Hanley",07:23,07:25,Every 20m,Weekday,£1.50,None
21,Outbound,6,"Seaford Street, Shelton",07:38,07:40,Every 20m,Weekday,£1.50,None
21,Outbound,7,"Film Theatre, Shelton",07:53,07:55,Every 20m,Weekday,£1.20,None
21,Outbound,1,Hanley Bus Station,06:43,06:45,Every 20m,Weekday,£2.70,"7, 6A"
21,Outbound,2,"Harding Road, Hanley",06:55,06:57,Every 20m,Weekday,£2.30,None
21,Outbound,3,Hanley Bus Station,07:08,07:10,Every 20m,Weekday,£2.00,None
21,Outbound,4,"Hanley, Stop S1",07:23,07:25,Every 20m,Weekday,£1.80,None
21,Outbound,5,"Wellesley Street, Hanley",07:38,07:40,Every 20m,Weekday,£1.50,None
21,Outbound,6,"Seaford Street, Shelton",07:53,07:55,Every 20m,Weekday,£1.50,None
21,Outbound,7,"Film Theatre, Shelton",08:08,08:10,Every 20m,Weekday,£1.20,None
21,Outbound,1,Hanley Bus Station,06:58,07:00,Every 20m,Weekday,£2.70,"7, 6A"
21,Outbound,2,"Harding Road, Hanley",07:10,07:12,Every 20m,Weekday,£2.30,None
21,Outbound,3,Hanley Bus Station,07:23,07:25,Every 20m,Weekday,£2.00,None
21,Outbound,4,"Hanley, Stop S1",07:38,07:40,Every 20m,Weekday,£1.80,None
21,Outbound,5,"Wellesley Street, Hanley",07:53,07:55,Every 20m,Weekday,£1.50,None
21,Outbound,6,"Seaford Street, Shelton",08:08,08:10,Every 20m,Weekday,£1.50,None
21,Outbound,7,"Film Theatre, Shelton",08:23,08:25,Every 20m,Weekday,£1.20,None
21,Outbound,1,Hanley Bus Station,07:13,07:15,Every 20m,Weekday,£2.70,"7, 6A"
21,Outbound,2,"Harding Road, Hanley",07:25,07:27,Every 20m,Weekday,£2.30,None
21,Outbound,3,Hanley Bus Station,07:38,07:40,Every 20m,Weekday,£2.00,None
21,Outbound,4,"Hanley, Stop S1",07:53,07:55,Every 20m,Weekday,£1.80,None
21,Outbound,5,"Wellesley Street, Hanley",08:08,08:10,Every 20m,Weekday,£1.50,None
21,Outbound,6,"Seaford Street, Shelton",08:23,08:25,Every 20m,Weekday,£1.50,None
21,Outbound,7,"Film Theatre, Shelton",08:38,08:40,Every 20m,Weekday,£1.20,None
21,Outbound,1,Hanley Bus Station,07:28,07:30,Every 20m,Weekday,£2.70,"7, 6A"
21,Outbound,2,"Harding Road, Hanley",07:40,07:42,Every 20m,Weekday,£2.30,None
21,Outbound,3,Hanley Bus Station,07:53,07:55,Every 20m,Weekday,£2.00,None
21,Outbound,4,"Hanley, Stop S1",08:08,08:10,Every 20m,Weekday,£1.80,None
21,Outbound,5,"Wellesley Street, Hanley",08:23,08:25,Every 20m,Weekday,£1.50,None
21,Outbound,6,"Seaford Street, Shelton",08:38,08:40,Every 20m,Weekday,£1.50,None
21,Outbound,7,"Film Theatre, Shelton",08:53,08:55,Every 20m,Weekday,£1.20,None
21,Outbound,1,Hanley Bus Station,07:43,07:45,Every 20m,Weekday,£2.70,"7, 6A"
21,Outbound,2,"Harding Road, Hanley",07:55,07:57,Every 20m,Weekday,£2.30,None
21,Outbound,3,Hanley Bus Station,08:08,08:10,Every 20m,Weekday,£2.00,None
21,Outbound,4,"Hanley, Stop S1",08:23,08:25,Every 20m,Weekday,£1.80,None
21,Outbound,5,"Wellesley Street, Hanley",08:38,08:40,Every 20m,Weekday,£1.50,None
21,Outbound,6,"Seaford Street, Shelton",08:53,08:55,Every 20m,Weekday,£1.50,None
21,Outbound,7,"Film Theatre, Shelton",09:08,09:10,Every 20m,Weekday,£1.20,None
21,Outbound,1,Hanley Bus Station,07:58,08:00,Every 20m,Weekday,£2.70,"7, 6A"
21,Outbound,2,"Harding Road, Hanley",08:10,08:12,Every 20m,Weekday,£2.30,None
21,Outbound,3,Hanley Bus Station,08:23,08:25,Every 20m,Weekday,£2.00,None
21,Outbound,4,"Hanley, Stop S1",08:38,08:40,Every 20m,Weekday,£1.80,None
21,Outbound,5,"Wellesley Street, Hanley",08:53,08:55,Every 20m,Weekday,£1.50,None
21,Outbound,6,"Seaford Street, Shelton",09:08,09:10,Every 20m,Weekday,£1.50,None
21,Outbound,7,"Film Theatre, Shelton",09:23,09:25,Every 20m,Weekday,£1.20,None
21,Outbound,1,Hanley Bus Station,08:13,08:15,Every 20m,Weekday,£2.70,"7, 6A"
21,Outbound,2,"Harding Road, Hanley",08:25,08:27,Every 20m,Weekday,£2.30,None
21,Outbound,3,Hanley Bus Station,08:38,08:40,Every 20m,Weekday,£2.00,None
21,Outbound,4,"Hanley, Stop S1",08:53,08:55,Every 20m,Weekday,£1.80,None
21,Outbound,5,"Wellesley Street, Hanley",09:08,09:10,Every 20m,Weekday,£1.50,None
21,Outbound,6,"Seaford Street, Shelton",09:23,09:25,Every 20m,Weekday,£1.50,None
21,Outbound,7,"Film Theatre, Shelton",09:38,09:40,Every 20m,Weekday,£1.20,None
21,Outbound,1,Hanley Bus Station,08:28,08:30,Every 20m,Weekday,£2.70,"7, 6A"
21,Outbound,2,"Harding Road, Hanley",08:40,08:42,Every 20m,Weekday,£2.30,None
21,Outbound,3,Hanley Bus Station,08:53,08:55,Every 20m,Weekday,£2.00,None
21,Outbound,4,"Hanley, Stop S1",09:08,09:10,Every 20m,Weekday,£1.80,None
21,Outbound,5,"Wellesley Street, Hanley",09:23,09:25,Every 20m,Weekday,£1.50,None
21,Outbound,6,"Seaford Street, Shelton",09:38,09:40,Every 20m,Weekday,£1.50,None
21,Outbound,7,"Film Theatre, Shelton",09:53,09:55,Every 20m,Weekday,£1.20,None
21,Outbound,1,Hanley Bus Station,08:43,08:45,Every 20m,Weekday,£2.70,"7, 6A"
21,Outbound,2,"Harding Road, Hanley",08:55,08:57,Every 20m,Weekday,£2.30,None
21,Outbound,3,Hanley Bus Station,09:08,09:10,Every 20m,Weekday,£2.00,None
21,Outbound,4,"Hanley, Stop S1",09:23,09:25,Every 20m,Weekday,£1.80,None
21,Outbound,5,"Wellesley Street, Hanley",09:38,09:40,Every 20m,Weekday,£1.50,None
21,Outbound,6,"Seaford Street, Shelton",09:53,09:55,Every 20m,Weekday,£1.50,None
21,Outbound,7,"Film Theatre, Shelton",10:08,10:10,Every 20m,Weekday,£1.20,None
21,Outbound,1,Hanley Bus Station,08:58,09:00,Every 20m,Weekday,£2.70,"7, 6A"
21,Outbound,2,"Harding Road, Hanley",09:10,09:12,Every 20m,Weekday,£2.30,None
21,Outbound,3,Hanley Bus Station,09:23,09:25,Every 20m,Weekday,£2.00,None
21,Outbound,4,"Hanley, Stop S1",09:38,09:40,Every 20m,Weekday,£1.80,None
21,Outbound,5,"Wellesley Street, Hanley",09:53,09:55,Every 20m,Weekday,£1.50,None
21,Outbound,6,"Seaford Street, Shelton",10:08,10:10,Every 20m,Weekday,£1.50,None
21,Outbound,7,"Film Theatre, Shelton",10:23,10:25,Every 20m,Weekday,£1.20,None
21,Outbound,1,Hanley Bus Station,09:13,09:15,Every 20m,Weekday,£2.70,"7, 6A"
21,Outbound,2,"Harding Road, Hanley",09:25,09:27,Every 20m,Weekday,£2.30,None
21,Outbound,3,Hanley Bus Station,09:38,09:40,Every 20m,Weekday,£2.00,None
21,Outbound,4,"Hanley, Stop S1",09:53,09:55,Every 20m,Weekday,£1.80,None
21,Outbound,5,"Wellesley Street, Hanley",10:08,10:10,Every 20m,Weekday,£1.50,None
21,Outbound,6,"Seaford Street, Shelton",10:23,10:25,Every 20m,Weekday,£1.50,None
21,Outbound,7,"Film Theatre, Shelton",10:38,10:40,Every 20m,Weekday,£1.20,None
21,Outbound,1,Hanley Bus Station,09:28,09:30,Every 20m,Weekday,£2.70,"7, 6A"
21,Outbound,2,"Harding Road, Hanley",09:40,09:42,Every 20m,Weekday,£2.30,None
21,Outbound,3,Hanley Bus Station,09:53,09:55,Every 20m,Weekday,£2.00,None
21,Outbound,4,"Hanley, Stop S1",10:08,10:10,Every 20m,Weekday,£1.80,None
21,Outbound,5,"Wellesley Street, Hanley",10:23,10:25,Every 20m,Weekday,£1.50,None
21,Outbound,6,"Seaford Street, Shelton",10:38,10:40,Every 20m,Weekday,£1.50,None
21,Outbound,7,"Film Theatre, Shelton",10:53,10:55,Every 20m,Weekday,£1.20,None
21,Outbound,1,Hanley Bus Station,09:43,09:45,Every 20m,Weekday,£2.70,"7, 6A"
21,Outbound,2,"Harding Road, Hanley",09:55,09:57,Every 20m,Weekday,£2.30,None
21,Outbound,3,Hanley Bus Station,10:08,10:10,Every 20m,Weekday,£2.00,None
21,Outbound,4,"Hanley, Stop S1",10:23,10:25,Every 20m,Weekday,£1.80,None
21,Outbound,5,"Wellesley Street, Hanley",10:38,10:40,Every 20m,Weekday,£1.50,None
21,Outbound,6,"Seaford Street, Shelton",10:53,10:55,Every 20m,Weekday,£1.50,None
21,Outbound,7,"Film Theatre, Shelton",11:08,11:10,Every 20m,Weekday,£1.20,None
21,Outbound,1,Hanley Bus Station,09:58,10:00,Every 20m,Weekday,£2.70,"7, 6A"
21,Outbound,2,"Harding Road, Hanley",10:10,10:12,Every 20m,Weekday,£2.30,None
21,Outbound,3,Hanley Bus Station,10:23,10:25,Every 20m,Weekday,£2.00,None
21,Outbound,4,"Hanley, Stop S1",10:38,10:40,Every 20m,Weekday,£1.80,None
21,Outbound,5,"Wellesley Street, Hanley",10:53,10:55,Every 20m,Weekday,£1.50,None
21,Outbound,6,"Seaford Street, Shelton",11:08,11:10,Every 20m,Weekday,£1.50,None
21,Outbound,7,"Film Theatre, Shelton",11:23,11:25,Every 20m,Weekday,£1.20,None
21,Outbound,1,Hanley Bus Station,10:13,10:15,Every 20m,Weekday,£2.70,"7, 6A"
21,Outbound,2,"Harding Road, Hanley",10:25,10:27,Every 20m,Weekday,£2.30,None
21,Outbound,3,Hanley Bus Station,10:38,10:40,Every 20m,Weekday,£2.00,None
21,Outbound,4,"Hanley, Stop S1",10:53,10:55,Every 20m,Weekday,£1.80,None
21,Outbound,5,"Wellesley Street, Hanley",11:08,11:10,Every 20m,Weekday,£1.50,None
21,Outbound,6,"Seaford Street, Shelton",11:23,11:25,Every 20m,Weekday,£1.50,None
21,Outbound,7,"Film Theatre, Shelton",11:38,11:40,Every 20m,Weekday,£1.20,None
21,Outbound,1,Hanley Bus Station,10:28,10:30,Every 20m,Weekday,£2.70,"7, 6A"
21,Outbound,2,"Harding Road, Hanley",10:40,10:42,Every 20m,Weekday,£2.30,None
21,Outbound,3,Hanley Bus Station,10:53,10:55,Every 20m,Weekday,£2.00,None
21,Outbound,4,"Hanley, Stop S1",11:08,11:10,Every 20m,Weekday,£1.80,None
21,Outbound,5,"Wellesley Street, Hanley",11:23,11:25,Every 20m,Weekday,£1.50,None
21,Outbound,6,"Seaford Street, Shelton",11:38,11:40,Every 20m,Weekday,£1.50,None
21,Outbound,7,"Film Theatre, Shelton",11:53,11:55,Every 20m,Weekday,£1.20,None
21,Outbound,1,Hanley Bus Station,10:43,10:45,Every 20m,Weekday,£2.70,"7, 6A"
21,Outbound,2,"Harding Road, Hanley",10:55,10:57,Every 20m,Weekday,£2.30,None
21,Outbound,3,Hanley Bus Station,11:08,11:10,Every 20m,Weekday,£2.00,None
21,Outbound,4,"Hanley, Stop S1",11:23,11:25,Every 20m,Weekday,£1.80,None
21,Outbound,5,"Wellesley Street, Hanley",11:38,11:40,Every 20m,Weekday,£1.50,None
21,Outbound,6,"Seaford Street, Shelton",11:53,11:55,Every 20m,Weekday,£1.50,None
21,Outbound,7,"Film Theatre, Shelton",12:08,12:10,Every 20m,Weekday,£1.20,None
21,Outbound,1,Hanley Bus Station,10:58,11:00,Every 20m,Weekday,£2.70,"7, 6A"
21,Outbound,2,"Harding Road, Hanley",11:10,11:12,Every 20m,Weekday,£2.30,None
21,Outbound,3,Hanley Bus Station,11:23,11:25,Every 20m,Weekday,£2.00,None
21,Outbound,4,"Hanley, Stop S1",11:38,11:40,Every 20m,Weekday,£1.80,None
21,Outbound,5,"Wellesley Street, Hanley",11:53,11:55,Every 20m,Weekday,£1.50,None
21,Outbound,6,"Seaford Street, Shelton",12:08,12:10,Every 20m,Weekday,£1.50,None
21,Outbound,7,"Film Theatre, Shelton",12:23,12:25,Every 20m,Weekday,£1.20,None
21,Outbound,1,Hanley Bus Station,11:13,11:15,Every 20m,Weekday,£2.70,"7, 6A"
21,Outbound,2,"Harding Road, Hanley",11:25,11:27,Every 20m,Weekday,£2.30,None
21,Outbound,3,Hanley Bus Station,11:38,11:40,Every 20m,Weekday,£2.00,None
21,Outbound,4,"Hanley, Stop S1",11:53,11:55,Every 20m,Weekday,£1.80,None
21,Outbound,5,"Wellesley Street, Hanley",12:08,12:10,Every 20m,Weekday,£1.50,None
21,Outbound,6,"Seaford Street, Shelton",12:23,12:25,Every 20m,Weekday,£1.50,None
21,Outbound,7,"Film Theatre, Shelton",12:38,12:40,Every 20m,Weekday,£1.20,None
21,Outbound,1,Hanley Bus Station,11:28,11:30,Every 20m,Weekday,£2.70,"7, 6A"
21,Outbound,2,"Harding Road, Hanley",11:40,11:42,Every 20m,Weekday,£2.30,None
21,Outbound,3,Hanley Bus Station,11:53,11:55,Every 20m,Weekday,£2.00,None
21,Outbound,4,"Hanley, Stop S1",12:08,12:10,Every 20m,Weekday,£1.80,None
21,Outbound,5,"Wellesley Street, Hanley",12:23,12:25,Every 20m,Weekday,£1.50,None
21,Outbound,6,"Seaford Street, Shelton",12:38,12:40,Every 20m,Weekday,£1.50,None
21,Outbound,7,"Film Theatre, Shelton",12:53,12:55,Every 20m,Weekday,£1.20,None
21,Outbound,1,Hanley Bus Station,11:43,11:45,Every 20m,Weekday,£2.70,"7, 6A"
21,Outbound,2,"Harding Road, Hanley",11:55,11:57,Every 20m,Weekday,£2.30,None
21,Outbound,3,Hanley Bus Station,12:08,12:10,Every 20m,Weekday,£2.00,None
21,Outbound,4,"Hanley, Stop S1",12:23,12:25,Every 20m,Weekday,£1.80,None
21,Outbound,5,"Wellesley Street, Hanley",12:38,12:40,Every 20m,Weekday,£1.50,None
21,Outbound,6,"Seaford Street, Shelton",12:53,12:55,Every 20m,Weekday,£1.50,None
21,Outbound,7,"Film Theatre, Shelton",13:08,13:10,Every 20m,Weekday,£1.20,None
21,Outbound,1,Hanley Bus Station,11:58,12:00,Every 20m,Weekday,£2.70,"7, 6A"
21,Outbound,2,"Harding Road, Hanley",12:10,12:12,Every 20m,Weekday,£2.30,None
21,Outbound,3,Hanley Bus Station,12:23,12:25,Every 20m,Weekday,£2.00,None
21,Outbound,4,"Hanley, Stop S1",12:38,12:40,Every 20m,Weekday,£1.80,None
21,Outbound,5,"Wellesley Street, Hanley",12:53,12:55,Every 20m,Weekday,£1.50,None
21,Outbound,6,"Seaford Street, Shelton",13:08,13:10,Every 20m,Weekday,£1.50,None
21,Outbound,7,"Film Theatre, Shelton",13:23,13:25,Every 20m,Weekday,£1.20,None
21,Outbound,1,Hanley Bus Station,12:13,12:15,Every 20m,Weekday,£2.70,"7, 6A"
21,Outbound,2,"Harding Road, Hanley",12:25,12:27,Every 20m,Weekday,£2.30,None
21,Outbound,3,Hanley Bus Station,12:38,12:40,Every 20m,Weekday,£2.00,None
21,Outbound,4,"Hanley, Stop S1",12:53,12:55,Every 20m,Weekday,£1.80,None
21,Outbound,5,"Wellesley Street, Hanley",13:08,13:10,Every 20m,Weekday,£1.50,None
21,Outbound,6,"Seaford Street, Shelton",13:23,13:25,Every 20m,Weekday,£1.50,None
21,Outbound,7,"Film Theatre, Shelton",13:38,13:40,Every 20m,Weekday,£1.20,None
21,Outbound,1,Hanley Bus Station,12:28,12:30,Every 20m,Weekday,£2.70,"7, 6A"
21,Outbound,2,"Harding Road, Hanley",12:40,12:42,Every 20m,Weekday,£2.30,None
21,Outbound,3,Hanley Bus Station,12:53,12:55,Every 20m,Weekday,£2.00,None
21,Outbound,4,"Hanley, Stop S1",13:08,13:10,Every 20m,Weekday,£1.80,None
21,Outbound,5,"Wellesley Street, Hanley",13:23,13:25,Every 20m,Weekday,£1.50,None
21,Outbound,6,"Seaford Street, Shelton",13:38,13:40,Every 20m,Weekday,£1.50,None
21,Outbound,7,"Film Theatre, Shelton",13:53,13:55,Every 20m,Weekday,£1.20,None
21,Outbound,1,Hanley Bus Station,12:43,12:45,Every 20m,Weekday,£2.70,"7, 6A"
21,Outbound,2,"Harding Road, Hanley",12:55,12:57,Every 20m,Weekday,£2.30,None
21,Outbound,3,Hanley Bus Station,13:08,13:10,Every 20m,Weekday,£2.00,None
21,Outbound,4,"Hanley, Stop S1",13:23,13:25,Every 20m,Weekday,£1.80,None
21,Outbound,5,"Wellesley Street, Hanley",13:38,13:40,Every 20m,Weekday,£1.50,None
21,Outbound,6,"Seaford Street, Shelton",13:53,13:55,Every 20m,Weekday,£1.50,None
21,Outbound,7,"Film Theatre, Shelton",14:08,14:10,Every 20m,Weekday,£1.20,None
21,Outbound,1,Hanley Bus Station,12:58,13:00,Every 20m,Weekday,£2.70,"7, 6A"
21,Outbound,2,"Harding Road, Hanley",13:10,13:12,Every 20m,Weekday,£2.30,None
21,Outbound,3,Hanley Bus Station,13:23,13:25,Every 20m,Weekday,£2.00,None
21,Outbound,4,"Hanley, Stop S1",13:38,13:40,Every 20m,Weekday,£1.80,None
21,Outbound,5,"Wellesley Street, Hanley",13:53,13:55,Every 20m,Weekday,£1.50,None
21,Outbound,6,"Seaford Street, Shelton",14:08,14:10,Every 20m,Weekday,£1.50,None
21,Outbound,7,"Film Theatre, Shelton",14:23,14:25,Every 20m,Weekday,£1.20,None
21,Outbound,1,Hanley Bus Station,13:13,13:15,Every 20m,Weekday,£2.70,"7, 6A"
21,Outbound,2,"Harding Road, Hanley",13:25,13:27,Every 20m,Weekday,£2.30,None
21,Outbound,3,Hanley Bus Station,13:38,13:40,Every 20m,Weekday,£2.00,None
21,Outbound,4,"Hanley, Stop S1",13:53,13:55,Every 20m,Weekday,£1.80,None
21,Outbound,5,"Wellesley Street, Hanley",14:08,14:10,Every 20m,Weekday,£1.50,None
21,Outbound,6,"Seaford Street, Shelton",14:23,14:25,Every 20m,Weekday,£1.50,None
21,Outbound,7,"Film Theatre, Shelton",14:38,14:40,Every 20m,Weekday,£1.20,None
21,Outbound,1,Hanley Bus Station,13:28,13:30,Every 20m,Weekday,£2.70,"7, 6A"
21,Outbound,2,"Harding Road, Hanley",13:40,13:42,Every 20m,Weekday,£2.30,None
21,Outbound,3,Hanley Bus Station,13:53,13:55,Every 20m,Weekday,£2.00,None
21,Outbound,4,"Hanley, Stop S1",14:08,14:10,Every 20m,Weekday,£1.80,None
21,Outbound,5,"Wellesley Street, Hanley",14:23,14:25,Every 20m,Weekday,£1.50,None
21,Outbound,6,"Seaford Street, Shelton",14:38,14:40,Every 20m,Weekday,£1.50,None
21,Outbound,7,"Film Theatre, Shelton",14:53,14:55,Every 20m,Weekday,£1.20,None
21,Outbound,1,Hanley Bus Station,13:43,13:45,Every 20m,Weekday,£2.70,"7, 6A"
21,Outbound,2,"Harding Road, Hanley",13:55,13:57,Every 20m,Weekday,£2.30,None
21,Outbound,3,Hanley Bus Station,14:08,14:10,Every 20m,Weekday,£2.00,None
21,Outbound,4,"Hanley, Stop S1",14:23,14:25,Every 20m,Weekday,£1.80,None
21,Outbound,5,"Wellesley Street, Hanley",14:38,14:40,Every 20m,Weekday,£1.50,None
21,Outbound,6,"Seaford Street, Shelton",14:53,14:55,Every 20m,Weekday,£1.50,None
21,Outbound,7,"Film Theatre, Shelton",15:08,15:10,Every 20m,Weekday,£1.20,None
21,Outbound,1,Hanley Bus Station,13:58,14:00,Every 20m,Weekday,£2.70,"7, 6A"
21,Outbound,2,"Harding Road, Hanley",14:10,14:12,Every 20m,Weekday,£2.30,None
21,Outbound,3,Hanley Bus Station,14:23,14:25,Every 20m,Weekday,£2.00,None
21,Outbound,4,"Hanley, Stop S1",14:38,14:40,Every 20m,Weekday,£1.80,None
21,Outbound,5,"Wellesley Street, Hanley",14:53,14:55,Every 20m,Weekday,£1.50,None
21,Outbound,6,"Seaford Street, Shelton",15:08,15:10,Every 20m,Weekday,£1.50,None
21,Outbound,7,"Film Theatre, Shelton",15:23,15:25,Every 20m,Weekday,£1.20,None
21,Outbound,1,Hanley Bus Station,14:13,14:15,Every 20m,Weekday,£2.70,"7, 6A"
21,Outbound,2,"Harding Road, Hanley",14:25,14:27,Every 20m,Weekday,£2.30,None
21,Outbound,3,Hanley Bus Station,14:38,14:40,Every 20m,Weekday,£2.00,None
21,Outbound,4,"Hanley, Stop S1",14:53,14:55,Every 20m,Weekday,£1.80,None
21,Outbound,5,"Wellesley Street, Hanley",15:08,15:10,Every 20m,Weekday,£1.50,None
21,Outbound,6,"Seaford Street, Shelton",15:23,15:25,Every 20m,Weekday,£1.50,None
21,Outbound,7,"Film Theatre, Shelton",15:38,15:40,Every 20m,Weekday,£1.20,None
21,Outbound,1,Hanley Bus Station,14:28,14:30,Every 20m,Weekday,£2.70,"7, 6A"
21,Outbound,2,"Harding Road, Hanley",14:40,14:42,Every 20m,Weekday,£2.30,None
21,Outbound,3,Hanley Bus Station,14:53,14:55,Every 20m,Weekday,£2.00,None
21,Outbound,4,"Hanley, Stop S1",15:08,15:10,Every 20m,Weekday,£1.80,None
21,Outbound,5,"Wellesley Street, Hanley",15:23,15:25,Every 20m,Weekday,£1.50,None
21,Outbound,6,"Seaford Street, Shelton",15:38,15:40,Every 20m,Weekday,£1.50,None
21,Outbound,7,"Film Theatre, Shelton",15:53,15:55,Every 20m,Weekday,£1.20,None
21,Outbound,1,Hanley Bus Station,14:43,14:45,Every 20m,Weekday,£2.70,"7, 6A"
21,Outbound,2,"Harding Road, Hanley",14:55,14:57,Every 20m,Weekday,£2.30,None
21,Outbound,3,Hanley Bus Station,15:08,15:10,Every 20m,Weekday,£2.00,None
21,Outbound,4,"Hanley, Stop S1",15:23,15:25,Every 20m,Weekday,£1.80,None
21,Outbound,5,"Wellesley Street, Hanley",15:38,15:40,Every 20m,Weekday,£1.50,None
21,Outbound,6,"Seaford Street, Shelton",15:53,15:55,Every 20m,Weekday,£1.50,None
21,Outbound,7,"Film Theatre, Shelton",16:08,16:10,Every 20m,Weekday,£1.20,None
21,Outbound,1,Hanley Bus Station,14:58,15:00,Every 20m,Weekday,£2.70,"7, 6A"
21,Outbound,2,"Harding Road, Hanley",15:10,15:12,Every 20m,Weekday,£2.30,None
21,Outbound,3,Hanley Bus Station,15:23,15:25,Every 20m,Weekday,£2.00,None
21,Outbound,4,"Hanley, Stop S1",15:38,15:40,Every 20m,Weekday,£1.80,None
21,Outbound,5,"Wellesley Street, Hanley",15:53,15:55,Every 20m,Weekday,£1.50,None
21,Outbound,6,"Seaford Street, Shelton",16:08,16:10,Every 20m,Weekday,£1.50,None
21,Outbound,7,"Film Theatre, Shelton",16:23,16:25,Every 20m,Weekday,£1.20,None
21,Outbound,1,Hanley Bus Station,15:13,15:15,Every 20m,Weekday,£2.70,"7, 6A"
21,Outbound,2,"Harding Road, Hanley",15:25,15:27,Every 20m,Weekday,£2.30,None
21,Outbound,3,Hanley Bus Station,15:38,15:40,Every 20m,Weekday,£2.00,None
21,Outbound,4,"Hanley, Stop S1",15:53,15:55,Every 20m,Weekday,£1.80,None
21,Outbound,5,"Wellesley Street, Hanley",16:08,16:10,Every 20m,Weekday,£1.50,None
21,Outbound,6,"Seaford Street, Shelton",16:23,16:25,Every 20m,Weekday,£1.50,None
21,Outbound,7,"Film Theatre, Shelton",16:38,16:40,Every 20m,Weekday,£1.20,None
21,Outbound,1,Hanley Bus Station,15:28,15:30,Every 20m,Weekday,£2.70,"7, 6A"
21,Outbound,2,"Harding Road, Hanley",15:40,15:42,Every 20m,Weekday,£2.30,None
21,Outbound,3,Hanley Bus Station,15:53,15:55,Every 20m,Weekday,£2.00,None
21,Outbound,4,"Hanley, Stop S1",16:08,16:10,Every 20m,Weekday,£1.80,None
21,Outbound,5,"Wellesley Street, Hanley",16:23,16:25,Every 20m,Weekday,£1.50,None
21,Outbound,6,"Seaford Street, Shelton",16:38,16:40,Every 20m,Weekday,£1.50,None
21,Outbound,7,"Film Theatre, Shelton",16:53,16:55,Every 20m,Weekday,£1.20,None
21,Outbound,1,Hanley Bus Station,15:43,15:45,Every 20m,Weekday,£2.70,"7, 6A"
21,Outbound,2,"Harding Road, Hanley",15:55,15:57,Every 20m,Weekday,£2.30,None
21,Outbound,3,Hanley Bus Station,16:08,16:10,Every 20m,Weekday,£2.00,None
21,Outbound,4,"Hanley, Stop S1",16:23,16:25,Every 20m,Weekday,£1.80,None
21,Outbound,5,"Wellesley Street, Hanley",16:38,16:40,Every 20m,Weekday,£1.50,None
21,Outbound,6,"Seaford Street, Shelton",16:53,16:55,Every 20m,Weekday,£1.50,None
21,Outbound,7,"Film Theatre, Shelton",17:08,17:10,Every 20m,Weekday,£1.20,None
21,Outbound,1,Hanley Bus Station,15:58,16:00,Every 20m,Weekday,£2.70,"7, 6A"
21,Outbound,2,"Harding Road, Hanley",16:10,16:12,Every 20m,Weekday,£2.30,None
21,Outbound,3,Hanley Bus Station,16:23,16:25,Every 20m,Weekday,£2.00,None
21,Outbound,4,"Hanley, Stop S1",16:38,16:40,Every 20m,Weekday,£1.80,None
21,Outbound,5,"Wellesley Street, Hanley",16:53,16:55,Every 20m,Weekday,£1.50,None
21,Outbound,6,"Seaford Street, Shelton",17:08,17:10,Every 20m,Weekday,£1.50,None
21,Outbound,7,"Film Theatre, Shelton",17:23,17:25,Every 20m,Weekday,£1.20,None
21,Outbound,1,Hanley Bus Station,16:13,16:15,Every 20m,Weekday,£2.70,"7, 6A"
21,Outbound,2,"Harding Road, Hanley",16:25,16:27,Every 20m,Weekday,£2.30,None
21,Outbound,3,Hanley Bus Station,16:38,16:40,Every 20m,Weekday,£2.00,None
21,Outbound,4,"Hanley, Stop S1",16:53,16:55,Every 20m,Weekday,£1.80,None
21,Outbound,5,"Wellesley Street, Hanley",17:08,17:10,Every 20m,Weekday,£1.50,None
21,Outbound,6,"Seaford Street, Shelton",17:23,17:25,Every 20m,Weekday,£1.50,None
21,Outbound,7,"Film Theatre, Shelton",17:38,17:40,Every 20m,Weekday,£1.20,None
21,Outbound,1,Hanley Bus Station,16:28,16:30,Every 20m,Weekday,£2.70,"7, 6A"
21,Outbound,2,"Harding Road, Hanley",16:40,16:42,Every 20m,Weekday,£2.30,None
21,Outbound,3,Hanley Bus Station,16:53,16:55,Every 20m,Weekday,£2.00,None
21,Outbound,4,"Hanley, Stop S1",17:08,17:10,Every 20m,Weekday,£1.80,None
21,Outbound,5,"Wellesley Street, Hanley",17:23,17:25,Every 20m,Weekday,£1.50,None
21,Outbound,6,"Seaford Street, Shelton",17:38,17:40,Every 20m,Weekday,£1.50,None
21,Outbound,7,"Film Theatre, Shelton",17:53,17:55,Every 20m,Weekday,£1.20,None
21,Outbound,1,Hanley Bus Station,16:43,16:45,Every 20m,Weekday,£2.70,"7, 6A"
21,Outbound,2,"Harding Road, Hanley",16:55,16:57,Every 20m,Weekday,£2.30,None
21,Outbound,3,Hanley Bus Station,17:08,17:10,Every 20m,Weekday,£2.00,None
21,Outbound,4,"Hanley, Stop S1",17:23,17:25,Every 20m,Weekday,£1.80,None
21,Outbound,5,"Wellesley Street, Hanley",17:38,17:40,Every 20m,Weekday,£1.50,None
21,Outbound,6,"Seaford Street, Shelton",17:53,17:55,Every 20m,Weekday,£1.50,None
21,Outbound,7,"Film Theatre, Shelton",18:08,18:10,Every 20m,Weekday,£1.20,None
21,Outbound,1,Hanley Bus Station,16:58,17:00,Every 20m,Weekday,£2.70,"7, 6A"
21,Outbound,2,"Harding Road, Hanley",17:10,17:12,Every 20m,Weekday,£2.30,None
21,Outbound,3,Hanley Bus Station,17:23,17:25,Every 20m,Weekday,£2.00,None
21,Outbound,4,"Hanley, Stop S1",17:38,17:40,Every 20m,Weekday,£1.80,None
21,Outbound,5,"Wellesley Street, Hanley",17:53,17:55,Every 20m,Weekday,£1.50,None
21,Outbound,6,"Seaford Street, Shelton",18:08,18:10,Every 20m,Weekday,£1.50,None
21,Outbound,7,"Film Theatre, Shelton",18:23,18:25,Every 20m,Weekday,£1.20,None
21,Outbound,1,Hanley Bus Station,17:13,17:15,Every 20m,Weekday,£2.70,"7, 6A"
21,Outbound,2,"Harding Road, Hanley",17:25,17:27,Every 20m,Weekday,£2.30,None
21,Outbound,3,Hanley Bus Station,17:38,17:40,Every 20m,Weekday,£2.00,None
21,Outbound,4,"Hanley, Stop S1",17:53,17:55,Every 20m,Weekday,£1.80,None
21,Outbound,5,"Wellesley Street, Hanley",18:08,18:10,Every 20m,Weekday,£1.50,None
21,Outbound,6,"Seaford Street, Shelton",18:23,18:25,Every 20m,Weekday,£1.50,None
21,Outbound,7,"Film Theatre, Shelton",18:38,18:40,Every 20m,Weekday,£1.20,None
21,Outbound,1,Hanley Bus Station,17:28,17:30,Every 20m,Weekday,£2.70,"7, 6A"
21,Outbound,2,"Harding Road, Hanley",17:40,17:42,Every 20m,Weekday,£2.30,None
21,Outbound,3,Hanley Bus Station,17:53,17:55,Every 20m,Weekday,£2.00,None
21,Outbound,4,"Hanley, Stop S1",18:08,18:10,Every 20m,Weekday,£1.80,None
21,Outbound,5,"Wellesley Street, Hanley",18:23,18:25,Every 20m,Weekday,£1.50,None
21,Outbound,6,"Seaford Street, Shelton",18:38,18:40,Every 20m,Weekday,£1.50,None
21,Outbound,7,"Film Theatre, Shelton",18:53,18:55,Every 20m,Weekday,£1.20,None
21,Outbound,1,Hanley Bus Station,17:43,17:45,Every 20m,Weekday,£2.70,"7, 6A"
21,Outbound,2,"Harding Road, Hanley",17:55,17:57,Every 20m,Weekday,£2.30,None
21,Outbound,3,Hanley Bus Station,18:08,18:10,Every 20m,Weekday,£2.00,None
21,Outbound,4,"Hanley, Stop S1",18:23,18:25,Every 20m,Weekday,£1.80,None
21,Outbound,5,"Wellesley Street, Hanley",18:38,18:40,Every 20m,Weekday,£1.50,None
21,Outbound,6,"Seaford Street, Shelton",18:53,18:55,Every 20m,Weekday,£1.50,None
21,Outbound,7,"Film Theatre, Shelton",19:08,19:10,Every 20m,Weekday,£1.20,None
21,Outbound,1,Hanley Bus Station,17:58,18:00,Every 20m,Weekday,£2.70,"7, 6A"
21,Outbound,2,"Harding Road, Hanley",18:10,18:12,Every 20m,Weekday,£2.30,None
21,Outbound,3,Hanley Bus Station,18:23,18:25,Every 20m,Weekday,£2.00,None
21,Outbound,4,"Hanley, Stop S1",18:38,18:40,Every 20m,Weekday,£1.80,None
21,Outbound,5,"Wellesley Street, Hanley",18:53,18:55,Every 20m,Weekday,£1.50,None
21,Outbound,6,"Seaford Street, Shelton",19:08,19:10,Every 20m,Weekday,£1.50,None
21,Outbound,7,"Film Theatre, Shelton",19:23,19:25,Every 20m,Weekday,£1.20,None
21,Outbound,1,Hanley Bus Station,18:13,18:15,Every 20m,Weekday,£2.70,"7, 6A"
21,Outbound,2,"Harding Road, Hanley",18:25,18:27,Every 20m,Weekday,£2.30,None
21,Outbound,3,Hanley Bus Station,18:38,18:40,Every 20m,Weekday,£2.00,None
21,Outbound,4,"Hanley, Stop S1",18:53,18:55,Every 20m,Weekday,£1.80,None
21,Outbound,5,"Wellesley Street, Hanley",19:08,19:10,Every 20m,Weekday,£1.50,None
21,Outbound,6,"Seaford Street, Shelton",19:23,19:25,Every 20m,Weekday,£1.50,None
21,Outbound,7,"Film Theatre, Shelton",19:38,19:40,Every 20m,Weekday,£1.20,None
21,Outbound,1,Hanley Bus Station,18:28,18:30,Every 20m,Weekday,£2.70,"7, 6A"
21,Outbound,2,"Harding Road, Hanley",18:40,18:42,Every 20m,Weekday,£2.30,None
21,Outbound,3,Hanley Bus Station,18:53,18:55,Every 20m,Weekday,£2.00,None
21,Outbound,4,"Hanley, Stop S1",19:08,19:10,Every 20m,Weekday,£1.80,None
21,Outbound,5,"Wellesley Street, Hanley",19:23,19:25,Every 20m,Weekday,£1.50,None
21,Outbound,6,"Seaford Street, Shelton",19:38,19:40,Every 20m,Weekday,£1.50,None
21,Outbound,7,"Film Theatre, Shelton",19:53,19:55,Every 20m,Weekday,£1.20,None
21,Outbound,1,Hanley Bus Station,18:43,18:45,Every 20m,Weekday,£2.70,"7, 6A"
21,Outbound,2,"Harding Road, Hanley",18:55,18:57,Every 20m,Weekday,£2.30,None
21,Outbound,3,Hanley Bus Station,19:08,19:10,Every 20m,Weekday,£2.00,None
21,Outbound,4,"Hanley, Stop S1",19:23,19:25,Every 20m,Weekday,£1.80,None
21,Outbound,5,"Wellesley Street, Hanley",19:38,19:40,Every 20m,Weekday,£1.50,None
21,Outbound,6,"Seaford Street, Shelton",19:53,19:55,Every 20m,Weekday,£1.50,None
21,Outbound,7,"Film Theatre, Shelton",20:08,20:10,Every 20m,Weekday,£1.20,None
21,Outbound,1,Hanley Bus Station,18:58,19:00,Every 20m,Weekday,£2.70,"7, 6A"
21,Outbound,2,"Harding Road, Hanley",19:10,19:12,Every 20m,Weekday,£2.30,None
21,Outbound,3,Hanley Bus Station,19:23,19:25,Every 20m,Weekday,£2.00,None
21,Outbound,4,"Hanley, Stop S1",19:38,19:40,Every 20m,Weekday,£1.80,None
21,Outbound,5,"Wellesley Street, Hanley",19:53,19:55,Every 20m,Weekday,£1.50,None
21,Outbound,6,"Seaford Street, Shelton",20:08,20:10,Every 20m,Weekday,£1.50,None
21,Outbound,7,"Film Theatre, Shelton",20:23,20:25,Every 20m,Weekday,£1.20,None
21,Outbound,1,Hanley Bus Station,19:13,19:15,Every 20m,Weekday,£2.70,"7, 6A"
21,Outbound,2,"Harding Road, Hanley",19:25,19:27,Every 20m,Weekday,£2.30,None
21,Outbound,3,Hanley Bus Station,19:38,19:40,Every 20m,Weekday,£2.00,None
21,Outbound,4,"Hanley, Stop S1",19:53,19:55,Every 20m,Weekday,£1.80,None
21,Outbound,5,"Wellesley Street, Hanley",20:08,20:10,Every 20m,Weekday,£1.50,None
21,Outbound,6,"Seaford Street, Shelton",20:23,20:25,Every 20m,Weekday,£1.50,None
21,Outbound,7,"Film Theatre, Shelton",20:38,20:40,Every 20m,Weekday,£1.20,None
21,Outbound,1,Hanley Bus Station,19:28,19:30,Every 20m,Weekday,£2.70,"7, 6A"
21,Outbound,2,"Harding Road, Hanley",19:40,19:42,Every 20m,Weekday,£2.30,None
21,Outbound,3,Hanley Bus Station,19:53,19:55,Every 20m,Weekday,£2.00,None
21,Outbound,4,"Hanley, Stop S1",20:08,20:10,Every 20m,Weekday,£1.80,None
21,Outbound,5,"Wellesley Street, Hanley",20:23,20:25,Every 20m,Weekday,£1.50,None
21,Outbound,6,"Seaford Street, Shelton",20:38,20:40,Every 20m,Weekday,£1.50,None
21,Outbound,7,"Film Theatre, Shelton",20:53,20:55,Every 20m,Weekday,£1.20,None
21,Outbound,1,Hanley Bus Station,19:43,19:45,Every 20m,Weekday,£2.70,"7, 6A"
21,Outbound,2,"Harding Road, Hanley",19:55,19:57,Every 20m,Weekday,£2.30,None
21,Outbound,3,Hanley Bus Station,20:08,20:10,Every 20m,Weekday,£2.00,None
21,Outbound,4,"Hanley, Stop S1",20:23,20:25,Every 20m,Weekday,£1.80,None
21,Outbound,5,"Wellesley Street, Hanley",20:38,20:40,Every 20m,Weekday,£1.50,None
21,Outbound,6,"Seaford Street, Shelton",20:53,20:55,Every 20m,Weekday,£1.50,None
21,Outbound,7,"Film Theatre, Shelton",21:08,21:10,Every 20m,Weekday,£1.20,None
21,Outbound,1,Hanley Bus Station,19:58,20:00,Every 20m,Weekday,£2.70,"7, 6A"
21,Outbound,2,"Harding Road, Hanley",20:10,20:12,Every 20m,Weekday,£2.30,None
21,Outbound,3,Hanley Bus Station,20:23,20:25,Every 20m,Weekday,£2.00,None
21,Outbound,4,"Hanley, Stop S1",20:38,20:40,Every 20m,Weekday,£1.80,None
21,Outbound,5,"Wellesley Street, Hanley",20:53,20:55,Every 20m,Weekday,£1.50,None
21,Outbound,6,"Seaford Street, Shelton",21:08,21:10,Every 20m,Weekday,£1.50,None
21,Outbound,7,"Film Theatre, Shelton",21:23,21:25,Every 20m,Weekday,£1.20,None
21,Outbound,1,Hanley Bus Station,20:13,20:15,Every 20m,Weekday,£2.70,"7, 6A"
21,Outbound,2,"Harding Road, Hanley",20:25,20:27,Every 20m,Weekday,£2.30,None
21,Outbound,3,Hanley Bus Station,20:38,20:40,Every 20m,Weekday,£2.00,None
21,Outbound,4,"Hanley, Stop S1",20:53,20:55,Every 20m,Weekday,£1.80,None
21,Outbound,5,"Wellesley Street, Hanley",21:08,21:10,Every 20m,Weekday,£1.50,None
21,Outbound,6,"Seaford Street, Shelton",21:23,21:25,Every 20m,Weekday,£1.50,None
21,Outbound,7,"Film Theatre, Shelton",21:38,21:40,Every 20m,Weekday,£1.20,None
21,Outbound,1,Hanley Bus Station,20:28,20:30,Every 20m,Weekday,£2.70,"7, 6A"
21,Outbound,2,"Harding Road, Hanley",20:40,20:42,Every 20m,Weekday,£2.30,None
21,Outbound,3,Hanley Bus Station,20:53,20:55,Every 20m,Weekday,£2.00,None
21,Outbound,4,"Hanley, Stop S1",21:08,21:10,Every 20m,Weekday,£1.80,None
21,Outbound,5,"Wellesley Street, Hanley",21:23,21:25,Every 20m,Weekday,£1.50,None
21,Outbound,6,"Seaford Street, Shelton",21:38,21:40,Every 20m,Weekday,£1.50,None
21,Outbound,7,"Film Theatre, Shelton",21:53,21:55,Every 20m,Weekday,£1.20,None
21,Outbound,1,Hanley Bus Station,20:43,20:45,Every 20m,Weekday,£2.70,"7, 6A"
21,Outbound,2,"Harding Road, Hanley",20:55,20:57,Every 20m,Weekday,£2.30,None
21,Outbound,3,Hanley Bus Station,21:08,21:10,Every 20m,Weekday,£2.00,None
21,Outbound,4,"Hanley, Stop S1",21:23,21:25,Every 20m,Weekday,£1.80,None
21,Outbound,5,"Wellesley Street, Hanley",21:38,21:40,Every 20m,Weekday,£1.50,None
21,Outbound,6,"Seaford Street, Shelton",21:53,21:55,Every 20m,Weekday,£1.50,None
21,Outbound,7,"Film Theatre, Shelton",22:08,22:10,Every 20m,Weekday,£1.20,None
21,Outbound,1,Hanley Bus Station,20:58,21:00,Every 20m,Weekday,£2.70,"7, 6A"
21,Outbound,2,"Harding Road, Hanley",21:10,21:12,Every 20m,Weekday,£2.30,None
21,Outbound,3,Hanley Bus Station,21:23,21:25,Every 20m,Weekday,£2.00,None
21,Outbound,4,"Hanley, Stop S1",21:38,21:40,Every 20m,Weekday,£1.80,None
21,Outbound,5,"Wellesley Street, Hanley",21:53,21:55,Every 20m,Weekday,£1.50,None
21,Outbound,6,"Seaford Street, Shelton",22:08,22:10,Every 20m,Weekday,£1.50,None
21,Outbound,7,"Film Theatre, Shelton",22:23,22:25,Every 20m,Weekday,£1.20,None
21,Outbound,1,Hanley Bus Station,21:13,21:15,Every 20m,Weekday,£2.70,"7, 6A"
21,Outbound,2,"Harding Road, Hanley",21:25,21:27,Every 20m,Weekday,£2.30,None
21,Outbound,3,Hanley Bus Station,21:38,21:40,Every 20m,Weekday,£2.00,None
21,Outbound,4,"Hanley, Stop S1",21:53,21:55,Every 20m,Weekday,£1.80,None
21,Outbound,5,"Wellesley Street, Hanley",22:08,22:10,Every 20m,Weekday,£1.50,None
21,Outbound,6,"Seaford Street, Shelton",22:23,22:25,Every 20m,Weekday,£1.50,None
21,Outbound,7,"Film Theatre, Shelton",22:38,22:40,Every 20m,Weekday,£1.20,None
21,Outbound,1,Hanley Bus Station,21:28,21:30,Every 20m,Weekday,£2.70,"7, 6A"
21,Outbound,2,"Harding Road, Hanley",21:40,21:42,Every 20m,Weekday,£2.30,None
21,Outbound,3,Hanley Bus Station,21:53,21:55,Every 20m,Weekday,£2.00,None
21,Outbound,4,"Hanley, Stop S1",22:08,22:10,Every 20m,Weekday,£1.80,None
21,Outbound,5,"Wellesley Street, Hanley",22:23,22:25,Every 20m,Weekday,£1.50,None
21,Outbound,6,"Seaford Street, Shelton",22:38,22:40,Every 20m,Weekday,£1.50,None
21,Outbound,7,"Film Theatre, Shelton",22:53,22:55,Every 20m,Weekday,£1.20,None
21,Outbound,1,Hanley Bus Station,21:43,21:45,Every 20m,Weekday,£2.70,"7, 6A"
21,Outbound,2,"Harding Road, Hanley",21:55,21:57,Every 20m,Weekday,£2.30,None
21,Outbound,3,Hanley Bus Station,22:08,22:10,Every 20m,Weekday,£2.00,None
21,Outbound,4,"Hanley, Stop S1",22:23,22:25,Every 20m,Weekday,£1.80,None
21,Outbound,5,"Wellesley Street, Hanley",22:38,22:40,Every 20m,Weekday,£1.50,None
21,Outbound,6,"Seaford Street, Shelton",22:53,22:55,Every 20m,Weekday,£1.50,None
21,Outbound,7,"Film Theatre, Shelton",23:08,23:10,Every 20m,Weekday,£1.20,None
21,Outbound,1,Hanley Bus Station,21:58,22:00,Every 20m,Weekday,£2.70,"7, 6A"
21,Outbound,2,"Harding Road, Hanley",22:10,22:12,Every 20m,Weekday,£2.30,None
21,Outbound,3,Hanley Bus Station,22:23,22:25,Every 20m,Weekday,£2.00,None
21,Outbound,4,"Hanley, Stop S1",22:38,22:40,Every 20m,Weekday,£1.80,None
21,Outbound,5,"Wellesley Street, Hanley",22:53,22:55,Every 20m,Weekday,£1.50,None
21,Outbound,6,"Seaford Street, Shelton",23:08,23:10,Every 20m,Weekday,£1.50,None
21,Outbound,7,"Film Theatre, Shelton",23:23,23:25,Every 20m,Weekday,£1.20,None
23,Inbound,1,"Wimborne Avenue Shops, Blurton",05:58,06:00,Every 30m,Weekday,£1.20,None
23,Inbound,2,Newstead,06:13,06:15,Every 30m,Weekday,£1.50,None
23,Inbound,3,Blurton,06:28,06:30,Every 30m,Weekday,£1.80,None
23,Inbound,4,"City Road, Fenton",06:43,06:45,Every 30m,Weekday,£2.00,None
23,Inbound,5,Hanley Bus Station,06:58,07:00,Every 30m,Weekday,£2.50,"7, 21"
23,Inbound,1,"Wimborne Avenue Shops, Blurton",06:13,06:15,Every 30m,Weekday,£1.20,None
23,Inbound,2,Newstead,06:28,06:30,Every 30m,Weekday,£1.50,None
23,Inbound,3,Blurton,06:43,06:45,Every 30m,Weekday,£1.80,None
23,Inbound,4,"City Road, Fenton",06:58,07:00,Every 30m,Weekday,£2.00,None
23,Inbound,5,Hanley Bus Station,07:13,07:15,Every 30m,Weekday,£2.50,"7, 21"
23,Inbound,1,"Wimborne Avenue Shops, Blurton",06:28,06:30,Every 30m,Weekday,£1.20,None
23,Inbound,2,Newstead,06:43,06:45,Every 30m,Weekday,£1.50,None
23,Inbound,3,Blurton,06:58,07:00,Every 30m,Weekday,£1.80,None
23,Inbound,4,"City Road, Fenton",07:13,07:15,Every 30m,Weekday,£2.00,None
23,Inbound,5,Hanley Bus Station,07:28,07:30,Every 30m,Weekday,£2.50,"7, 21"
23,Inbound,1,"Wimborne Avenue Shops, Blurton",06:43,06:45,Every 30m,Weekday,£1.20,None
23,Inbound,2,Newstead,06:58,07:00,Every 30m,Weekday,£1.50,None
23,Inbound,3,Blurton,07:13,07:15,Every 30m,Weekday,£1.80,None
23,Inbound,4,"City Road, Fenton",07:28,07:30,Every 30m,Weekday,£2.00,None
23,Inbound,5,Hanley Bus Station,07:43,07:45,Every 30m,Weekday,£2.50,"7, 21"
23,Inbound,1,"Wimborne Avenue Shops, Blurton",06:58,07:00,Every 30m,Weekday,£1.20,None
23,Inbound,2,Newstead,07:13,07:15,Every 30m,Weekday,£1.50,None
23,Inbound,3,Blurton,07:28,07:30,Every 30m,Weekday,£1.80,None
23,Inbound,4,"City Road, Fenton",07:43,07:45,Every 30m,Weekday,£2.00,None
23,Inbound,5,Hanley Bus Station,07:58,08:00,Every 30m,Weekday,£2.50,"7, 21"
23,Inbound,1,"Wimborne Avenue Shops, Blurton",07:13,07:15,Every 30m,Weekday,£1.20,None
23,Inbound,2,Newstead,07:28,07:30,Every 30m,Weekday,£1.50,None
23,Inbound,3,Blurton,07:43,07:45,Every 30m,Weekday,£1.80,None
23,Inbound,4,"City Road, Fenton",07:58,08:00,Every 30m,Weekday,£2.00,None
23,Inbound,5,Hanley Bus Station,08:13,08:15,Every 30m,Weekday,£2.50,"7, 21"
23,Inbound,1,"Wimborne Avenue Shops, Blurton",07:28,07:30,Every 30m,Weekday,£1.20,None
23,Inbound,2,Newstead,07:43,07:45,Every 30m,Weekday,£1.50,None
23,Inbound,3,Blurton,07:58,08:00,Every 30m,Weekday,£1.80,None
23,Inbound,4,"City Road, Fenton",08:13,08:15,Every 30m,Weekday,£2.00,None
23,Inbound,5,Hanley Bus Station,08:28,08:30,Every 30m,Weekday,£2.50,"7, 21"
23,Inbound,1,"Wimborne Avenue Shops, Blurton",07:43,07:45,Every 30m,Weekday,£1.20,None
23,Inbound,2,Newstead,07:58,08:00,Every 30m,Weekday,£1.50,None
23,Inbound,3,Blurton,08:13,08:15,Every 30m,Weekday,£1.80,None
23,Inbound,4,"City Road, Fenton",08:28,08:30,Every 30m,Weekday,£2.00,None
23,Inbound,5,Hanley Bus Station,08:43,08:45,Every 30m,Weekday,£2.50,"7, 21"
23,Inbound,1,"Wimborne Avenue Shops, Blurton",07:58,08:00,Every 30m,Weekday,£1.20,None
23,Inbound,2,Newstead,08:13,08:15,Every 30m,Weekday,£1.50,None
23,Inbound,3,Blurton,08:28,08:30,Every 30m,Weekday,£1.80,None
23,Inbound,4,"City Road, Fenton",08:43,08:45,Every 30m,Weekday,£2.00,None
23,Inbound,5,Hanley Bus Station,08:58,09:00,Every 30m,Weekday,£2.50,"7, 21"
23,Inbound,1,"Wimborne Avenue Shops, Blurton",08:13,08:15,Every 30m,Weekday,£1.20,None
23,Inbound,2,Newstead,08:28,08:30,Every 30m,Weekday,£1.50,None
23,Inbound,3,Blurton,08:43,08:45,Every 30m,Weekday,£1.80,None
23,Inbound,4,"City Road, Fenton",08:58,09:00,Every 30m,Weekday,£2.00,None
23,Inbound,5,Hanley Bus Station,09:13,09:15,Every 30m,Weekday,£2.50,"7, 21"
23,Inbound,1,"Wimborne Avenue Shops, Blurton",08:28,08:30,Every 30m,Weekday,£1.20,None
23,Inbound,2,Newstead,08:43,08:45,Every 30m,Weekday,£1.50,None
23,Inbound,3,Blurton,08:58,09:00,Every 30m,Weekday,£1.80,None
23,Inbound,4,"City Road, Fenton",09:13,09:15,Every 30m,Weekday,£2.00,None
23,Inbound,5,Hanley Bus Station,09:28,09:30,Every 30m,Weekday,£2.50,"7, 21"
23,Inbound,1,"Wimborne Avenue Shops, Blurton",08:43,08:45,Every 30m,Weekday,£1.20,None
23,Inbound,2,Newstead,08:58,09:00,Every 30m,Weekday,£1.50,None
23,Inbound,3,Blurton,09:13,09:15,Every 30m,Weekday,£1.80,None
23,Inbound,4,"City Road, Fenton",09:28,09:30,Every 30m,Weekday,£2.00,None
23,Inbound,5,Hanley Bus Station,09:43,09:45,Every 30m,Weekday,£2.50,"7, 21"
23,Inbound,1,"Wimborne Avenue Shops, Blurton",08:58,09:00,Every 30m,Weekday,£1.20,None
23,Inbound,2,Newstead,09:13,09:15,Every 30m,Weekday,£1.50,None
23,Inbound,3,Blurton,09:28,09:30,Every 30m,Weekday,£1.80,None
23,Inbound,4,"City Road, Fenton",09:43,09:45,Every 30m,Weekday,£2.00,None
23,Inbound,5,Hanley Bus Station,09:58,10:00,Every 30m,Weekday,£2.50,"7, 21"
23,Inbound,1,"Wimborne Avenue Shops, Blurton",09:13,09:15,Every 30m,Weekday,£1.20,None
23,Inbound,2,Newstead,09:28,09:30,Every 30m,Weekday,£1.50,None
23,Inbound,3,Blurton,09:43,09:45,Every 30m,Weekday,£1.80,None
23,Inbound,4,"City Road, Fenton",09:58,10:00,Every 30m,Weekday,£2.00,None
23,Inbound,5,Hanley Bus Station,10:13,10:15,Every 30m,Weekday,£2.50,"7, 21"
23,Inbound,1,"Wimborne Avenue Shops, Blurton",09:28,09:30,Every 30m,Weekday,£1.20,None
23,Inbound,2,Newstead,09:43,09:45,Every 30m,Weekday,£1.50,None
23,Inbound,3,Blurton,09:58,10:00,Every 30m,Weekday,£1.80,None
23,Inbound,4,"City Road, Fenton",10:13,10:15,Every 30m,Weekday,£2.00,None
23,Inbound,5,Hanley Bus Station,10:28,10:30,Every 30m,Weekday,£2.50,"7, 21"
23,Inbound,1,"Wimborne Avenue Shops, Blurton",09:43,09:45,Every 30m,Weekday,£1.20,None
23,Inbound,2,Newstead,09:58,10:00,Every 30m,Weekday,£1.50,None
23,Inbound,3,Blurton,10:13,10:15,Every 30m,Weekday,£1.80,None
23,Inbound,4,"City Road, Fenton",10:28,10:30,Every 30m,Weekday,£2.00,None
23,Inbound,5,Hanley Bus Station,10:43,10:45,Every 30m,Weekday,£2.50,"7, 21"
23,Inbound,1,"Wimborne Avenue Shops, Blurton",09:58,10:00,Every 30m,Weekday,£1.20,None
23,Inbound,2,Newstead,10:13,10:15,Every 30m,Weekday,£1.50,None
23,Inbound,3,Blurton,10:28,10:30,Every 30m,Weekday,£1.80,None
23,Inbound,4,"City Road, Fenton",10:43,10:45,Every 30m,Weekday,£2.00,None
23,Inbound,5,Hanley Bus Station,10:58,11:00,Every 30m,Weekday,£2.50,"7, 21"
23,Inbound,1,"Wimborne Avenue Shops, Blurton",10:13,10:15,Every 30m,Weekday,£1.20,None
23,Inbound,2,Newstead,10:28,10:30,Every 30m,Weekday,£1.50,None
23,Inbound,3,Blurton,10:43,10:45,Every 30m,Weekday,£1.80,None
23,Inbound,4,"City Road, Fenton",10:58,11:00,Every 30m,Weekday,£2.00,None
23,Inbound,5,Hanley Bus Station,11:13,11:15,Every 30m,Weekday,£2.50,"7, 21"
23,Inbound,1,"Wimborne Avenue Shops, Blurton",10:28,10:30,Every 30m,Weekday,£1.20,None
23,Inbound,2,Newstead,10:43,10:45,Every 30m,Weekday,£1.50,None
23,Inbound,3,Blurton,10:58,11:00,Every 30m,Weekday,£1.80,None
23,Inbound,4,"City Road, Fenton",11:13,11:15,Every 30m,Weekday,£2.00,None
23,Inbound,5,Hanley Bus Station,11:28,11:30,Every 30m,Weekday,£2.50,"7, 21"
23,Inbound,1,"Wimborne Avenue Shops, Blurton",10:43,10:45,Every 30m,Weekday,£1.20,None
23,Inbound,2,Newstead,10:58,11:00,Every 30m,Weekday,£1.50,None
23,Inbound,3,Blurton,11:13,11:15,Every 30m,Weekday,£1.80,None
23,Inbound,4,"City Road, Fenton",11:28,11:30,Every 30m,Weekday,£2.00,None
23,Inbound,5,Hanley Bus Station,11:43,11:45,Every 30m,Weekday,£2.50,"7, 21"
23,Inbound,1,"Wimborne Avenue Shops, Blurton",10:58,11:00,Every 30m,Weekday,£1.20,None
23,Inbound,2,Newstead,11:13,11:15,Every 30m,Weekday,£1.50,None
23,Inbound,3,Blurton,11:28,11:30,Every 30m,Weekday,£1.80,None
23,Inbound,4,"City Road, Fenton",11:43,11:45,Every 30m,Weekday,£2.00,None
23,Inbound,5,Hanley Bus Station,11:58,12:00,Every 30m,Weekday,£2.50,"7, 21"
23,Inbound,1,"Wimborne Avenue Shops, Blurton",11:13,11:15,Every 30m,Weekday,£1.20,None
23,Inbound,2,Newstead,11:28,11:30,Every 30m,Weekday,£1.50,None
23,Inbound,3,Blurton,11:43,11:45,Every 30m,Weekday,£1.80,None
23,Inbound,4,"City Road, Fenton",11:58,12:00,Every 30m,Weekday,£2.00,None
23,Inbound,5,Hanley Bus Station,12:13,12:15,Every 30m,Weekday,£2.50,"7, 21"
23,Inbound,1,"Wimborne Avenue Shops, Blurton",11:28,11:30,Every 30m,Weekday,£1.20,None
23,Inbound,2,Newstead,11:43,11:45,Every 30m,Weekday,£1.50,None
23,Inbound,3,Blurton,11:58,12:00,Every 30m,Weekday,£1.80,None
23,Inbound,4,"City Road, Fenton",12:13,12:15,Every 30m,Weekday,£2.00,None
23,Inbound,5,Hanley Bus Station,12:28,12:30,Every 30m,Weekday,£2.50,"7, 21"
23,Inbound,1,"Wimborne Avenue Shops, Blurton",11:43,11:45,Every 30m,Weekday,£1.20,None
23,Inbound,2,Newstead,11:58,12:00,Every 30m,Weekday,£1.50,None
23,Inbound,3,Blurton,12:13,12:15,Every 30m,Weekday,£1.80,None
23,Inbound,4,"City Road, Fenton",12:28,12:30,Every 30m,Weekday,£2.00,None
23,Inbound,5,Hanley Bus Station,12:43,12:45,Every 30m,Weekday,£2.50,"7, 21"
23,Inbound,1,"Wimborne Avenue Shops, Blurton",11:58,12:00,Every 30m,Weekday,£1.20,None
23,Inbound,2,Newstead,12:13,12:15,Every 30m,Weekday,£1.50,None
23,Inbound,3,Blurton,12:28,12:30,Every 30m,Weekday,£1.80,None
23,Inbound,4,"City Road, Fenton",12:43,12:45,Every 30m,Weekday,£2.00,None
23,Inbound,5,Hanley Bus Station,12:58,13:00,Every 30m,Weekday,£2.50,"7, 21"
23,Inbound,1,"Wimborne Avenue Shops, Blurton",12:13,12:15,Every 30m,Weekday,£1.20,None
23,Inbound,2,Newstead,12:28,12:30,Every 30m,Weekday,£1.50,None
23,Inbound,3,Blurton,12:43,12:45,Every 30m,Weekday,£1.80,None
23,Inbound,4,"City Road, Fenton",12:58,13:00,Every 30m,Weekday,£2.00,None
23,Inbound,5,Hanley Bus Station,13:13,13:15,Every 30m,Weekday,£2.50,"7, 21"
23,Inbound,1,"Wimborne Avenue Shops, Blurton",12:28,12:30,Every 30m,Weekday,£1.20,None
23,Inbound,2,Newstead,12:43,12:45,Every 30m,Weekday,£1.50,None
23,Inbound,3,Blurton,12:58,13:00,Every 30m,Weekday,£1.80,None
23,Inbound,4,"City Road, Fenton",13:13,13:15,Every 30m,Weekday,£2.00,None
23,Inbound,5,Hanley Bus Station,13:28,13:30,Every 30m,Weekday,£2.50,"7, 21"
23,Inbound,1,"Wimborne Avenue Shops, Blurton",12:43,12:45,Every 30m,Weekday,£1.20,None
23,Inbound,2,Newstead,12:58,13:00,Every 30m,Weekday,£1.50,None
23,Inbound,3,Blurton,13:13,13:15,Every 30m,Weekday,£1.80,None
23,Inbound,4,"City Road, Fenton",13:28,13:30,Every 30m,Weekday,£2.00,None
23,Inbound,5,Hanley Bus Station,13:43,13:45,Every 30m,Weekday,£2.50,"7, 21"
23,Inbound,1,"Wimborne Avenue Shops, Blurton",12:58,13:00,Every 30m,Weekday,£1.20,None
23,Inbound,2,Newstead,13:13,13:15,Every 30m,Weekday,£1.50,None
23,Inbound,3,Blurton,13:28,13:30,Every 30m,Weekday,£1.80,None
23,Inbound,4,"City Road, Fenton",13:43,13:45,Every 30m,Weekday,£2.00,None
23,Inbound,5,Hanley Bus Station,13:58,14:00,Every 30m,Weekday,£2.50,"7, 21"
23,Inbound,1,"Wimborne Avenue Shops, Blurton",13:13,13:15,Every 30m,Weekday,£1.20,None
23,Inbound,2,Newstead,13:28,13:30,Every 30m,Weekday,£1.50,None
23,Inbound,3,Blurton,13:43,13:45,Every 30m,Weekday,£1.80,None
23,Inbound,4,"City Road, Fenton",13:58,14:00,Every 30m,Weekday,£2.00,None
23,Inbound,5,Hanley Bus Station,14:13,14:15,Every 30m,Weekday,£2.50,"7, 21"
23,Inbound,1,"Wimborne Avenue Shops, Blurton",13:28,13:30,Every 30m,Weekday,£1.20,None
23,Inbound,2,Newstead,13:43,13:45,Every 30m,Weekday,£1.50,None
23,Inbound,3,Blurton,13:58,14:00,Every 30m,Weekday,£1.80,None
23,Inbound,4,"City Road, Fenton",14:13,14:15,Every 30m,Weekday,£2.00,None
23,Inbound,5,Hanley Bus Station,14:28,14:30,Every 30m,Weekday,£2.50,"7, 21"
23,Inbound,1,"Wimborne Avenue Shops, Blurton",13:43,13:45,Every 30m,Weekday,£1.20,None
23,Inbound,2,Newstead,13:58,14:00,Every 30m,Weekday,£1.50,None
23,Inbound,3,Blurton,14:13,14:15,Every 30m,Weekday,£1.80,None
23,Inbound,4,"City Road, Fenton",14:28,14:30,Every 30m,Weekday,£2.00,None
23,Inbound,5,Hanley Bus Station,14:43,14:45,Every 30m,Weekday,£2.50,"7, 21"
23,Inbound,1,"Wimborne Avenue Shops, Blurton",13:58,14:00,Every 30m,Weekday,£1.20,None
23,Inbound,2,Newstead,14:13,14:15,Every 30m,Weekday,£1.50,None
23,Inbound,3,Blurton,14:28,14:30,Every 30m,Weekday,£1.80,None
23,Inbound,4,"City Road, Fenton",14:43,14:45,Every 30m,Weekday,£2.00,None
23,Inbound,5,Hanley Bus Station,14:58,15:00,Every 30m,Weekday,£2.50,"7, 21"
23,Inbound,1,"Wimborne Avenue Shops, Blurton",14:13,14:15,Every 30m,Weekday,£1.20,None
23,Inbound,2,Newstead,14:28,14:30,Every 30m,Weekday,£1.50,None
23,Inbound,3,Blurton,14:43,14:45,Every 30m,Weekday,£1.80,None
23,Inbound,4,"City Road, Fenton",14:58,15:00,Every 30m,Weekday,£2.00,None
23,Inbound,5,Hanley Bus Station,15:13,15:15,Every 30m,Weekday,£2.50,"7, 21"
23,Inbound,1,"Wimborne Avenue Shops, Blurton",14:28,14:30,Every 30m,Weekday,£1.20,None
23,Inbound,2,Newstead,14:43,14:45,Every 30m,Weekday,£1.50,None
23,Inbound,3,Blurton,14:58,15:00,Every 30m,Weekday,£1.80,None
23,Inbound,4,"City Road, Fenton",15:13,15:15,Every 30m,Weekday,£2.00,None
23,Inbound,5,Hanley Bus Station,15:28,15:30,Every 30m,Weekday,£2.50,"7, 21"
23,Inbound,1,"Wimborne Avenue Shops, Blurton",14:43,14:45,Every 30m,Weekday,£1.20,None
23,Inbound,2,Newstead,14:58,15:00,Every 30m,Weekday,£1.50,None
23,Inbound,3,Blurton,15:13,15:15,Every 30m,Weekday,£1.80,None
23,Inbound,4,"City Road, Fenton",15:28,15:30,Every 30m,Weekday,£2.00,None
23,Inbound,5,Hanley Bus Station,15:43,15:45,Every 30m,Weekday,£2.50,"7, 21"
23,Inbound,1,"Wimborne Avenue Shops, Blurton",14:58,15:00,Every 30m,Weekday,£1.20,None
23,Inbound,2,Newstead,15:13,15:15,Every 30m,Weekday,£1.50,None
23,Inbound,3,Blurton,15:28,15:30,Every 30m,Weekday,£1.80,None
23,Inbound,4,"City Road, Fenton",15:43,15:45,Every 30m,Weekday,£2.00,None
23,Inbound,5,Hanley Bus Station,15:58,16:00,Every 30m,Weekday,£2.50,"7, 21"
23,Inbound,1,"Wimborne Avenue Shops, Blurton",15:13,15:15,Every 30m,Weekday,£1.20,None
23,Inbound,2,Newstead,15:28,15:30,Every 30m,Weekday,£1.50,None
23,Inbound,3,Blurton,15:43,15:45,Every 30m,Weekday,£1.80,None
23,Inbound,4,"City Road, Fenton",15:58,16:00,Every 30m,Weekday,£2.00,None
23,Inbound,5,Hanley Bus Station,16:13,16:15,Every 30m,Weekday,£2.50,"7, 21"
23,Inbound,1,"Wimborne Avenue Shops, Blurton",15:28,15:30,Every 30m,Weekday,£1.20,None
23,Inbound,2,Newstead,15:43,15:45,Every 30m,Weekday,£1.50,None
23,Inbound,3,Blurton,15:58,16:00,Every 30m,Weekday,£1.80,None
23,Inbound,4,"City Road, Fenton",16:13,16:15,Every 30m,Weekday,£2.00,None
23,Inbound,5,Hanley Bus Station,16:28,16:30,Every 30m,Weekday,£2.50,"7, 21"
23,Inbound,1,"Wimborne Avenue Shops, Blurton",15:43,15:45,Every 30m,Weekday,£1.20,None
23,Inbound,2,Newstead,15:58,16:00,Every 30m,Weekday,£1.50,None
23,Inbound,3,Blurton,16:13,16:15,Every 30m,Weekday,£1.80,None
23,Inbound,4,"City Road, Fenton",16:28,16:30,Every 30m,Weekday,£2.00,None
23,Inbound,5,Hanley Bus Station,16:43,16:45,Every 30m,Weekday,£2.50,"7, 21"
23,Inbound,1,"Wimborne Avenue Shops, Blurton",15:58,16:00,Every 30m,Weekday,£1.20,None
23,Inbound,2,Newstead,16:13,16:15,Every 30m,Weekday,£1.50,None
23,Inbound,3,Blurton,16:28,16:30,Every 30m,Weekday,£1.80,None
23,Inbound,4,"City Road, Fenton",16:43,16:45,Every 30m,Weekday,£2.00,None
23,Inbound,5,Hanley Bus Station,16:58,17:00,Every 30m,Weekday,£2.50,"7, 21"
23,Inbound,1,"Wimborne Avenue Shops, Blurton",16:13,16:15,Every 30m,Weekday,£1.20,None
23,Inbound,2,Newstead,16:28,16:30,Every 30m,Weekday,£1.50,None
23,Inbound,3,Blurton,16:43,16:45,Every 30m,Weekday,£1.80,None
23,Inbound,4,"City Road, Fenton",16:58,17:00,Every 30m,Weekday,£2.00,None
23,Inbound,5,Hanley Bus Station,17:13,17:15,Every 30m,Weekday,£2.50,"7, 21"
23,Inbound,1,"Wimborne Avenue Shops, Blurton",16:28,16:30,Every 30m,Weekday,£1.20,None
23,Inbound,2,Newstead,16:43,16:45,Every 30m,Weekday,£1.50,None
23,Inbound,3,Blurton,16:58,17:00,Every 30m,Weekday,£1.80,None
23,Inbound,4,"City Road, Fenton",17:13,17:15,Every 30m,Weekday,£2.00,None
23,Inbound,5,Hanley Bus Station,17:28,17:30,Every 30m,Weekday,£2.50,"7, 21"
23,Inbound,1,"Wimborne Avenue Shops, Blurton",16:43,16:45,Every 30m,Weekday,£1.20,None
23,Inbound,2,Newstead,16:58,17:00,Every 30m,Weekday,£1.50,None
23,Inbound,3,Blurton,17:13,17:15,Every 30m,Weekday,£1.80,None
23,Inbound,4,"City Road, Fenton",17:28,17:30,Every 30m,Weekday,£2.00,None
23,Inbound,5,Hanley Bus Station,17:43,17:45,Every 30m,Weekday,£2.50,"7, 21"
23,Inbound,1,"Wimborne Avenue Shops, Blurton",16:58,17:00,Every 30m,Weekday,£1.20,None
23,Inbound,2,Newstead,17:13,17:15,Every 30m,Weekday,£1.50,None
23,Inbound,3,Blurton,17:28,17:30,Every 30m,Weekday,£1.80,None
23,Inbound,4,"City Road, Fenton",17:43,17:45,Every 30m,Weekday,£2.00,None
23,Inbound,5,Hanley Bus Station,17:58,18:00,Every 30m,Weekday,£2.50,"7, 21"
23,Inbound,1,"Wimborne Avenue Shops, Blurton",17:13,17:15,Every 30m,Weekday,£1.20,None
23,Inbound,2,Newstead,17:28,17:30,Every 30m,Weekday,£1.50,None
23,Inbound,3,Blurton,17:43,17:45,Every 30m,Weekday,£1.80,None
23,Inbound,4,"City Road, Fenton",17:58,18:00,Every 30m,Weekday,£2.00,None
23,Inbound,5,Hanley Bus Station,18:13,18:15,Every 30m,Weekday,£2.50,"7, 21"
23,Inbound,1,"Wimborne Avenue Shops, Blurton",17:28,17:30,Every 30m,Weekday,£1.20,None
23,Inbound,2,Newstead,17:43,17:45,Every 30m,Weekday,£1.50,None
23,Inbound,3,Blurton,17:58,18:00,Every 30m,Weekday,£1.80,None
23,Inbound,4,"City Road, Fenton",18:13,18:15,Every 30m,Weekday,£2.00,None
23,Inbound,5,Hanley Bus Station,18:28,18:30,Every 30m,Weekday,£2.50,"7, 21"
23,Inbound,1,"Wimborne Avenue Shops, Blurton",17:43,17:45,Every 30m,Weekday,£1.20,None
23,Inbound,2,Newstead,17:58,18:00,Every 30m,Weekday,£1.50,None
23,Inbound,3,Blurton,18:13,18:15,Every 30m,Weekday,£1.80,None
23,Inbound,4,"City Road, Fenton",18:28,18:30,Every 30m,Weekday,£2.00,None
23,Inbound,5,Hanley Bus Station,18:43,18:45,Every 30m,Weekday,£2.50,"7, 21"
23,Inbound,1,"Wimborne Avenue Shops, Blurton",17:58,18:00,Every 30m,Weekday,£1.20,None
23,Inbound,2,Newstead,18:13,18:15,Every 30m,Weekday,£1.50,None
23,Inbound,3,Blurton,18:28,18:30,Every 30m,Weekday,£1.80,None
23,Inbound,4,"City Road, Fenton",18:43,18:45,Every 30m,Weekday,£2.00,None
23,Inbound,5,Hanley Bus Station,18:58,19:00,Every 30m,Weekday,£2.50,"7, 21"
23,Inbound,1,"Wimborne Avenue Shops, Blurton",18:13,18:15,Every 30m,Weekday,£1.20,None
23,Inbound,2,Newstead,18:28,18:30,Every 30m,Weekday,£1.50,None
23,Inbound,3,Blurton,18:43,18:45,Every 30m,Weekday,£1.80,None
23,Inbound,4,"City Road, Fenton",18:58,19:00,Every 30m,Weekday,£2.00,None
23,Inbound,5,Hanley Bus Station,19:13,19:15,Every 30m,Weekday,£2.50,"7, 21"
23,Inbound,1,"Wimborne Avenue Shops, Blurton",18:28,18:30,Every 30m,Weekday,£1.20,None
23,Inbound,2,Newstead,18:43,18:45,Every 30m,Weekday,£1.50,None
23,Inbound,3,Blurton,18:58,19:00,Every 30m,Weekday,£1.80,None
23,Inbound,4,"City Road, Fenton",19:13,19:15,Every 30m,Weekday,£2.00,None
23,Inbound,5,Hanley Bus Station,19:28,19:30,Every 30m,Weekday,£2.50,"7, 21"
23,Inbound,1,"Wimborne Avenue Shops, Blurton",18:43,18:45,Every 30m,Weekday,£1.20,None
23,Inbound,2,Newstead,18:58,19:00,Every 30m,Weekday,£1.50,None
23,Inbound,3,Blurton,19:13,19:15,Every 30m,Weekday,£1.80,None
23,Inbound,4,"City Road, Fenton",19:28,19:30,Every 30m,Weekday,£2.00,None
23,Inbound,5,Hanley Bus Station,19:43,19:45,Every 30m,Weekday,£2.50,"7, 21"
23,Inbound,1,"Wimborne Avenue Shops, Blurton",18:58,19:00,Every 30m,Weekday,£1.20,None
23,Inbound,2,Newstead,19:13,19:15,Every 30m,Weekday,£1.50,None
23,Inbound,3,Blurton,19:28,19:30,Every 30m,Weekday,£1.80,None
23,Inbound,4,"City Road, Fenton",19:43,19:45,Every 30m,Weekday,£2.00,None
23,Inbound,5,Hanley Bus Station,19:58,20:00,Every 30m,Weekday,£2.50,"7, 21"
23,Inbound,1,"Wimborne Avenue Shops, Blurton",19:13,19:15,Every 30m,Weekday,£1.20,None
23,Inbound,2,Newstead,19:28,19:30,Every 30m,Weekday,£1.50,None
23,Inbound,3,Blurton,19:43,19:45,Every 30m,Weekday,£1.80,None
23,Inbound,4,"City Road, Fenton",19:58,20:00,Every 30m,Weekday,£2.00,None
23,Inbound,5,Hanley Bus Station,20:13,20:15,Every 30m,Weekday,£2.50,"7, 21"
23,Inbound,1,"Wimborne Avenue Shops, Blurton",19:28,19:30,Every 30m,Weekday,£1.20,None
23,Inbound,2,Newstead,19:43,19:45,Every 30m,Weekday,£1.50,None
23,Inbound,3,Blurton,19:58,20:00,Every 30m,Weekday,£1.80,None
23,Inbound,4,"City Road, Fenton",20:13,20:15,Every 30m,Weekday,£2.00,None
23,Inbound,5,Hanley Bus Station,20:28,20:30,Every 30m,Weekday,£2.50,"7, 21"
23,Inbound,1,"Wimborne Avenue Shops, Blurton",19:43,19:45,Every 30m,Weekday,£1.20,None
23,Inbound,2,Newstead,19:58,20:00,Every 30m,Weekday,£1.50,None
23,Inbound,3,Blurton,20:13,20:15,Every 30m,Weekday,£1.80,None
23,Inbound,4,"City Road, Fenton",20:28,20:30,Every 30m,Weekday,£2.00,None
23,Inbound,5,Hanley Bus Station,20:43,20:45,Every 30m,Weekday,£2.50,"7, 21"
23,Inbound,1,"Wimborne Avenue Shops, Blurton",19:58,20:00,Every 30m,Weekday,£1.20,None
23,Inbound,2,Newstead,20:13,20:15,Every 30m,Weekday,£1.50,None
23,Inbound,3,Blurton,20:28,20:30,Every 30m,Weekday,£1.80,None
23,Inbound,4,"City Road, Fenton",20:43,20:45,Every 30m,Weekday,£2.00,None
23,Inbound,5,Hanley Bus Station,20:58,21:00,Every 30m,Weekday,£2.50,"7, 21"
23,Inbound,1,"Wimborne Avenue Shops, Blurton",20:13,20:15,Every 30m,Weekday,£1.20,None
23,Inbound,2,Newstead,20:28,20:30,Every 30m,Weekday,£1.50,None
23,Inbound,3,Blurton,20:43,20:45,Every 30m,Weekday,£1.80,None
23,Inbound,4,"City Road, Fenton",20:58,21:00,Every 30m,Weekday,£2.00,None
23,Inbound,5,Hanley Bus Station,21:13,21:15,Every 30m,Weekday,£2.50,"7, 21"
23,Inbound,1,"Wimborne Avenue Shops, Blurton",20:28,20:30,Every 30m,Weekday,£1.20,None
23,Inbound,2,Newstead,20:43,20:45,Every 30m,Weekday,£1.50,None
23,Inbound,3,Blurton,20:58,21:00,Every 30m,Weekday,£1.80,None
23,Inbound,4,"City Road, Fenton",21:13,21:15,Every 30m,Weekday,£2.00,None
23,Inbound,5,Hanley Bus Station,21:28,21:30,Every 30m,Weekday,£2.50,"7, 21"
23,Inbound,1,"Wimborne Avenue Shops, Blurton",20:43,20:45,Every 30m,Weekday,£1.20,None
23,Inbound,2,Newstead,20:58,21:00,Every 30m,Weekday,£1.50,None
23,Inbound,3,Blurton,21:13,21:15,Every 30m,Weekday,£1.80,None
23,Inbound,4,"City Road, Fenton",21:28,21:30,Every 30m,Weekday,£2.00,None
23,Inbound,5,Hanley Bus Station,21:43,21:45,Every 30m,Weekday,£2.50,"7, 21"
23,Inbound,1,"Wimborne Avenue Shops, Blurton",20:58,21:00,Every 30m,Weekday,£1.20,None
23,Inbound,2,Newstead,21:13,21:15,Every 30m,Weekday,£1.50,None
23,Inbound,3,Blurton,21:28,21:30,Every 30m,Weekday,£1.80,None
23,Inbound,4,"City Road, Fenton",21:43,21:45,Every 30m,Weekday,£2.00,None
23,Inbound,5,Hanley Bus Station,21:58,22:00,Every 30m,Weekday,£2.50,"7, 21"
23,Inbound,1,"Wimborne Avenue Shops, Blurton",21:13,21:15,Every 30m,Weekday,£1.20,None
23,Inbound,2,Newstead,21:28,21:30,Every 30m,Weekday,£1.50,None
23,Inbound,3,Blurton,21:43,21:45,Every 30m,Weekday,£1.80,None
23,Inbound,4,"City Road, Fenton",21:58,22:00,Every 30m,Weekday,£2.00,None
23,Inbound,5,Hanley Bus Station,22:13,22:15,Every 30m,Weekday,£2.50,"7, 21"
23,Inbound,1,"Wimborne Avenue Shops, Blurton",21:28,21:30,Every 30m,Weekday,£1.20,None
23,Inbound,2,Newstead,21:43,21:45,Every 30m,Weekday,£1.50,None
23,Inbound,3,Blurton,21:58,22:00,Every 30m,Weekday,£1.80,None
23,Inbound,4,"City Road, Fenton",22:13,22:15,Every 30m,Weekday,£2.00,None
23,Inbound,5,Hanley Bus Station,22:28,22:30,Every 30m,Weekday,£2.50,"7, 21"
23,Inbound,1,"Wimborne Avenue Shops, Blurton",21:43,21:45,Every 30m,Weekday,£1.20,None
23,Inbound,2,Newstead,21:58,22:00,Every 30m,Weekday,£1.50,None
23,Inbound,3,Blurton,22:13,22:15,Every 30m,Weekday,£1.80,None
23,Inbound,4,"City Road, Fenton",22:28,22:30,Every 30m,Weekday,£2.00,None
23,Inbound,5,Hanley Bus Station,22:43,22:45,Every 30m,Weekday,£2.50,"7, 21"
23,Inbound,1,"Wimborne Avenue Shops, Blurton",21:58,22:00,Every 30m,Weekday,£1.20,None
23,Inbound,2,Newstead,22:13,22:15,Every 30m,Weekday,£1.50,None
23,Inbound,3,Blurton,22:28,22:30,Every 30m,Weekday,£1.80,None
23,Inbound,4,"City Road, Fenton",22:43,22:45,Every 30m,Weekday,£2.00,None
23,Inbound,5,Hanley Bus Station,22:58,23:00,Every 30m,Weekday,£2.50,"7, 21"
23,Outbound,1,Hanley Bus Station,05:58,06:00,Every 30m,Weekday,£2.50,"7, 21"
23,Outbound,2,"City Road, Fenton",06:13,06:15,Every 30m,Weekday,£2.00,None
23,Outbound,3,Blurton,06:28,06:30,Every 30m,Weekday,£1.80,None
23,Outbound,4,Newstead,06:43,06:45,Every 30m,Weekday,£1.50,None
23,Outbound,5,"Wimborne Avenue Shops, Blurton",06:58,07:00,Every 30m,Weekday,£1.20,None
23,Outbound,1,Hanley Bus Station,06:13,06:15,Every 30m,Weekday,£2.50,"7, 21"
23,Outbound,2,"City Road, Fenton",06:28,06:30,Every 30m,Weekday,£2.00,None
23,Outbound,3,Blurton,06:43,06:45,Every 30m,Weekday,£1.80,None
23,Outbound,4,Newstead,06:58,07:00,Every 30m,Weekday,£1.50,None
23,Outbound,5,"Wimborne Avenue Shops, Blurton",07:13,07:15,Every 30m,Weekday,£1.20,None
23,Outbound,1,Hanley Bus Station,06:28,06:30,Every 30m,Weekday,£2.50,"7, 21"
23,Outbound,2,"City Road, Fenton",06:43,06:45,Every 30m,Weekday,£2.00,None
23,Outbound,3,Blurton,06:58,07:00,Every 30m,Weekday,£1.80,None
23,Outbound,4,Newstead,07:13,07:15,Every 30m,Weekday,£1.50,None
23,Outbound,5,"Wimborne Avenue Shops, Blurton",07:28,07:30,Every 30m,Weekday,£1.20,None
23,Outbound,1,Hanley Bus Station,06:43,06:45,Every 30m,Weekday,£2.50,"7, 21"
23,Outbound,2,"City Road, Fenton",06:58,07:00,Every 30m,Weekday,£2.00,None
23,Outbound,3,Blurton,07:13,07:15,Every 30m,Weekday,£1.80,None
23,Outbound,4,Newstead,07:28,07:30,Every 30m,Weekday,£1.50,None
23,Outbound,5,"Wimborne Avenue Shops, Blurton",07:43,07:45,Every 30m,Weekday,£1.20,None
23,Outbound,1,Hanley Bus Station,06:58,07:00,Every 30m,Weekday,£2.50,"7, 21"
23,Outbound,2,"City Road, Fenton",07:13,07:15,Every 30m,Weekday,£2.00,None
23,Outbound,3,Blurton,07:28,07:30,Every 30m,Weekday,£1.80,None
23,Outbound,4,Newstead,07:43,07:45,Every 30m,Weekday,£1.50,None
23,Outbound,5,"Wimborne Avenue Shops, Blurton",07:58,08:00,Every 30m,Weekday,£1.20,None
23,Outbound,1,Hanley Bus Station,07:13,07:15,Every 30m,Weekday,£2.50,"7, 21"
23,Outbound,2,"City Road, Fenton",07:28,07:30,Every 30m,Weekday,£2.00,None
23,Outbound,3,Blurton,07:43,07:45,Every 30m,Weekday,£1.80,None
23,Outbound,4,Newstead,07:58,08:00,Every 30m,Weekday,£1.50,None
23,Outbound,5,"Wimborne Avenue Shops, Blurton",08:13,08:15,Every 30m,Weekday,£1.20,None
23,Outbound,1,Hanley Bus Station,07:28,07:30,Every 30m,Weekday,£2.50,"7, 21"
23,Outbound,2,"City Road, Fenton",07:43,07:45,Every 30m,Weekday,£2.00,None
23,Outbound,3,Blurton,07:58,08:00,Every 30m,Weekday,£1.80,None
23,Outbound,4,Newstead,08:13,08:15,Every 30m,Weekday,£1.50,None
23,Outbound,5,"Wimborne Avenue Shops, Blurton",08:28,08:30,Every 30m,Weekday,£1.20,None
23,Outbound,1,Hanley Bus Station,07:43,07:45,Every 30m,Weekday,£2.50,"7, 21"
23,Outbound,2,"City Road, Fenton",07:58,08:00,Every 30m,Weekday,£2.00,None
23,Outbound,3,Blurton,08:13,08:15,Every 30m,Weekday,£1.80,None
23,Outbound,4,Newstead,08:28,08:30,Every 30m,Weekday,£1.50,None
23,Outbound,5,"Wimborne Avenue Shops, Blurton",08:43,08:45,Every 30m,Weekday,£1.20,None
23,Outbound,1,Hanley Bus Station,07:58,08:00,Every 30m,Weekday,£2.50,"7, 21"
23,Outbound,2,"City Road, Fenton",08:13,08:15,Every 30m,Weekday,£2.00,None
23,Outbound,3,Blurton,08:28,08:30,Every 30m,Weekday,£1.80,None
23,Outbound,4,Newstead,08:43,08:45,Every 30m,Weekday,£1.50,None
23,Outbound,5,"Wimborne Avenue Shops, Blurton",08:58,09:00,Every 30m,Weekday,£1.20,None
23,Outbound,1,Hanley Bus Station,08:13,08:15,Every 30m,Weekday,£2.50,"7, 21"
23,Outbound,2,"City Road, Fenton",08:28,08:30,Every 30m,Weekday,£2.00,None
23,Outbound,3,Blurton,08:43,08:45,Every 30m,Weekday,£1.80,None
23,Outbound,4,Newstead,08:58,09:00,Every 30m,Weekday,£1.50,None
23,Outbound,5,"Wimborne Avenue Shops, Blurton",09:13,09:15,Every 30m,Weekday,£1.20,None
23,Outbound,1,Hanley Bus Station,08:28,08:30,Every 30m,Weekday,£2.50,"7, 21"
23,Outbound,2,"City Road, Fenton",08:43,08:45,Every 30m,Weekday,£2.00,None
23,Outbound,3,Blurton,08:58,09:00,Every 30m,Weekday,£1.80,None
23,Outbound,4,Newstead,09:13,09:15,Every 30m,Weekday,£1.50,None
23,Outbound,5,"Wimborne Avenue Shops, Blurton",09:28,09:30,Every 30m,Weekday,£1.20,None
23,Outbound,1,Hanley Bus Station,08:43,08:45,Every 30m,Weekday,£2.50,"7, 21"
23,Outbound,2,"City Road, Fenton",08:58,09:00,Every 30m,Weekday,£2.00,None
23,Outbound,3,Blurton,09:13,09:15,Every 30m,Weekday,£1.80,None
23,Outbound,4,Newstead,09:28,09:30,Every 30m,Weekday,£1.50,None
23,Outbound,5,"Wimborne Avenue Shops, Blurton",09:43,09:45,Every 30m,Weekday,£1.20,None
23,Outbound,1,Hanley Bus Station,08:58,09:00,Every 30m,Weekday,£2.50,"7, 21"
23,Outbound,2,"City Road, Fenton",09:13,09:15,Every 30m,Weekday,£2.00,None
23,Outbound,3,Blurton,09:28,09:30,Every 30m,Weekday,£1.80,None
23,Outbound,4,Newstead,09:43,09:45,Every 30m,Weekday,£1.50,None
23,Outbound,5,"Wimborne Avenue Shops, Blurton",09:58,10:00,Every 30m,Weekday,£1.20,None
23,Outbound,1,Hanley Bus Station,09:13,09:15,Every 30m,Weekday,£2.50,"7, 21"
23,Outbound,2,"City Road, Fenton",09:28,09:30,Every 30m,Weekday,£2.00,None
23,Outbound,3,Blurton,09:43,09:45,Every 30m,Weekday,£1.80,None
23,Outbound,4,Newstead,09:58,10:00,Every 30m,Weekday,£1.50,None
23,Outbound,5,"Wimborne Avenue Shops, Blurton",10:13,10:15,Every 30m,Weekday,£1.20,None
23,Outbound,1,Hanley Bus Station,09:28,09:30,Every 30m,Weekday,£2.50,"7, 21"
23,Outbound,2,"City Road, Fenton",09:43,09:45,Every 30m,Weekday,£2.00,None
23,Outbound,3,Blurton,09:58,10:00,Every 30m,Weekday,£1.80,None
23,Outbound,4,Newstead,10:13,10:15,Every 30m,Weekday,£1.50,None
23,Outbound,5,"Wimborne Avenue Shops, Blurton",10:28,10:30,Every 30m,Weekday,£1.20,None
23,Outbound,1,Hanley Bus Station,09:43,09:45,Every 30m,Weekday,£2.50,"7, 21"
23,Outbound,2,"City Road, Fenton",09:58,10:00,Every 30m,Weekday,£2.00,None
23,Outbound,3,Blurton,10:13,10:15,Every 30m,Weekday,£1.80,None
23,Outbound,4,Newstead,10:28,10:30,Every 30m,Weekday,£1.50,None
23,Outbound,5,"Wimborne Avenue Shops, Blurton",10:43,10:45,Every 30m,Weekday,£1.20,None
23,Outbound,1,Hanley Bus Station,09:58,10:00,Every 30m,Weekday,£2.50,"7, 21"
23,Outbound,2,"City Road, Fenton",10:13,10:15,Every 30m,Weekday,£2.00,None
23,Outbound,3,Blurton,10:28,10:30,Every 30m,Weekday,£1.80,None
23,Outbound,4,Newstead,10:43,10:45,Every 30m,Weekday,£1.50,None
23,Outbound,5,"Wimborne Avenue Shops, Blurton",10:58,11:00,Every 30m,Weekday,£1.20,None
23,Outbound,1,Hanley Bus Station,10:13,10:15,Every 30m,Weekday,£2.50,"7, 21"
23,Outbound,2,"City Road, Fenton",10:28,10:30,Every 30m,Weekday,£2.00,None
23,Outbound,3,Blurton,10:43,10:45,Every 30m,Weekday,£1.80,None
23,Outbound,4,Newstead,10:58,11:00,Every 30m,Weekday,£1.50,None
23,Outbound,5,"Wimborne Avenue Shops, Blurton",11:13,11:15,Every 30m,Weekday,£1.20,None
23,Outbound,1,Hanley Bus Station,10:28,10:30,Every 30m,Weekday,£2.50,"7, 21"
23,Outbound,2,"City Road, Fenton",10:43,10:45,Every 30m,Weekday,£2.00,None
23,Outbound,3,Blurton,10:58,11:00,Every 30m,Weekday,£1.80,None
23,Outbound,4,Newstead,11:13,11:15,Every 30m,Weekday,£1.50,None
23,Outbound,5,"Wimborne Avenue Shops, Blurton",11:28,11:30,Every 30m,Weekday,£1.20,None
23,Outbound,1,Hanley Bus Station,10:43,10:45,Every 30m,Weekday,£2.50,"7, 21"
23,Outbound,2,"City Road, Fenton",10:58,11:00,Every 30m,Weekday,£2.00,None
23,Outbound,3,Blurton,11:13,11:15,Every 30m,Weekday,£1.80,None
23,Outbound,4,Newstead,11:28,11:30,Every 30m,Weekday,£1.50,None
23,Outbound,5,"Wimborne Avenue Shops, Blurton",11:43,11:45,Every 30m,Weekday,£1.20,None
23,Outbound,1,Hanley Bus Station,10:58,11:00,Every 30m,Weekday,£2.50,"7, 21"
23,Outbound,2,"City Road, Fenton",11:13,11:15,Every 30m,Weekday,£2.00,None
23,Outbound,3,Blurton,11:28,11:30,Every 30m,Weekday,£1.80,None
23,Outbound,4,Newstead,11:43,11:45,Every 30m,Weekday,£1.50,None
23,Outbound,5,"Wimborne Avenue Shops, Blurton",11:58,12:00,Every 30m,Weekday,£1.20,None
23,Outbound,1,Hanley Bus Station,11:13,11:15,Every 30m,Weekday,£2.50,"7, 21"
23,Outbound,2,"City Road, Fenton",11:28,11:30,Every 30m,Weekday,£2.00,None
23,Outbound,3,Blurton,11:43,11:45,Every 30m,Weekday,£1.80,None
23,Outbound,4,Newstead,11:58,12:00,Every 30m,Weekday,£1.50,None
23,Outbound,5,"Wimborne Avenue Shops, Blurton",12:13,12:15,Every 30m,Weekday,£1.20,None
23,Outbound,1,Hanley Bus Station,11:28,11:30,Every 30m,Weekday,£2.50,"7, 21"
23,Outbound,2,"City Road, Fenton",11:43,11:45,Every 30m,Weekday,£2.00,None
23,Outbound,3,Blurton,11:58,12:00,Every 30m,Weekday,£1.80,None
23,Outbound,4,Newstead,12:13,12:15,Every 30m,Weekday,£1.50,None
23,Outbound,5,"Wimborne Avenue Shops, Blurton",12:28,12:30,Every 30m,Weekday,£1.20,None
23,Outbound,1,Hanley Bus Station,11:43,11:45,Every 30m,Weekday,£2.50,"7, 21"
23,Outbound,2,"City Road, Fenton",11:58,12:00,Every 30m,Weekday,£2.00,None
23,Outbound,3,Blurton,12:13,12:15,Every 30m,Weekday,£1.80,None
23,Outbound,4,Newstead,12:28,12:30,Every 30m,Weekday,£1.50,None
23,Outbound,5,"Wimborne Avenue Shops, Blurton",12:43,12:45,Every 30m,Weekday,£1.20,None
23,Outbound,1,Hanley Bus Station,11:58,12:00,Every 30m,Weekday,£2.50,"7, 21"
23,Outbound,2,"City Road, Fenton",12:13,12:15,Every 30m,Weekday,£2.00,None
23,Outbound,3,Blurton,12:28,12:30,Every 30m,Weekday,£1.80,None
23,Outbound,4,Newstead,12:43,12:45,Every 30m,Weekday,£1.50,None
23,Outbound,5,"Wimborne Avenue Shops, Blurton",12:58,13:00,Every 30m,Weekday,£1.20,None
23,Outbound,1,Hanley Bus Station,12:13,12:15,Every 30m,Weekday,£2.50,"7, 21"
23,Outbound,2,"City Road, Fenton",12:28,12:30,Every 30m,Weekday,£2.00,None
23,Outbound,3,Blurton,12:43,12:45,Every 30m,Weekday,£1.80,None
23,Outbound,4,Newstead,12:58,13:00,Every 30m,Weekday,£1.50,None
23,Outbound,5,"Wimborne Avenue Shops, Blurton",13:13,13:15,Every 30m,Weekday,£1.20,None
23,Outbound,1,Hanley Bus Station,12:28,12:30,Every 30m,Weekday,£2.50,"7, 21"
23,Outbound,2,"City Road, Fenton",12:43,12:45,Every 30m,Weekday,£2.00,None
23,Outbound,3,Blurton,12:58,13:00,Every 30m,Weekday,£1.80,None
23,Outbound,4,Newstead,13:13,13:15,Every 30m,Weekday,£1.50,None
23,Outbound,5,"Wimborne Avenue Shops, Blurton",13:28,13:30,Every 30m,Weekday,£1.20,None
23,Outbound,1,Hanley Bus Station,12:43,12:45,Every 30m,Weekday,£2.50,"7, 21"
23,Outbound,2,"City Road, Fenton",12:58,13:00,Every 30m,Weekday,£2.00,None
23,Outbound,3,Blurton,13:13,13:15,Every 30m,Weekday,£1.80,None
23,Outbound,4,Newstead,13:28,13:30,Every 30m,Weekday,£1.50,None
23,Outbound,5,"Wimborne Avenue Shops, Blurton",13:43,13:45,Every 30m,Weekday,£1.20,None
23,Outbound,1,Hanley Bus Station,12:58,13:00,Every 30m,Weekday,£2.50,"7, 21"
23,Outbound,2,"City Road, Fenton",13:13,13:15,Every 30m,Weekday,£2.00,None
23,Outbound,3,Blurton,13:28,13:30,Every 30m,Weekday,£1.80,None
23,Outbound,4,Newstead,13:43,13:45,Every 30m,Weekday,£1.50,None
23,Outbound,5,"Wimborne Avenue Shops, Blurton",13:58,14:00,Every 30m,Weekday,£1.20,None
23,Outbound,1,Hanley Bus Station,13:13,13:15,Every 30m,Weekday,£2.50,"7, 21"
23,Outbound,2,"City Road, Fenton",13:28,13:30,Every 30m,Weekday,£2.00,None
23,Outbound,3,Blurton,13:43,13:45,Every 30m,Weekday,£1.80,None
23,Outbound,4,Newstead,13:58,14:00,Every 30m,Weekday,£1.50,None
23,Outbound,5,"Wimborne Avenue Shops, Blurton",14:13,14:15,Every 30m,Weekday,£1.20,None
23,Outbound,1,Hanley Bus Station,13:28,13:30,Every 30m,Weekday,£2.50,"7, 21"
23,Outbound,2,"City Road, Fenton",13:43,13:45,Every 30m,Weekday,£2.00,None
23,Outbound,3,Blurton,13:58,14:00,Every 30m,Weekday,£1.80,None
23,Outbound,4,Newstead,14:13,14:15,Every 30m,Weekday,£1.50,None
23,Outbound,5,"Wimborne Avenue Shops, Blurton",14:28,14:30,Every 30m,Weekday,£1.20,None
23,Outbound,1,Hanley Bus Station,13:43,13:45,Every 30m,Weekday,£2.50,"7, 21"
23,Outbound,2,"City Road, Fenton",13:58,14:00,Every 30m,Weekday,£2.00,None
23,Outbound,3,Blurton,14:13,14:15,Every 30m,Weekday,£1.80,None
23,Outbound,4,Newstead,14:28,14:30,Every 30m,Weekday,£1.50,None
23,Outbound,5,"Wimborne Avenue Shops, Blurton",14:43,14:45,Every 30m,Weekday,£1.20,None
23,Outbound,1,Hanley Bus Station,13:58,14:00,Every 30m,Weekday,£2.50,"7, 21"
23,Outbound,2,"City Road, Fenton",14:13,14:15,Every 30m,Weekday,£2.00,None
23,Outbound,3,Blurton,14:28,14:30,Every 30m,Weekday,£1.80,None
23,Outbound,4,Newstead,14:43,14:45,Every 30m,Weekday,£1.50,None
23,Outbound,5,"Wimborne Avenue Shops, Blurton",14:58,15:00,Every 30m,Weekday,£1.20,None
23,Outbound,1,Hanley Bus Station,14:13,14:15,Every 30m,Weekday,£2.50,"7, 21"
23,Outbound,2,"City Road, Fenton",14:28,14:30,Every 30m,Weekday,£2.00,None
23,Outbound,3,Blurton,14:43,14:45,Every 30m,Weekday,£1.80,None
23,Outbound,4,Newstead,14:58,15:00,Every 30m,Weekday,£1.50,None
23,Outbound,5,"Wimborne Avenue Shops, Blurton",15:13,15:15,Every 30m,Weekday,£1.20,None
23,Outbound,1,Hanley Bus Station,14:28,14:30,Every 30m,Weekday,£2.50,"7, 21"
23,Outbound,2,"City Road, Fenton",14:43,14:45,Every 30m,Weekday,£2.00,None
23,Outbound,3,Blurton,14:58,15:00,Every 30m,Weekday,£1.80,None
23,Outbound,4,Newstead,15:13,15:15,Every 30m,Weekday,£1.50,None
23,Outbound,5,"Wimborne Avenue Shops, Blurton",15:28,15:30,Every 30m,Weekday,£1.20,None
23,Outbound,1,Hanley Bus Station,14:43,14:45,Every 30m,Weekday,£2.50,"7, 21"
23,Outbound,2,"City Road, Fenton",14:58,15:00,Every 30m,Weekday,£2.00,None
23,Outbound,3,Blurton,15:13,15:15,Every 30m,Weekday,£1.80,None
23,Outbound,4,Newstead,15:28,15:30,Every 30m,Weekday,£1.50,None
23,Outbound,5,"Wimborne Avenue Shops, Blurton",15:43,15:45,Every 30m,Weekday,£1.20,None
23,Outbound,1,Hanley Bus Station,14:58,15:00,Every 30m,Weekday,£2.50,"7, 21"
23,Outbound,2,"City Road, Fenton",15:13,15:15,Every 30m,Weekday,£2.00,None
23,Outbound,3,Blurton,15:28,15:30,Every 30m,Weekday,£1.80,None
23,Outbound,4,Newstead,15:43,15:45,Every 30m,Weekday,£1.50,None
23,Outbound,5,"Wimborne Avenue Shops, Blurton",15:58,16:00,Every 30m,Weekday,£1.20,None
23,Outbound,1,Hanley Bus Station,15:13,15:15,Every 30m,Weekday,£2.50,"7, 21"
23,Outbound,2,"City Road, Fenton",15:28,15:30,Every 30m,Weekday,£2.00,None
23,Outbound,3,Blurton,15:43,15:45,Every 30m,Weekday,£1.80,None
23,Outbound,4,Newstead,15:58,16:00,Every 30m,Weekday,£1.50,None
23,Outbound,5,"Wimborne Avenue Shops, Blurton",16:13,16:15,Every 30m,Weekday,£1.20,None
23,Outbound,1,Hanley Bus Station,15:28,15:30,Every 30m,Weekday,£2.50,"7, 21"
23,Outbound,2,"City Road, Fenton",15:43,15:45,Every 30m,Weekday,£2.00,None
23,Outbound,3,Blurton,15:58,16:00,Every 30m,Weekday,£1.80,None
23,Outbound,4,Newstead,16:13,16:15,Every 30m,Weekday,£1.50,None
23,Outbound,5,"Wimborne Avenue Shops, Blurton",16:28,16:30,Every 30m,Weekday,£1.20,None
23,Outbound,1,Hanley Bus Station,15:43,15:45,Every 30m,Weekday,£2.50,"7, 21"
23,Outbound,2,"City Road, Fenton",15:58,16:00,Every 30m,Weekday,£2.00,None
23,Outbound,3,Blurton,16:13,16:15,Every 30m,Weekday,£1.80,None
23,Outbound,4,Newstead,16:28,16:30,Every 30m,Weekday,£1.50,None
23,Outbound,5,"Wimborne Avenue Shops, Blurton",16:43,16:45,Every 30m,Weekday,£1.20,None
23,Outbound,1,Hanley Bus Station,15:58,16:00,Every 30m,Weekday,£2.50,"7, 21"
23,Outbound,2,"City Road, Fenton",16:13,16:15,Every 30m,Weekday,£2.00,None
23,Outbound,3,Blurton,16:28,16:30,Every 30m,Weekday,£1.80,None
23,Outbound,4,Newstead,16:43,16:45,Every 30m,Weekday,£1.50,None
23,Outbound,5,"Wimborne Avenue Shops, Blurton",16:58,17:00,Every 30m,Weekday,£1.20,None
23,Outbound,1,Hanley Bus Station,16:13,16:15,Every 30m,Weekday,£2.50,"7, 21"
23,Outbound,2,"City Road, Fenton",16:28,16:30,Every 30m,Weekday,£2.00,None
23,Outbound,3,Blurton,16:43,16:45,Every 30m,Weekday,£1.80,None
23,Outbound,4,Newstead,16:58,17:00,Every 30m,Weekday,£1.50,None
23,Outbound,5,"Wimborne Avenue Shops, Blurton",17:13,17:15,Every 30m,Weekday,£1.20,None
23,Outbound,1,Hanley Bus Station,16:28,16:30,Every 30m,Weekday,£2.50,"7, 21"
23,Outbound,2,"City Road, Fenton",16:43,16:45,Every 30m,Weekday,£2.00,None
23,Outbound,3,Blurton,16:58,17:00,Every 30m,Weekday,£1.80,None
23,Outbound,4,Newstead,17:13,17:15,Every 30m,Weekday,£1.50,None
23,Outbound,5,"Wimborne Avenue Shops, Blurton",17:28,17:30,Every 30m,Weekday,£1.20,None
23,Outbound,1,Hanley Bus Station,16:43,16:45,Every 30m,Weekday,£2.50,"7, 21"
23,Outbound,2,"City Road, Fenton",16:58,17:00,Every 30m,Weekday,£2.00,None
23,Outbound,3,Blurton,17:13,17:15,Every 30m,Weekday,£1.80,None
23,Outbound,4,Newstead,17:28,17:30,Every 30m,Weekday,£1.50,None
23,Outbound,5,"Wimborne Avenue Shops, Blurton",17:43,17:45,Every 30m,Weekday,£1.20,None
23,Outbound,1,Hanley Bus Station,16:58,17:00,Every 30m,Weekday,£2.50,"7, 21"
23,Outbound,2,"City Road, Fenton",17:13,17:15,Every 30m,Weekday,£2.00,None
23,Outbound,3,Blurton,17:28,17:30,Every 30m,Weekday,£1.80,None
23,Outbound,4,Newstead,17:43,17:45,Every 30m,Weekday,£1.50,None
23,Outbound,5,"Wimborne Avenue Shops, Blurton",17:58,18:00,Every 30m,Weekday,£1.20,None
23,Outbound,1,Hanley Bus Station,17:13,17:15,Every 30m,Weekday,£2.50,"7, 21"
23,Outbound,2,"City Road, Fenton",17:28,17:30,Every 30m,Weekday,£2.00,None
23,Outbound,3,Blurton,17:43,17:45,Every 30m,Weekday,£1.80,None
23,Outbound,4,Newstead,17:58,18:00,Every 30m,Weekday,£1.50,None
23,Outbound,5,"Wimborne Avenue Shops, Blurton",18:13,18:15,Every 30m,Weekday,£1.20,None
23,Outbound,1,Hanley Bus Station,17:28,17:30,Every 30m,Weekday,£2.50,"7, 21"
23,Outbound,2,"City Road, Fenton",17:43,17:45,Every 30m,Weekday,£2.00,None
23,Outbound,3,Blurton,17:58,18:00,Every 30m,Weekday,£1.80,None
23,Outbound,4,Newstead,18:13,18:15,Every 30m,Weekday,£1.50,None
23,Outbound,5,"Wimborne Avenue Shops, Blurton",18:28,18:30,Every 30m,Weekday,£1.20,None
23,Outbound,1,Hanley Bus Station,17:43,17:45,Every 30m,Weekday,£2.50,"7, 21"
23,Outbound,2,"City Road, Fenton",17:58,18:00,Every 30m,Weekday,£2.00,None
23,Outbound,3,Blurton,18:13,18:15,Every 30m,Weekday,£1.80,None
23,Outbound,4,Newstead,18:28,18:30,Every 30m,Weekday,£1.50,None
23,Outbound,5,"Wimborne Avenue Shops, Blurton",18:43,18:45,Every 30m,Weekday,£1.20,None
23,Outbound,1,Hanley Bus Station,17:58,18:00,Every 30m,Weekday,£2.50,"7, 21"
23,Outbound,2,"City Road, Fenton",18:13,18:15,Every 30m,Weekday,£2.00,None
23,Outbound,3,Blurton,18:28,18:30,Every 30m,Weekday,£1.80,None
23,Outbound,4,Newstead,18:43,18:45,Every 30m,Weekday,£1.50,None
23,Outbound,5,"Wimborne Avenue Shops, Blurton",18:58,19:00,Every 30m,Weekday,£1.20,None
23,Outbound,1,Hanley Bus Station,18:13,18:15,Every 30m,Weekday,£2.50,"7, 21"
23,Outbound,2,"City Road, Fenton",18:28,18:30,Every 30m,Weekday,£2.00,None
23,Outbound,3,Blurton,18:43,18:45,Every 30m,Weekday,£1.80,None
23,Outbound,4,Newstead,18:58,19:00,Every 30m,Weekday,£1.50,None
23,Outbound,5,"Wimborne Avenue Shops, Blurton",19:13,19:15,Every 30m,Weekday,£1.20,None
23,Outbound,1,Hanley Bus Station,18:28,18:30,Every 30m,Weekday,£2.50,"7, 21"
23,Outbound,2,"City Road, Fenton",18:43,18:45,Every 30m,Weekday,£2.00,None
23,Outbound,3,Blurton,18:58,19:00,Every 30m,Weekday,£1.80,None
23,Outbound,4,Newstead,19:13,19:15,Every 30m,Weekday,£1.50,None
23,Outbound,5,"Wimborne Avenue Shops, Blurton",19:28,19:30,Every 30m,Weekday,£1.20,None
23,Outbound,1,Hanley Bus Station,18:43,18:45,Every 30m,Weekday,£2.50,"7, 21"
23,Outbound,2,"City Road, Fenton",18:58,19:00,Every 30m,Weekday,£2.00,None
23,Outbound,3,Blurton,19:13,19:15,Every 30m,Weekday,£1.80,None
23,Outbound,4,Newstead,19:28,19:30,Every 30m,Weekday,£1.50,None
23,Outbound,5,"Wimborne Avenue Shops, Blurton",19:43,19:45,Every 30m,Weekday,£1.20,None
23,Outbound,1,Hanley Bus Station,18:58,19:00,Every 30m,Weekday,£2.50,"7, 21"
23,Outbound,2,"City Road, Fenton",19:13,19:15,Every 30m,Weekday,£2.00,None
23,Outbound,3,Blurton,19:28,19:30,Every 30m,Weekday,£1.80,None
23,Outbound,4,Newstead,19:43,19:45,Every 30m,Weekday,£1.50,None
23,Outbound,5,"Wimborne Avenue Shops, Blurton",19:58,20:00,Every 30m,Weekday,£1.20,None
23,Outbound,1,Hanley Bus Station,19:13,19:15,Every 30m,Weekday,£2.50,"7, 21"
23,Outbound,2,"City Road, Fenton",19:28,19:30,Every 30m,Weekday,£2.00,None
23,Outbound,3,Blurton,19:43,19:45,Every 30m,Weekday,£1.80,None
23,Outbound,4,Newstead,19:58,20:00,Every 30m,Weekday,£1.50,None
23,Outbound,5,"Wimborne Avenue Shops, Blurton",20:13,20:15,Every 30m,Weekday,£1.20,None
23,Outbound,1,Hanley Bus Station,19:28,19:30,Every 30m,Weekday,£2.50,"7, 21"
23,Outbound,2,"City Road, Fenton",19:43,19:45,Every 30m,Weekday,£2.00,None
23,Outbound,3,Blurton,19:58,20:00,Every 30m,Weekday,£1.80,None
23,Outbound,4,Newstead,20:13,20:15,Every 30m,Weekday,£1.50,None
23,Outbound,5,"Wimborne Avenue Shops, Blurton",20:28,20:30,Every 30m,Weekday,£1.20,None
23,Outbound,1,Hanley Bus Station,19:43,19:45,Every 30m,Weekday,£2.50,"7, 21"
23,Outbound,2,"City Road, Fenton",19:58,20:00,Every 30m,Weekday,£2.00,None
23,Outbound,3,Blurton,20:13,20:15,Every 30m,Weekday,£1.80,None
23,Outbound,4,Newstead,20:28,20:30,Every 30m,Weekday,£1.50,None
23,Outbound,5,"Wimborne Avenue Shops, Blurton",20:43,20:45,Every 30m,Weekday,£1.20,None
23,Outbound,1,Hanley Bus Station,19:58,20:00,Every 30m,Weekday,£2.50,"7, 21"
23,Outbound,2,"City Road, Fenton",20:13,20:15,Every 30m,Weekday,£2.00,None
23,Outbound,3,Blurton,20:28,20:30,Every 30m,Weekday,£1.80,None
23,Outbound,4,Newstead,20:43,20:45,Every 30m,Weekday,£1.50,None
23,Outbound,5,"Wimborne Avenue Shops, Blurton",20:58,21:00,Every 30m,Weekday,£1.20,None
23,Outbound,1,Hanley Bus Station,20:13,20:15,Every 30m,Weekday,£2.50,"7, 21"
23,Outbound,2,"City Road, Fenton",20:28,20:30,Every 30m,Weekday,£2.00,None
23,Outbound,3,Blurton,20:43,20:45,Every 30m,Weekday,£1.80,None
23,Outbound,4,Newstead,20:58,21:00,Every 30m,Weekday,£1.50,None
23,Outbound,5,"Wimborne Avenue Shops, Blurton",21:13,21:15,Every 30m,Weekday,£1.20,None
23,Outbound,1,Hanley Bus Station,20:28,20:30,Every 30m,Weekday,£2.50,"7, 21"
23,Outbound,2,"City Road, Fenton",20:43,20:45,Every 30m,Weekday,£2.00,None
23,Outbound,3,Blurton,20:58,21:00,Every 30m,Weekday,£1.80,None
23,Outbound,4,Newstead,21:13,21:15,Every 30m,Weekday,£1.50,None
23,Outbound,5,"Wimborne Avenue Shops, Blurton",21:28,21:30,Every 30m,Weekday,£1.20,None
23,Outbound,1,Hanley Bus Station,20:43,20:45,Every 30m,Weekday,£2.50,"7, 21"
23,Outbound,2,"City Road, Fenton",20:58,21:00,Every 30m,Weekday,£2.00,None
23,Outbound,3,Blurton,21:13,21:15,Every 30m,Weekday,£1.80,None
23,Outbound,4,Newstead,21:28,21:30,Every 30m,Weekday,£1.50,None
23,Outbound,5,"Wimborne Avenue Shops, Blurton",21:43,21:45,Every 30m,Weekday,£1.20,None
23,Outbound,1,Hanley Bus Station,20:58,21:00,Every 30m,Weekday,£2.50,"7, 21"
23,Outbound,2,"City Road, Fenton",21:13,21:15,Every 30m,Weekday,£2.00,None
23,Outbound,3,Blurton,21:28,21:30,Every 30m,Weekday,£1.80,None
23,Outbound,4,Newstead,21:43,21:45,Every 30m,Weekday,£1.50,None
23,Outbound,5,"Wimborne Avenue Shops, Blurton",21:58,22:00,Every 30m,Weekday,£1.20,None
23,Outbound,1,Hanley Bus Station,21:13,21:15,Every 30m,Weekday,£2.50,"7, 21"
23,Outbound,2,"City Road, Fenton",21:28,21:30,Every 30m,Weekday,£2.00,None
23,Outbound,3,Blurton,21:43,21:45,Every 30m,Weekday,£1.80,None
23,Outbound,4,Newstead,21:58,22:00,Every 30m,Weekday,£1.50,None
23,Outbound,5,"Wimborne Avenue Shops, Blurton",22:13,22:15,Every 30m,Weekday,£1.20,None
23,Outbound,1,Hanley Bus Station,21:28,21:30,Every 30m,Weekday,£2.50,"7, 21"
23,Outbound,2,"City Road, Fenton",21:43,21:45,Every 30m,Weekday,£2.00,None
23,Outbound,3,Blurton,21:58,22:00,Every 30m,Weekday,£1.80,None
23,Outbound,4,Newstead,22:13,22:15,Every 30m,Weekday,£1.50,None
23,Outbound,5,"Wimborne Avenue Shops, Blurton",22:28,22:30,Every 30m,Weekday,£1.20,None
23,Outbound,1,Hanley Bus Station,21:43,21:45,Every 30m,Weekday,£2.50,"7, 21"
23,Outbound,2,"City Road, Fenton",21:58,22:00,Every 30m,Weekday,£2.00,None
23,Outbound,3,Blurton,22:13,22:15,Every 30m,Weekday,£1.80,None
23,Outbound,4,Newstead,22:28,22:30,Every 30m,Weekday,£1.50,None
23,Outbound,5,"Wimborne Avenue Shops, Blurton",22:43,22:45,Every 30m,Weekday,£1.20,None
23,Outbound,1,Hanley Bus Station,21:58,22:00,Every 30m,Weekday,£2.50,"7, 21"
23,Outbound,2,"City Road, Fenton",22:13,22:15,Every 30m,Weekday,£2.00,None
23,Outbound,3,Blurton,22:28,22:30,Every 30m,Weekday,£1.80,None
23,Outbound,4,Newstead,22:43,22:45,Every 30m,Weekday,£1.50,None
23,Outbound,5,"Wimborne Avenue Shops, Blurton",22:58,23:00,Every 30m,Weekday,£1.20,None
24,Inbound,1,"Manor Street, Fenton",05:58,06:00,Every 30m,Weekday,£1.00,None
24,Inbound,2,"Fenpark Road, Fenton",06:13,06:15,Every 30m,Weekday,£1.20,None
24,Inbound,3,"Grove Road, Fenton",06:28,06:30,Every 30m,Weekday,£1.40,None
24,Inbound,4,"King Street, Fenton",06:43,06:45,Every 30m,Weekday,£1.60,None
24,Inbound,5,Stoke Town Centre,06:58,07:00,Every 30m,Weekday,£1.80,None
24,Inbound,6,"Longton Interchange, Longton",07:13,07:15,Every 30m,Weekday,£2.00,None
24,Inbound,7,Adderley Green,07:28,07:30,Every 30m,Weekday,£2.40,None
24,Inbound,1,"Manor Street, Fenton",06:13,06:15,Every 30m,Weekday,£1.00,None
24,Inbound,2,"Fenpark Road, Fenton",06:28,06:30,Every 30m,Weekday,£1.20,None
24,Inbound,3,"Grove Road, Fenton",06:43,06:45,Every 30m,Weekday,£1.40,None
24,Inbound,4,"King Street, Fenton",06:58,07:00,Every 30m,Weekday,£1.60,None
24,Inbound,5,Stoke Town Centre,07:13,07:15,Every 30m,Weekday,£1.80,None
24,Inbound,6,"Longton Interchange, Longton",07:28,07:30,Every 30m,Weekday,£2.00,None
24,Inbound,7,Adderley Green,07:43,07:45,Every 30m,Weekday,£2.40,None
24,Inbound,1,"Manor Street, Fenton",06:28,06:30,Every 30m,Weekday,£1.00,None
24,Inbound,2,"Fenpark Road, Fenton",06:43,06:45,Every 30m,Weekday,£1.20,None
24,Inbound,3,"Grove Road, Fenton",06:58,07:00,Every 30m,Weekday,£1.40,None
24,Inbound,4,"King Street, Fenton",07:13,07:15,Every 30m,Weekday,£1.60,None
24,Inbound,5,Stoke Town Centre,07:28,07:30,Every 30m,Weekday,£1.80,None
24,Inbound,6,"Longton Interchange, Longton",07:43,07:45,Every 30m,Weekday,£2.00,None
24,Inbound,7,Adderley Green,07:58,08:00,Every 30m,Weekday,£2.40,None
24,Inbound,1,"Manor Street, Fenton",06:43,06:45,Every 30m,Weekday,£1.00,None
24,Inbound,2,"Fenpark Road, Fenton",06:58,07:00,Every 30m,Weekday,£1.20,None
24,Inbound,3,"Grove Road, Fenton",07:13,07:15,Every 30m,Weekday,£1.40,None
24,Inbound,4,"King Street, Fenton",07:28,07:30,Every 30m,Weekday,£1.60,None
24,Inbound,5,Stoke Town Centre,07:43,07:45,Every 30m,Weekday,£1.80,None
24,Inbound,6,"Longton Interchange, Longton",07:58,08:00,Every 30m,Weekday,£2.00,None
24,Inbound,7,Adderley Green,08:13,08:15,Every 30m,Weekday,£2.40,None
24,Inbound,1,"Manor Street, Fenton",06:58,07:00,Every 30m,Weekday,£1.00,None
24,Inbound,2,"Fenpark Road, Fenton",07:13,07:15,Every 30m,Weekday,£1.20,None
24,Inbound,3,"Grove Road, Fenton",07:28,07:30,Every 30m,Weekday,£1.40,None
24,Inbound,4,"King Street, Fenton",07:43,07:45,Every 30m,Weekday,£1.60,None
24,Inbound,5,Stoke Town Centre,07:58,08:00,Every 30m,Weekday,£1.80,None
24,Inbound,6,"Longton Interchange, Longton",08:13,08:15,Every 30m,Weekday,£2.00,None
24,Inbound,7,Adderley Green,08:28,08:30,Every 30m,Weekday,£2.40,None
24,Inbound,1,"Manor Street, Fenton",07:13,07:15,Every 30m,Weekday,£1.00,None
24,Inbound,2,"Fenpark Road, Fenton",07:28,07:30,Every 30m,Weekday,£1.20,None
24,Inbound,3,"Grove Road, Fenton",07:43,07:45,Every 30m,Weekday,£1.40,None
24,Inbound,4,"King Street, Fenton",07:58,08:00,Every 30m,Weekday,£1.60,None
24,Inbound,5,Stoke Town Centre,08:13,08:15,Every 30m,Weekday,£1.80,None
24,Inbound,6,"Longton Interchange, Longton",08:28,08:30,Every 30m,Weekday,£2.00,None
24,Inbound,7,Adderley Green,08:43,08:45,Every 30m,Weekday,£2.40,None
24,Inbound,1,"Manor Street, Fenton",07:28,07:30,Every 30m,Weekday,£1.00,None
24,Inbound,2,"Fenpark Road, Fenton",07:43,07:45,Every 30m,Weekday,£1.20,None
24,Inbound,3,"Grove Road, Fenton",07:58,08:00,Every 30m,Weekday,£1.40,None
24,Inbound,4,"King Street, Fenton",08:13,08:15,Every 30m,Weekday,£1.60,None
24,Inbound,5,Stoke Town Centre,08:28,08:30,Every 30m,Weekday,£1.80,None
24,Inbound,6,"Longton Interchange, Longton",08:43,08:45,Every 30m,Weekday,£2.00,None
24,Inbound,7,Adderley Green,08:58,09:00,Every 30m,Weekday,£2.40,None
24,Inbound,1,"Manor Street, Fenton",07:43,07:45,Every 30m,Weekday,£1.00,None
24,Inbound,2,"Fenpark Road, Fenton",07:58,08:00,Every 30m,Weekday,£1.20,None
24,Inbound,3,"Grove Road, Fenton",08:13,08:15,Every 30m,Weekday,£1.40,None
24,Inbound,4,"King Street, Fenton",08:28,08:30,Every 30m,Weekday,£1.60,None
24,Inbound,5,Stoke Town Centre,08:43,08:45,Every 30m,Weekday,£1.80,None
24,Inbound,6,"Longton Interchange, Longton",08:58,09:00,Every 30m,Weekday,£2.00,None
24,Inbound,7,Adderley Green,09:13,09:15,Every 30m,Weekday,£2.40,None
24,Inbound,1,"Manor Street, Fenton",07:58,08:00,Every 30m,Weekday,£1.00,None
24,Inbound,2,"Fenpark Road, Fenton",08:13,08:15,Every 30m,Weekday,£1.20,None
24,Inbound,3,"Grove Road, Fenton",08:28,08:30,Every 30m,Weekday,£1.40,None
24,Inbound,4,"King Street, Fenton",08:43,08:45,Every 30m,Weekday,£1.60,None
24,Inbound,5,Stoke Town Centre,08:58,09:00,Every 30m,Weekday,£1.80,None
24,Inbound,6,"Longton Interchange, Longton",09:13,09:15,Every 30m,Weekday,£2.00,None
24,Inbound,7,Adderley Green,09:28,09:30,Every 30m,Weekday,£2.40,None
24,Inbound,1,"Manor Street, Fenton",08:13,08:15,Every 30m,Weekday,£1.00,None
24,Inbound,2,"Fenpark Road, Fenton",08:28,08:30,Every 30m,Weekday,£1.20,None
24,Inbound,3,"Grove Road, Fenton",08:43,08:45,Every 30m,Weekday,£1.40,None
24,Inbound,4,"King Street, Fenton",08:58,09:00,Every 30m,Weekday,£1.60,None
24,Inbound,5,Stoke Town Centre,09:13,09:15,Every 30m,Weekday,£1.80,None
24,Inbound,6,"Longton Interchange, Longton",09:28,09:30,Every 30m,Weekday,£2.00,None
24,Inbound,7,Adderley Green,09:43,09:45,Every 30m,Weekday,£2.40,None
24,Inbound,1,"Manor Street, Fenton",08:28,08:30,Every 30m,Weekday,£1.00,None
24,Inbound,2,"Fenpark Road, Fenton",08:43,08:45,Every 30m,Weekday,£1.20,None
24,Inbound,3,"Grove Road, Fenton",08:58,09:00,Every 30m,Weekday,£1.40,None
24,Inbound,4,"King Street, Fenton",09:13,09:15,Every 30m,Weekday,£1.60,None
24,Inbound,5,Stoke Town Centre,09:28,09:30,Every 30m,Weekday,£1.80,None
24,Inbound,6,"Longton Interchange, Longton",09:43,09:45,Every 30m,Weekday,£2.00,None
24,Inbound,7,Adderley Green,09:58,10:00,Every 30m,Weekday,£2.40,None
24,Inbound,1,"Manor Street, Fenton",08:43,08:45,Every 30m,Weekday,£1.00,None
24,Inbound,2,"Fenpark Road, Fenton",08:58,09:00,Every 30m,Weekday,£1.20,None
24,Inbound,3,"Grove Road, Fenton",09:13,09:15,Every 30m,Weekday,£1.40,None
24,Inbound,4,"King Street, Fenton",09:28,09:30,Every 30m,Weekday,£1.60,None
24,Inbound,5,Stoke Town Centre,09:43,09:45,Every 30m,Weekday,£1.80,None
24,Inbound,6,"Longton Interchange, Longton",09:58,10:00,Every 30m,Weekday,£2.00,None
24,Inbound,7,Adderley Green,10:13,10:15,Every 30m,Weekday,£2.40,None
24,Inbound,1,"Manor Street, Fenton",08:58,09:00,Every 30m,Weekday,£1.00,None
24,Inbound,2,"Fenpark Road, Fenton",09:13,09:15,Every 30m,Weekday,£1.20,None
24,Inbound,3,"Grove Road, Fenton",09:28,09:30,Every 30m,Weekday,£1.40,None
24,Inbound,4,"King Street, Fenton",09:43,09:45,Every 30m,Weekday,£1.60,None
24,Inbound,5,Stoke Town Centre,09:58,10:00,Every 30m,Weekday,£1.80,None
24,Inbound,6,"Longton Interchange, Longton",10:13,10:15,Every 30m,Weekday,£2.00,None
24,Inbound,7,Adderley Green,10:28,10:30,Every 30m,Weekday,£2.40,None
24,Inbound,1,"Manor Street, Fenton",09:13,09:15,Every 30m,Weekday,£1.00,None
24,Inbound,2,"Fenpark Road, Fenton",09:28,09:30,Every 30m,Weekday,£1.20,None
24,Inbound,3,"Grove Road, Fenton",09:43,09:45,Every 30m,Weekday,£1.40,None
24,Inbound,4,"King Street, Fenton",09:58,10:00,Every 30m,Weekday,£1.60,None
24,Inbound,5,Stoke Town Centre,10:13,10:15,Every 30m,Weekday,£1.80,None
24,Inbound,6,"Longton Interchange, Longton",10:28,10:30,Every 30m,Weekday,£2.00,None
24,Inbound,7,Adderley Green,10:43,10:45,Every 30m,Weekday,£2.40,None
24,Inbound,1,"Manor Street, Fenton",09:28,09:30,Every 30m,Weekday,£1.00,None
24,Inbound,2,"Fenpark Road, Fenton",09:43,09:45,Every 30m,Weekday,£1.20,None
24,Inbound,3,"Grove Road, Fenton",09:58,10:00,Every 30m,Weekday,£1.40,None
24,Inbound,4,"King Street, Fenton",10:13,10:15,Every 30m,Weekday,£1.60,None
24,Inbound,5,Stoke Town Centre,10:28,10:30,Every 30m,Weekday,£1.80,None
24,Inbound,6,"Longton Interchange, Longton",10:43,10:45,Every 30m,Weekday,£2.00,None
24,Inbound,7,Adderley Green,10:58,11:00,Every 30m,Weekday,£2.40,None
24,Inbound,1,"Manor Street, Fenton",09:43,09:45,Every 30m,Weekday,£1.00,None
24,Inbound,2,"Fenpark Road, Fenton",09:58,10:00,Every 30m,Weekday,£1.20,None
24,Inbound,3,"Grove Road, Fenton",10:13,10:15,Every 30m,Weekday,£1.40,None
24,Inbound,4,"King Street, Fenton",10:28,10:30,Every 30m,Weekday,£1.60,None
24,Inbound,5,Stoke Town Centre,10:43,10:45,Every 30m,Weekday,£1.80,None
24,Inbound,6,"Longton Interchange, Longton",10:58,11:00,Every 30m,Weekday,£2.00,None
24,Inbound,7,Adderley Green,11:13,11:15,Every 30m,Weekday,£2.40,None
24,Inbound,1,"Manor Street, Fenton",09:58,10:00,Every 30m,Weekday,£1.00,None
24,Inbound,2,"Fenpark Road, Fenton",10:13,10:15,Every 30m,Weekday,£1.20,None
24,Inbound,3,"Grove Road, Fenton",10:28,10:30,Every 30m,Weekday,£1.40,None
24,Inbound,4,"King Street, Fenton",10:43,10:45,Every 30m,Weekday,£1.60,None
24,Inbound,5,Stoke Town Centre,10:58,11:00,Every 30m,Weekday,£1.80,None
24,Inbound,6,"Longton Interchange, Longton",11:13,11:15,Every 30m,Weekday,£2.00,None
24,Inbound,7,Adderley Green,11:28,11:30,Every 30m,Weekday,£2.40,None
24,Inbound,1,"Manor Street, Fenton",10:13,10:15,Every 30m,Weekday,£1.00,None
24,Inbound,2,"Fenpark Road, Fenton",10:28,10:30,Every 30m,Weekday,£1.20,None
24,Inbound,3,"Grove Road, Fenton",10:43,10:45,Every 30m,Weekday,£1.40,None
24,Inbound,4,"King Street, Fenton",10:58,11:00,Every 30m,Weekday,£1.60,None
24,Inbound,5,Stoke Town Centre,11:13,11:15,Every 30m,Weekday,£1.80,None
24,Inbound,6,"Longton Interchange, Longton",11:28,11:30,Every 30m,Weekday,£2.00,None
24,Inbound,7,Adderley Green,11:43,11:45,Every 30m,Weekday,£2.40,None
24,Inbound,1,"Manor Street, Fenton",10:28,10:30,Every 30m,Weekday,£1.00,None
24,Inbound,2,"Fenpark Road, Fenton",10:43,10:45,Every 30m,Weekday,£1.20,None
24,Inbound,3,"Grove Road, Fenton",10:58,11:00,Every 30m,Weekday,£1.40,None
24,Inbound,4,"King Street, Fenton",11:13,11:15,Every 30m,Weekday,£1.60,None
24,Inbound,5,Stoke Town Centre,11:28,11:30,Every 30m,Weekday,£1.80,None
24,Inbound,6,"Longton Interchange, Longton",11:43,11:45,Every 30m,Weekday,£2.00,None
24,Inbound,7,Adderley Green,11:58,12:00,Every 30m,Weekday,£2.40,None
24,Inbound,1,"Manor Street, Fenton",10:43,10:45,Every 30m,Weekday,£1.00,None
24,Inbound,2,"Fenpark Road, Fenton",10:58,11:00,Every 30m,Weekday,£1.20,None
24,Inbound,3,"Grove Road, Fenton",11:13,11:15,Every 30m,Weekday,£1.40,None
24,Inbound,4,"King Street, Fenton",11:28,11:30,Every 30m,Weekday,£1.60,None
24,Inbound,5,Stoke Town Centre,11:43,11:45,Every 30m,Weekday,£1.80,None
24,Inbound,6,"Longton Interchange, Longton",11:58,12:00,Every 30m,Weekday,£2.00,None
24,Inbound,7,Adderley Green,12:13,12:15,Every 30m,Weekday,£2.40,None
24,Inbound,1,"Manor Street, Fenton",10:58,11:00,Every 30m,Weekday,£1.00,None
24,Inbound,2,"Fenpark Road, Fenton",11:13,11:15,Every 30m,Weekday,£1.20,None
24,Inbound,3,"Grove Road, Fenton",11:28,11:30,Every 30m,Weekday,£1.40,None
24,Inbound,4,"King Street, Fenton",11:43,11:45,Every 30m,Weekday,£1.60,None
24,Inbound,5,Stoke Town Centre,11:58,12:00,Every 30m,Weekday,£1.80,None
24,Inbound,6,"Longton Interchange, Longton",12:13,12:15,Every 30m,Weekday,£2.00,None
24,Inbound,7,Adderley Green,12:28,12:30,Every 30m,Weekday,£2.40,None
24,Inbound,1,"Manor Street, Fenton",11:13,11:15,Every 30m,Weekday,£1.00,None
24,Inbound,2,"Fenpark Road, Fenton",11:28,11:30,Every 30m,Weekday,£1.20,None
24,Inbound,3,"Grove Road, Fenton",11:43,11:45,Every 30m,Weekday,£1.40,None
24,Inbound,4,"King Street, Fenton",11:58,12:00,Every 30m,Weekday,£1.60,None
24,Inbound,5,Stoke Town Centre,12:13,12:15,Every 30m,Weekday,£1.80,None
24,Inbound,6,"Longton Interchange, Longton",12:28,12:30,Every 30m,Weekday,£2.00,None
24,Inbound,7,Adderley Green,12:43,12:45,Every 30m,Weekday,£2.40,None
24,Inbound,1,"Manor Street, Fenton",11:28,11:30,Every 30m,Weekday,£1.00,None
24,Inbound,2,"Fenpark Road, Fenton",11:43,11:45,Every 30m,Weekday,£1.20,None
24,Inbound,3,"Grove Road, Fenton",11:58,12:00,Every 30m,Weekday,£1.40,None
24,Inbound,4,"King Street, Fenton",12:13,12:15,Every 30m,Weekday,£1.60,None
24,Inbound,5,Stoke Town Centre,12:28,12:30,Every 30m,Weekday,£1.80,None
24,Inbound,6,"Longton Interchange, Longton",12:43,12:45,Every 30m,Weekday,£2.00,None
24,Inbound,7,Adderley Green,12:58,13:00,Every 30m,Weekday,£2.40,None
24,Inbound,1,"Manor Street, Fenton",11:43,11:45,Every 30m,Weekday,£1.00,None
24,Inbound,2,"Fenpark Road, Fenton",11:58,12:00,Every 30m,Weekday,£1.20,None
24,Inbound,3,"Grove Road, Fenton",12:13,12:15,Every 30m,Weekday,£1.40,None
24,Inbound,4,"King Street, Fenton",12:28,12:30,Every 30m,Weekday,£1.60,None
24,Inbound,5,Stoke Town Centre,12:43,12:45,Every 30m,Weekday,£1.80,None
24,Inbound,6,"Longton Interchange, Longton",12:58,13:00,Every 30m,Weekday,£2.00,None
24,Inbound,7,Adderley Green,13:13,13:15,Every 30m,Weekday,£2.40,None
24,Inbound,1,"Manor Street, Fenton",11:58,12:00,Every 30m,Weekday,£1.00,None
24,Inbound,2,"Fenpark Road, Fenton",12:13,12:15,Every 30m,Weekday,£1.20,None
24,Inbound,3,"Grove Road, Fenton",12:28,12:30,Every 30m,Weekday,£1.40,None
24,Inbound,4,"King Street, Fenton",12:43,12:45,Every 30m,Weekday,£1.60,None
24,Inbound,5,Stoke Town Centre,12:58,13:00,Every 30m,Weekday,£1.80,None
24,Inbound,6,"Longton Interchange, Longton",13:13,13:15,Every 30m,Weekday,£2.00,None
24,Inbound,7,Adderley Green,13:28,13:30,Every 30m,Weekday,£2.40,None
24,Inbound,1,"Manor Street, Fenton",12:13,12:15,Every 30m,Weekday,£1.00,None
24,Inbound,2,"Fenpark Road, Fenton",12:28,12:30,Every 30m,Weekday,£1.20,None
24,Inbound,3,"Grove Road, Fenton",12:43,12:45,Every 30m,Weekday,£1.40,None
24,Inbound,4,"King Street, Fenton",12:58,13:00,Every 30m,Weekday,£1.60,None
24,Inbound,5,Stoke Town Centre,13:13,13:15,Every 30m,Weekday,£1.80,None
24,Inbound,6,"Longton Interchange, Longton",13:28,13:30,Every 30m,Weekday,£2.00,None
24,Inbound,7,Adderley Green,13:43,13:45,Every 30m,Weekday,£2.40,None
24,Inbound,1,"Manor Street, Fenton",12:28,12:30,Every 30m,Weekday,£1.00,None
24,Inbound,2,"Fenpark Road, Fenton",12:43,12:45,Every 30m,Weekday,£1.20,None
24,Inbound,3,"Grove Road, Fenton",12:58,13:00,Every 30m,Weekday,£1.40,None
24,Inbound,4,"King Street, Fenton",13:13,13:15,Every 30m,Weekday,£1.60,None
24,Inbound,5,Stoke Town Centre,13:28,13:30,Every 30m,Weekday,£1.80,None
24,Inbound,6,"Longton Interchange, Longton",13:43,13:45,Every 30m,Weekday,£2.00,None
24,Inbound,7,Adderley Green,13:58,14:00,Every 30m,Weekday,£2.40,None
24,Inbound,1,"Manor Street, Fenton",12:43,12:45,Every 30m,Weekday,£1.00,None
24,Inbound,2,"Fenpark Road, Fenton",12:58,13:00,Every 30m,Weekday,£1.20,None
24,Inbound,3,"Grove Road, Fenton",13:13,13:15,Every 30m,Weekday,£1.40,None
24,Inbound,4,"King Street, Fenton",13:28,13:30,Every 30m,Weekday,£1.60,None
24,Inbound,5,Stoke Town Centre,13:43,13:45,Every 30m,Weekday,£1.80,None
24,Inbound,6,"Longton Interchange, Longton",13:58,14:00,Every 30m,Weekday,£2.00,None
24,Inbound,7,Adderley Green,14:13,14:15,Every 30m,Weekday,£2.40,None
24,Inbound,1,"Manor Street, Fenton",12:58,13:00,Every 30m,Weekday,£1.00,None
24,Inbound,2,"Fenpark Road, Fenton",13:13,13:15,Every 30m,Weekday,£1.20,None
24,Inbound,3,"Grove Road, Fenton",13:28,13:30,Every 30m,Weekday,£1.40,None
24,Inbound,4,"King Street, Fenton",13:43,13:45,Every 30m,Weekday,£1.60,None
24,Inbound,5,Stoke Town Centre,13:58,14:00,Every 30m,Weekday,£1.80,None
24,Inbound,6,"Longton Interchange, Longton",14:13,14:15,Every 30m,Weekday,£2.00,None
24,Inbound,7,Adderley Green,14:28,14:30,Every 30m,Weekday,£2.40,None
24,Inbound,1,"Manor Street, Fenton",13:13,13:15,Every 30m,Weekday,£1.00,None
24,Inbound,2,"Fenpark Road, Fenton",13:28,13:30,Every 30m,Weekday,£1.20,None
24,Inbound,3,"Grove Road, Fenton",13:43,13:45,Every 30m,Weekday,£1.40,None
24,Inbound,4,"King Street, Fenton",13:58,14:00,Every 30m,Weekday,£1.60,None
24,Inbound,5,Stoke Town Centre,14:13,14:15,Every 30m,Weekday,£1.80,None
24,Inbound,6,"Longton Interchange, Longton",14:28,14:30,Every 30m,Weekday,£2.00,None
24,Inbound,7,Adderley Green,14:43,14:45,Every 30m,Weekday,£2.40,None
24,Inbound,1,"Manor Street, Fenton",13:28,13:30,Every 30m,Weekday,£1.00,None
24,Inbound,2,"Fenpark Road, Fenton",13:43,13:45,Every 30m,Weekday,£1.20,None
24,Inbound,3,"Grove Road, Fenton",13:58,14:00,Every 30m,Weekday,£1.40,None
24,Inbound,4,"King Street, Fenton",14:13,14:15,Every 30m,Weekday,£1.60,None
24,Inbound,5,Stoke Town Centre,14:28,14:30,Every 30m,Weekday,£1.80,None
24,Inbound,6,"Longton Interchange, Longton",14:43,14:45,Every 30m,Weekday,£2.00,None
24,Inbound,7,Adderley Green,14:58,15:00,Every 30m,Weekday,£2.40,None
24,Inbound,1,"Manor Street, Fenton",13:43,13:45,Every 30m,Weekday,£1.00,None
24,Inbound,2,"Fenpark Road, Fenton",13:58,14:00,Every 30m,Weekday,£1.20,None
24,Inbound,3,"Grove Road, Fenton",14:13,14:15,Every 30m,Weekday,£1.40,None
24,Inbound,4,"King Street, Fenton",14:28,14:30,Every 30m,Weekday,£1.60,None
24,Inbound,5,Stoke Town Centre,14:43,14:45,Every 30m,Weekday,£1.80,None
24,Inbound,6,"Longton Interchange, Longton",14:58,15:00,Every 30m,Weekday,£2.00,None
24,Inbound,7,Adderley Green,15:13,15:15,Every 30m,Weekday,£2.40,None
24,Inbound,1,"Manor Street, Fenton",13:58,14:00,Every 30m,Weekday,£1.00,None
24,Inbound,2,"Fenpark Road, Fenton",14:13,14:15,Every 30m,Weekday,£1.20,None
24,Inbound,3,"Grove Road, Fenton",14:28,14:30,Every 30m,Weekday,£1.40,None
24,Inbound,4,"King Street, Fenton",14:43,14:45,Every 30m,Weekday,£1.60,None
24,Inbound,5,Stoke Town Centre,14:58,15:00,Every 30m,Weekday,£1.80,None
24,Inbound,6,"Longton Interchange, Longton",15:13,15:15,Every 30m,Weekday,£2.00,None
24,Inbound,7,Adderley Green,15:28,15:30,Every 30m,Weekday,£2.40,None
24,Inbound,1,"Manor Street, Fenton",14:13,14:15,Every 30m,Weekday,£1.00,None
24,Inbound,2,"Fenpark Road, Fenton",14:28,14:30,Every 30m,Weekday,£1.20,None
24,Inbound,3,"Grove Road, Fenton",14:43,14:45,Every 30m,Weekday,£1.40,None
24,Inbound,4,"King Street, Fenton",14:58,15:00,Every 30m,Weekday,£1.60,None
24,Inbound,5,Stoke Town Centre,15:13,15:15,Every 30m,Weekday,£1.80,None
24,Inbound,6,"Longton Interchange, Longton",15:28,15:30,Every 30m,Weekday,£2.00,None
24,Inbound,7,Adderley Green,15:43,15:45,Every 30m,Weekday,£2.40,None
24,Inbound,1,"Manor Street, Fenton",14:28,14:30,Every 30m,Weekday,£1.00,None
24,Inbound,2,"Fenpark Road, Fenton",14:43,14:45,Every 30m,Weekday,£1.20,None
24,Inbound,3,"Grove Road, Fenton",14:58,15:00,Every 30m,Weekday,£1.40,None
24,Inbound,4,"King Street, Fenton",15:13,15:15,Every 30m,Weekday,£1.60,None
24,Inbound,5,Stoke Town Centre,15:28,15:30,Every 30m,Weekday,£1.80,None
24,Inbound,6,"Longton Interchange, Longton",15:43,15:45,Every 30m,Weekday,£2.00,None
24,Inbound,7,Adderley Green,15:58,16:00,Every 30m,Weekday,£2.40,None
24,Inbound,1,"Manor Street, Fenton",14:43,14:45,Every 30m,Weekday,£1.00,None
24,Inbound,2,"Fenpark Road, Fenton",14:58,15:00,Every 30m,Weekday,£1.20,None
24,Inbound,3,"Grove Road, Fenton",15:13,15:15,Every 30m,Weekday,£1.40,None
24,Inbound,4,"King Street, Fenton",15:28,15:30,Every 30m,Weekday,£1.60,None
24,Inbound,5,Stoke Town Centre,15:43,15:45,Every 30m,Weekday,£1.80,None
24,Inbound,6,"Longton Interchange, Longton",15:58,16:00,Every 30m,Weekday,£2.00,None
24,Inbound,7,Adderley Green,16:13,16:15,Every 30m,Weekday,£2.40,None
24,Inbound,1,"Manor Street, Fenton",14:58,15:00,Every 30m,Weekday,£1.00,None
24,Inbound,2,"Fenpark Road, Fenton",15:13,15:15,Every 30m,Weekday,£1.20,None
24,Inbound,3,"Grove Road, Fenton",15:28,15:30,Every 30m,Weekday,£1.40,None
24,Inbound,4,"King Street, Fenton",15:43,15:45,Every 30m,Weekday,£1.60,None
24,Inbound,5,Stoke Town Centre,15:58,16:00,Every 30m,Weekday,£1.80,None
24,Inbound,6,"Longton Interchange, Longton",16:13,16:15,Every 30m,Weekday,£2.00,None
24,Inbound,7,Adderley Green,16:28,16:30,Every 30m,Weekday,£2.40,None
24,Inbound,1,"Manor Street, Fenton",15:13,15:15,Every 30m,Weekday,£1.00,None
24,Inbound,2,"Fenpark Road, Fenton",15:28,15:30,Every 30m,Weekday,£1.20,None
24,Inbound,3,"Grove Road, Fenton",15:43,15:45,Every 30m,Weekday,£1.40,None
24,Inbound,4,"King Street, Fenton",15:58,16:00,Every 30m,Weekday,£1.60,None
24,Inbound,5,Stoke Town Centre,16:13,16:15,Every 30m,Weekday,£1.80,None
24,Inbound,6,"Longton Interchange, Longton",16:28,16:30,Every 30m,Weekday,£2.00,None
24,Inbound,7,Adderley Green,16:43,16:45,Every 30m,Weekday,£2.40,None
24,Inbound,1,"Manor Street, Fenton",15:28,15:30,Every 30m,Weekday,£1.00,None
24,Inbound,2,"Fenpark Road, Fenton",15:43,15:45,Every 30m,Weekday,£1.20,None
24,Inbound,3,"Grove Road, Fenton",15:58,16:00,Every 30m,Weekday,£1.40,None
24,Inbound,4,"King Street, Fenton",16:13,16:15,Every 30m,Weekday,£1.60,None
24,Inbound,5,Stoke Town Centre,16:28,16:30,Every 30m,Weekday,£1.80,None
24,Inbound,6,"Longton Interchange, Longton",16:43,16:45,Every 30m,Weekday,£2.00,None
24,Inbound,7,Adderley Green,16:58,17:00,Every 30m,Weekday,£2.40,None
24,Inbound,1,"Manor Street, Fenton",15:43,15:45,Every 30m,Weekday,£1.00,None
24,Inbound,2,"Fenpark Road, Fenton",15:58,16:00,Every 30m,Weekday,£1.20,None
24,Inbound,3,"Grove Road, Fenton",16:13,16:15,Every 30m,Weekday,£1.40,None
24,Inbound,4,"King Street, Fenton",16:28,16:30,Every 30m,Weekday,£1.60,None
24,Inbound,5,Stoke Town Centre,16:43,16:45,Every 30m,Weekday,£1.80,None
24,Inbound,6,"Longton Interchange, Longton",16:58,17:00,Every 30m,Weekday,£2.00,None
24,Inbound,7,Adderley Green,17:13,17:15,Every 30m,Weekday,£2.40,None
24,Inbound,1,"Manor Street, Fenton",15:58,16:00,Every 30m,Weekday,£1.00,None
24,Inbound,2,"Fenpark Road, Fenton",16:13,16:15,Every 30m,Weekday,£1.20,None
24,Inbound,3,"Grove Road, Fenton",16:28,16:30,Every 30m,Weekday,£1.40,None
24,Inbound,4,"King Street, Fenton",16:43,16:45,Every 30m,Weekday,£1.60,None
24,Inbound,5,Stoke Town Centre,16:58,17:00,Every 30m,Weekday,£1.80,None
24,Inbound,6,"Longton Interchange, Longton",17:13,17:15,Every 30m,Weekday,£2.00,None
24,Inbound,7,Adderley Green,17:28,17:30,Every 30m,Weekday,£2.40,None
24,Inbound,1,"Manor Street, Fenton",16:13,16:15,Every 30m,Weekday,£1.00,None
24,Inbound,2,"Fenpark Road, Fenton",16:28,16:30,Every 30m,Weekday,£1.20,None
24,Inbound,3,"Grove Road, Fenton",16:43,16:45,Every 30m,Weekday,£1.40,None
24,Inbound,4,"King Street, Fenton",16:58,17:00,Every 30m,Weekday,£1.60,None
24,Inbound,5,Stoke Town Centre,17:13,17:15,Every 30m,Weekday,£1.80,None
24,Inbound,6,"Longton Interchange, Longton",17:28,17:30,Every 30m,Weekday,£2.00,None
24,Inbound,7,Adderley Green,17:43,17:45,Every 30m,Weekday,£2.40,None
24,Inbound,1,"Manor Street, Fenton",16:28,16:30,Every 30m,Weekday,£1.00,None
24,Inbound,2,"Fenpark Road, Fenton",16:43,16:45,Every 30m,Weekday,£1.20,None
24,Inbound,3,"Grove Road, Fenton",16:58,17:00,Every 30m,Weekday,£1.40,None
24,Inbound,4,"King Street, Fenton",17:13,17:15,Every 30m,Weekday,£1.60,None
24,Inbound,5,Stoke Town Centre,17:28,17:30,Every 30m,Weekday,£1.80,None
24,Inbound,6,"Longton Interchange, Longton",17:43,17:45,Every 30m,Weekday,£2.00,None
24,Inbound,7,Adderley Green,17:58,18:00,Every 30m,Weekday,£2.40,None
24,Inbound,1,"Manor Street, Fenton",16:43,16:45,Every 30m,Weekday,£1.00,None
24,Inbound,2,"Fenpark Road, Fenton",16:58,17:00,Every 30m,Weekday,£1.20,None
24,Inbound,3,"Grove Road, Fenton",17:13,17:15,Every 30m,Weekday,£1.40,None
24,Inbound,4,"King Street, Fenton",17:28,17:30,Every 30m,Weekday,£1.60,None
24,Inbound,5,Stoke Town Centre,17:43,17:45,Every 30m,Weekday,£1.80,None
24,Inbound,6,"Longton Interchange, Longton",17:58,18:00,Every 30m,Weekday,£2.00,None
24,Inbound,7,Adderley Green,18:13,18:15,Every 30m,Weekday,£2.40,None
24,Inbound,1,"Manor Street, Fenton",16:58,17:00,Every 30m,Weekday,£1.00,None
24,Inbound,2,"Fenpark Road, Fenton",17:13,17:15,Every 30m,Weekday,£1.20,None
24,Inbound,3,"Grove Road, Fenton",17:28,17:30,Every 30m,Weekday,£1.40,None
24,Inbound,4,"King Street, Fenton",17:43,17:45,Every 30m,Weekday,£1.60,None
24,Inbound,5,Stoke Town Centre,17:58,18:00,Every 30m,Weekday,£1.80,None
24,Inbound,6,"Longton Interchange, Longton",18:13,18:15,Every 30m,Weekday,£2.00,None
24,Inbound,7,Adderley Green,18:28,18:30,Every 30m,Weekday,£2.40,None
24,Inbound,1,"Manor Street, Fenton",17:13,17:15,Every 30m,Weekday,£1.00,None
24,Inbound,2,"Fenpark Road, Fenton",17:28,17:30,Every 30m,Weekday,£1.20,None
24,Inbound,3,"Grove Road, Fenton",17:43,17:45,Every 30m,Weekday,£1.40,None
24,Inbound,4,"King Street, Fenton",17:58,18:00,Every 30m,Weekday,£1.60,None
24,Inbound,5,Stoke Town Centre,18:13,18:15,Every 30m,Weekday,£1.80,None
24,Inbound,6,"Longton Interchange, Longton",18:28,18:30,Every 30m,Weekday,£2.00,None
24,Inbound,7,Adderley Green,18:43,18:45,Every 30m,Weekday,£2.40,None
24,Inbound,1,"Manor Street, Fenton",17:28,17:30,Every 30m,Weekday,£1.00,None
24,Inbound,2,"Fenpark Road, Fenton",17:43,17:45,Every 30m,Weekday,£1.20,None
24,Inbound,3,"Grove Road, Fenton",17:58,18:00,Every 30m,Weekday,£1.40,None
24,Inbound,4,"King Street, Fenton",18:13,18:15,Every 30m,Weekday,£1.60,None
24,Inbound,5,Stoke Town Centre,18:28,18:30,Every 30m,Weekday,£1.80,None
24,Inbound,6,"Longton Interchange, Longton",18:43,18:45,Every 30m,Weekday,£2.00,None
24,Inbound,7,Adderley Green,18:58,19:00,Every 30m,Weekday,£2.40,None
24,Inbound,1,"Manor Street, Fenton",17:43,17:45,Every 30m,Weekday,£1.00,None
24,Inbound,2,"Fenpark Road, Fenton",17:58,18:00,Every 30m,Weekday,£1.20,None
24,Inbound,3,"Grove Road, Fenton",18:13,18:15,Every 30m,Weekday,£1.40,None
24,Inbound,4,"King Street, Fenton",18:28,18:30,Every 30m,Weekday,£1.60,None
24,Inbound,5,Stoke Town Centre,18:43,18:45,Every 30m,Weekday,£1.80,None
24,Inbound,6,"Longton Interchange, Longton",18:58,19:00,Every 30m,Weekday,£2.00,None
24,Inbound,7,Adderley Green,19:13,19:15,Every 30m,Weekday,£2.40,None
24,Inbound,1,"Manor Street, Fenton",17:58,18:00,Every 30m,Weekday,£1.00,None
24,Inbound,2,"Fenpark Road, Fenton",18:13,18:15,Every 30m,Weekday,£1.20,None
24,Inbound,3,"Grove Road, Fenton",18:28,18:30,Every 30m,Weekday,£1.40,None
24,Inbound,4,"King Street, Fenton",18:43,18:45,Every 30m,Weekday,£1.60,None
24,Inbound,5,Stoke Town Centre,18:58,19:00,Every 30m,Weekday,£1.80,None
24,Inbound,6,"Longton Interchange, Longton",19:13,19:15,Every 30m,Weekday,£2.00,None
24,Inbound,7,Adderley Green,19:28,19:30,Every 30m,Weekday,£2.40,None
24,Inbound,1,"Manor Street, Fenton",18:13,18:15,Every 30m,Weekday,£1.00,None
24,Inbound,2,"Fenpark Road, Fenton",18:28,18:30,Every 30m,Weekday,£1.20,None
24,Inbound,3,"Grove Road, Fenton",18:43,18:45,Every 30m,Weekday,£1.40,None
24,Inbound,4,"King Street, Fenton",18:58,19:00,Every 30m,Weekday,£1.60,None
24,Inbound,5,Stoke Town Centre,19:13,19:15,Every 30m,Weekday,£1.80,None
24,Inbound,6,"Longton Interchange, Longton",19:28,19:30,Every 30m,Weekday,£2.00,None
24,Inbound,7,Adderley Green,19:43,19:45,Every 30m,Weekday,£2.40,None
24,Inbound,1,"Manor Street, Fenton",18:28,18:30,Every 30m,Weekday,£1.00,None
24,Inbound,2,"Fenpark Road, Fenton",18:43,18:45,Every 30m,Weekday,£1.20,None
24,Inbound,3,"Grove Road, Fenton",18:58,19:00,Every 30m,Weekday,£1.40,None
24,Inbound,4,"King Street, Fenton",19:13,19:15,Every 30m,Weekday,£1.60,None
24,Inbound,5,Stoke Town Centre,19:28,19:30,Every 30m,Weekday,£1.80,None
24,Inbound,6,"Longton Interchange, Longton",19:43,19:45,Every 30m,Weekday,£2.00,None
24,Inbound,7,Adderley Green,19:58,20:00,Every 30m,Weekday,£2.40,None
24,Inbound,1,"Manor Street, Fenton",18:43,18:45,Every 30m,Weekday,£1.00,None
24,Inbound,2,"Fenpark Road, Fenton",18:58,19:00,Every 30m,Weekday,£1.20,None
24,Inbound,3,"Grove Road, Fenton",19:13,19:15,Every 30m,Weekday,£1.40,None
24,Inbound,4,"King Street, Fenton",19:28,19:30,Every 30m,Weekday,£1.60,None
24,Inbound,5,Stoke Town Centre,19:43,19:45,Every 30m,Weekday,£1.80,None
24,Inbound,6,"Longton Interchange, Longton",19:58,20:00,Every 30m,Weekday,£2.00,None
24,Inbound,7,Adderley Green,20:13,20:15,Every 30m,Weekday,£2.40,None
24,Inbound,1,"Manor Street, Fenton",18:58,19:00,Every 30m,Weekday,£1.00,None
24,Inbound,2,"Fenpark Road, Fenton",19:13,19:15,Every 30m,Weekday,£1.20,None
24,Inbound,3,"Grove Road, Fenton",19:28,19:30,Every 30m,Weekday,£1.40,None
24,Inbound,4,"King Street, Fenton",19:43,19:45,Every 30m,Weekday,£1.60,None
24,Inbound,5,Stoke Town Centre,19:58,20:00,Every 30m,Weekday,£1.80,None
24,Inbound,6,"Longton Interchange, Longton",20:13,20:15,Every 30m,Weekday,£2.00,None
24,Inbound,7,Adderley Green,20:28,20:30,Every 30m,Weekday,£2.40,None
24,Inbound,1,"Manor Street, Fenton",19:13,19:15,Every 30m,Weekday,£1.00,None
24,Inbound,2,"Fenpark Road, Fenton",19:28,19:30,Every 30m,Weekday,£1.20,None
24,Inbound,3,"Grove Road, Fenton",19:43,19:45,Every 30m,Weekday,£1.40,None
24,Inbound,4,"King Street, Fenton",19:58,20:00,Every 30m,Weekday,£1.60,None
24,Inbound,5,Stoke Town Centre,20:13,20:15,Every 30m,Weekday,£1.80,None
24,Inbound,6,"Longton Interchange, Longton",20:28,20:30,Every 30m,Weekday,£2.00,None
24,Inbound,7,Adderley Green,20:43,20:45,Every 30m,Weekday,£2.40,None
24,Inbound,1,"Manor Street, Fenton",19:28,19:30,Every 30m,Weekday,£1.00,None
24,Inbound,2,"Fenpark Road, Fenton",19:43,19:45,Every 30m,Weekday,£1.20,None
24,Inbound,3,"Grove Road, Fenton",19:58,20:00,Every 30m,Weekday,£1.40,None
24,Inbound,4,"King Street, Fenton",20:13,20:15,Every 30m,Weekday,£1.60,None
24,Inbound,5,Stoke Town Centre,20:28,20:30,Every 30m,Weekday,£1.80,None
24,Inbound,6,"Longton Interchange, Longton",20:43,20:45,Every 30m,Weekday,£2.00,None
24,Inbound,7,Adderley Green,20:58,21:00,Every 30m,Weekday,£2.40,None
24,Inbound,1,"Manor Street, Fenton",19:43,19:45,Every 30m,Weekday,£1.00,None
24,Inbound,2,"Fenpark Road, Fenton",19:58,20:00,Every 30m,Weekday,£1.20,None
24,Inbound,3,"Grove Road, Fenton",20:13,20:15,Every 30m,Weekday,£1.40,None
24,Inbound,4,"King Street, Fenton",20:28,20:30,Every 30m,Weekday,£1.60,None
24,Inbound,5,Stoke Town Centre,20:43,20:45,Every 30m,Weekday,£1.80,None
24,Inbound,6,"Longton Interchange, Longton",20:58,21:00,Every 30m,Weekday,£2.00,None
24,Inbound,7,Adderley Green,21:13,21:15,Every 30m,Weekday,£2.40,None
24,Inbound,1,"Manor Street, Fenton",19:58,20:00,Every 30m,Weekday,£1.00,None
24,Inbound,2,"Fenpark Road, Fenton",20:13,20:15,Every 30m,Weekday,£1.20,None
24,Inbound,3,"Grove Road, Fenton",20:28,20:30,Every 30m,Weekday,£1.40,None
24,Inbound,4,"King Street, Fenton",20:43,20:45,Every 30m,Weekday,£1.60,None
24,Inbound,5,Stoke Town Centre,20:58,21:00,Every 30m,Weekday,£1.80,None
24,Inbound,6,"Longton Interchange, Longton",21:13,21:15,Every 30m,Weekday,£2.00,None
24,Inbound,7,Adderley Green,21:28,21:30,Every 30m,Weekday,£2.40,None
24,Inbound,1,"Manor Street, Fenton",20:13,20:15,Every 30m,Weekday,£1.00,None
24,Inbound,2,"Fenpark Road, Fenton",20:28,20:30,Every 30m,Weekday,£1.20,None
24,Inbound,3,"Grove Road, Fenton",20:43,20:45,Every 30m,Weekday,£1.40,None
24,Inbound,4,"King Street, Fenton",20:58,21:00,Every 30m,Weekday,£1.60,None
24,Inbound,5,Stoke Town Centre,21:13,21:15,Every 30m,Weekday,£1.80,None
24,Inbound,6,"Longton Interchange, Longton",21:28,21:30,Every 30m,Weekday,£2.00,None
24,Inbound,7,Adderley Green,21:43,21:45,Every 30m,Weekday,£2.40,None
24,Inbound,1,"Manor Street, Fenton",20:28,20:30,Every 30m,Weekday,£1.00,None
24,Inbound,2,"Fenpark Road, Fenton",20:43,20:45,Every 30m,Weekday,£1.20,None
24,Inbound,3,"Grove Road, Fenton",20:58,21:00,Every 30m,Weekday,£1.40,None
24,Inbound,4,"King Street, Fenton",21:13,21:15,Every 30m,Weekday,£1.60,None
24,Inbound,5,Stoke Town Centre,21:28,21:30,Every 30m,Weekday,£1.80,None
24,Inbound,6,"Longton Interchange, Longton",21:43,21:45,Every 30m,Weekday,£2.00,None
24,Inbound,7,Adderley Green,21:58,22:00,Every 30m,Weekday,£2.40,None
24,Inbound,1,"Manor Street, Fenton",20:43,20:45,Every 30m,Weekday,£1.00,None
24,Inbound,2,"Fenpark Road, Fenton",20:58,21:00,Every 30m,Weekday,£1.20,None
24,Inbound,3,"Grove Road, Fenton",21:13,21:15,Every 30m,Weekday,£1.40,None
24,Inbound,4,"King Street, Fenton",21:28,21:30,Every 30m,Weekday,£1.60,None
24,Inbound,5,Stoke Town Centre,21:43,21:45,Every 30m,Weekday,£1.80,None
24,Inbound,6,"Longton Interchange, Longton",21:58,22:00,Every 30m,Weekday,£2.00,None
24,Inbound,7,Adderley Green,22:13,22:15,Every 30m,Weekday,£2.40,None
24,Inbound,1,"Manor Street, Fenton",20:58,21:00,Every 30m,Weekday,£1.00,None
24,Inbound,2,"Fenpark Road, Fenton",21:13,21:15,Every 30m,Weekday,£1.20,None
24,Inbound,3,"Grove Road, Fenton",21:28,21:30,Every 30m,Weekday,£1.40,None
24,Inbound,4,"King Street, Fenton",21:43,21:45,Every 30m,Weekday,£1.60,None
24,Inbound,5,Stoke Town Centre,21:58,22:00,Every 30m,Weekday,£1.80,None
24,Inbound,6,"Longton Interchange, Longton",22:13,22:15,Every 30m,Weekday,£2.00,None
24,Inbound,7,Adderley Green,22:28,22:30,Every 30m,Weekday,£2.40,None
24,Inbound,1,"Manor Street, Fenton",21:13,21:15,Every 30m,Weekday,£1.00,None
24,Inbound,2,"Fenpark Road, Fenton",21:28,21:30,Every 30m,Weekday,£1.20,None
24,Inbound,3,"Grove Road, Fenton",21:43,21:45,Every 30m,Weekday,£1.40,None
24,Inbound,4,"King Street, Fenton",21:58,22:00,Every 30m,Weekday,£1.60,None
24,Inbound,5,Stoke Town Centre,22:13,22:15,Every 30m,Weekday,£1.80,None
24,Inbound,6,"Longton Interchange, Longton",22:28,22:30,Every 30m,Weekday,£2.00,None
24,Inbound,7,Adderley Green,22:43,22:45,Every 30m,Weekday,£2.40,None
24,Inbound,1,"Manor Street, Fenton",21:28,21:30,Every 30m,Weekday,£1.00,None
24,Inbound,2,"Fenpark Road, Fenton",21:43,21:45,Every 30m,Weekday,£1.20,None
24,Inbound,3,"Grove Road, Fenton",21:58,22:00,Every 30m,Weekday,£1.40,None
24,Inbound,4,"King Street, Fenton",22:13,22:15,Every 30m,Weekday,£1.60,None
24,Inbound,5,Stoke Town Centre,22:28,22:30,Every 30m,Weekday,£1.80,None
24,Inbound,6,"Longton Interchange, Longton",22:43,22:45,Every 30m,Weekday,£2.00,None
24,Inbound,7,Adderley Green,22:58,23:00,Every 30m,Weekday,£2.40,None
24,Inbound,1,"Manor Street, Fenton",21:43,21:45,Every 30m,Weekday,£1.00,None
24,Inbound,2,"Fenpark Road, Fenton",21:58,22:00,Every 30m,Weekday,£1.20,None
24,Inbound,3,"Grove Road, Fenton",22:13,22:15,Every 30m,Weekday,£1.40,None
24,Inbound,4,"King Street, Fenton",22:28,22:30,Every 30m,Weekday,£1.60,None
24,Inbound,5,Stoke Town Centre,22:43,22:45,Every 30m,Weekday,£1.80,None
24,Inbound,6,"Longton Interchange, Longton",22:58,23:00,Every 30m,Weekday,£2.00,None
24,Inbound,7,Adderley Green,23:13,23:15,Every 30m,Weekday,£2.40,None
24,Inbound,1,"Manor Street, Fenton",21:58,22:00,Every 30m,Weekday,£1.00,None
24,Inbound,2,"Fenpark Road, Fenton",22:13,22:15,Every 30m,Weekday,£1.20,None
24,Inbound,3,"Grove Road, Fenton",22:28,22:30,Every 30m,Weekday,£1.40,None
24,Inbound,4,"King Street, Fenton",22:43,22:45,Every 30m,Weekday,£1.60,None
24,Inbound,5,Stoke Town Centre,22:58,23:00,Every 30m,Weekday,£1.80,None
24,Inbound,6,"Longton Interchange, Longton",23:13,23:15,Every 30m,Weekday,£2.00,None
24,Inbound,7,Adderley Green,23:28,23:30,Every 30m,Weekday,£2.40,None
24,Outbound,1,Adderley Green,05:58,06:00,Every 30m,Weekday,£2.40,None
24,Outbound,2,"Longton Interchange, Longton",06:13,06:15,Every 30m,Weekday,£2.00,None
24,Outbound,3,Stoke Town Centre,06:28,06:30,Every 30m,Weekday,£1.80,None
24,Outbound,4,"King Street, Fenton",06:43,06:45,Every 30m,Weekday,£1.60,None
24,Outbound,5,"Grove Road, Fenton",06:58,07:00,Every 30m,Weekday,£1.40,None
24,Outbound,6,"Fenpark Road, Fenton",07:13,07:15,Every 30m,Weekday,£1.20,None
24,Outbound,7,"Manor Street, Fenton",07:28,07:30,Every 30m,Weekday,£1.00,None
24,Outbound,1,Adderley Green,06:13,06:15,Every 30m,Weekday,£2.40,None
24,Outbound,2,"Longton Interchange, Longton",06:28,06:30,Every 30m,Weekday,£2.00,None
24,Outbound,3,Stoke Town Centre,06:43,06:45,Every 30m,Weekday,£1.80,None
24,Outbound,4,"King Street, Fenton",06:58,07:00,Every 30m,Weekday,£1.60,None
24,Outbound,5,"Grove Road, Fenton",07:13,07:15,Every 30m,Weekday,£1.40,None
24,Outbound,6,"Fenpark Road, Fenton",07:28,07:30,Every 30m,Weekday,£1.20,None
24,Outbound,7,"Manor Street, Fenton",07:43,07:45,Every 30m,Weekday,£1.00,None
24,Outbound,1,Adderley Green,06:28,06:30,Every 30m,Weekday,£2.40,None
24,Outbound,2,"Longton Interchange, Longton",06:43,06:45,Every 30m,Weekday,£2.00,None
24,Outbound,3,Stoke Town Centre,06:58,07:00,Every 30m,Weekday,£1.80,None
24,Outbound,4,"King Street, Fenton",07:13,07:15,Every 30m,Weekday,£1.60,None
24,Outbound,5,"Grove Road, Fenton",07:28,07:30,Every 30m,Weekday,£1.40,None
24,Outbound,6,"Fenpark Road, Fenton",07:43,07:45,Every 30m,Weekday,£1.20,None
24,Outbound,7,"Manor Street, Fenton",07:58,08:00,Every 30m,Weekday,£1.00,None
24,Outbound,1,Adderley Green,06:43,06:45,Every 30m,Weekday,£2.40,None
24,Outbound,2,"Longton Interchange, Longton",06:58,07:00,Every 30m,Weekday,£2.00,None
24,Outbound,3,Stoke Town Centre,07:13,07:15,Every 30m,Weekday,£1.80,None
24,Outbound,4,"King Street, Fenton",07:28,07:30,Every 30m,Weekday,£1.60,None
24,Outbound,5,"Grove Road, Fenton",07:43,07:45,Every 30m,Weekday,£1.40,None
24,Outbound,6,"Fenpark Road, Fenton",07:58,08:00,Every 30m,Weekday,£1.20,None
24,Outbound,7,"Manor Street, Fenton",08:13,08:15,Every 30m,Weekday,£1.00,None
24,Outbound,1,Adderley Green,06:58,07:00,Every 30m,Weekday,£2.40,None
24,Outbound,2,"Longton Interchange, Longton",07:13,07:15,Every 30m,Weekday,£2.00,None
24,Outbound,3,Stoke Town Centre,07:28,07:30,Every 30m,Weekday,£1.80,None
24,Outbound,4,"King Street, Fenton",07:43,07:45,Every 30m,Weekday,£1.60,None
24,Outbound,5,"Grove Road, Fenton",07:58,08:00,Every 30m,Weekday,£1.40,None
24,Outbound,6,"Fenpark Road, Fenton",08:13,08:15,Every 30m,Weekday,£1.20,None
24,Outbound,7,"Manor Street, Fenton",08:28,08:30,Every 30m,Weekday,£1.00,None
24,Outbound,1,Adderley Green,07:13,07:15,Every 30m,Weekday,£2.40,None
24,Outbound,2,"Longton Interchange, Longton",07:28,07:30,Every 30m,Weekday,£2.00,None
24,Outbound,3,Stoke Town Centre,07:43,07:45,Every 30m,Weekday,£1.80,None
24,Outbound,4,"King Street, Fenton",07:58,08:00,Every 30m,Weekday,£1.60,None
24,Outbound,5,"Grove Road, Fenton",08:13,08:15,Every 30m,Weekday,£1.40,None
24,Outbound,6,"Fenpark Road, Fenton",08:28,08:30,Every 30m,Weekday,£1.20,None
24,Outbound,7,"Manor Street, Fenton",08:43,08:45,Every 30m,Weekday,£1.00,None
24,Outbound,1,Adderley Green,07:28,07:30,Every 30m,Weekday,£2.40,None
24,Outbound,2,"Longton Interchange, Longton",07:43,07:45,Every 30m,Weekday,£2.00,None
24,Outbound,3,Stoke Town Centre,07:58,08:00,Every 30m,Weekday,£1.80,None
24,Outbound,4,"King Street, Fenton",08:13,08:15,Every 30m,Weekday,£1.60,None
24,Outbound,5,"Grove Road, Fenton",08:28,08:30,Every 30m,Weekday,£1.40,None
24,Outbound,6,"Fenpark Road, Fenton",08:43,08:45,Every 30m,Weekday,£1.20,None
24,Outbound,7,"Manor Street, Fenton",08:58,09:00,Every 30m,Weekday,£1.00,None
24,Outbound,1,Adderley Green,07:43,07:45,Every 30m,Weekday,£2.40,None
24,Outbound,2,"Longton Interchange, Longton",07:58,08:00,Every 30m,Weekday,£2.00,None
24,Outbound,3,Stoke Town Centre,08:13,08:15,Every 30m,Weekday,£1.80,None
24,Outbound,4,"King Street, Fenton",08:28,08:30,Every 30m,Weekday,£1.60,None
24,Outbound,5,"Grove Road, Fenton",08:43,08:45,Every 30m,Weekday,£1.40,None
24,Outbound,6,"Fenpark Road, Fenton",08:58,09:00,Every 30m,Weekday,£1.20,None
24,Outbound,7,"Manor Street, Fenton",09:13,09:15,Every 30m,Weekday,£1.00,None
24,Outbound,1,Adderley Green,07:58,08:00,Every 30m,Weekday,£2.40,None
24,Outbound,2,"Longton Interchange, Longton",08:13,08:15,Every 30m,Weekday,£2.00,None
24,Outbound,3,Stoke Town Centre,08:28,08:30,Every 30m,Weekday,£1.80,None
24,Outbound,4,"King Street, Fenton",08:43,08:45,Every 30m,Weekday,£1.60,None
24,Outbound,5,"Grove Road, Fenton",08:58,09:00,Every 30m,Weekday,£1.40,None
24,Outbound,6,"Fenpark Road, Fenton",09:13,09:15,Every 30m,Weekday,£1.20,None
24,Outbound,7,"Manor Street, Fenton",09:28,09:30,Every 30m,Weekday,£1.00,None
24,Outbound,1,Adderley Green,08:13,08:15,Every 30m,Weekday,£2.40,None
24,Outbound,2,"Longton Interchange, Longton",08:28,08:30,Every 30m,Weekday,£2.00,None
24,Outbound,3,Stoke Town Centre,08:43,08:45,Every 30m,Weekday,£1.80,None
24,Outbound,4,"King Street, Fenton",08:58,09:00,Every 30m,Weekday,£1.60,None
24,Outbound,5,"Grove Road, Fenton",09:13,09:15,Every 30m,Weekday,£1.40,None
24,Outbound,6,"Fenpark Road, Fenton",09:28,09:30,Every 30m,Weekday,£1.20,None
24,Outbound,7,"Manor Street, Fenton",09:43,09:45,Every 30m,Weekday,£1.00,None
24,Outbound,1,Adderley Green,08:28,08:30,Every 30m,Weekday,£2.40,None
24,Outbound,2,"Longton Interchange, Longton",08:43,08:45,Every 30m,Weekday,£2.00,None
24,Outbound,3,Stoke Town Centre,08:58,09:00,Every 30m,Weekday,£1.80,None
24,Outbound,4,"King Street, Fenton",09:13,09:15,Every 30m,Weekday,£1.60,None
24,Outbound,5,"Grove Road, Fenton",09:28,09:30,Every 30m,Weekday,£1.40,None
24,Outbound,6,"Fenpark Road, Fenton",09:43,09:45,Every 30m,Weekday,£1.20,None
24,Outbound,7,"Manor Street, Fenton",09:58,10:00,Every 30m,Weekday,£1.00,None
24,Outbound,1,Adderley Green,08:43,08:45,Every 30m,Weekday,£2.40,None
24,Outbound,2,"Longton Interchange, Longton",08:58,09:00,Every 30m,Weekday,£2.00,None
24,Outbound,3,Stoke Town Centre,09:13,09:15,Every 30m,Weekday,£1.80,None
24,Outbound,4,"King Street, Fenton",09:28,09:30,Every 30m,Weekday,£1.60,None
24,Outbound,5,"Grove Road, Fenton",09:43,09:45,Every 30m,Weekday,£1.40,None
24,Outbound,6,"Fenpark Road, Fenton",09:58,10:00,Every 30m,Weekday,£1.20,None
24,Outbound,7,"Manor Street, Fenton",10:13,10:15,Every 30m,Weekday,£1.00,None
24,Outbound,1,Adderley Green,08:58,09:00,Every 30m,Weekday,£2.40,None
24,Outbound,2,"Longton Interchange, Longton",09:13,09:15,Every 30m,Weekday,£2.00,None
24,Outbound,3,Stoke Town Centre,09:28,09:30,Every 30m,Weekday,£1.80,None
24,Outbound,4,"King Street, Fenton",09:43,09:45,Every 30m,Weekday,£1.60,None
24,Outbound,5,"Grove Road, Fenton",09:58,10:00,Every 30m,Weekday,£1.40,None
24,Outbound,6,"Fenpark Road, Fenton",10:13,10:15,Every 30m,Weekday,£1.20,None
24,Outbound,7,"Manor Street, Fenton",10:28,10:30,Every 30m,Weekday,£1.00,None
24,Outbound,1,Adderley Green,09:13,09:15,Every 30m,Weekday,£2.40,None
24,Outbound,2,"Longton Interchange, Longton",09:28,09:30,Every 30m,Weekday,£2.00,None
24,Outbound,3,Stoke Town Centre,09:43,09:45,Every 30m,Weekday,£1.80,None
24,Outbound,4,"King Street, Fenton",09:58,10:00,Every 30m,Weekday,£1.60,None
24,Outbound,5,"Grove Road, Fenton",10:13,10:15,Every 30m,Weekday,£1.40,None
24,Outbound,6,"Fenpark Road, Fenton",10:28,10:30,Every 30m,Weekday,£1.20,None
24,Outbound,7,"Manor Street, Fenton",10:43,10:45,Every 30m,Weekday,£1.00,None
24,Outbound,1,Adderley Green,09:28,09:30,Every 30m,Weekday,£2.40,None
24,Outbound,2,"Longton Interchange, Longton",09:43,09:45,Every 30m,Weekday,£2.00,None
24,Outbound,3,Stoke Town Centre,09:58,10:00,Every 30m,Weekday,£1.80,None
24,Outbound,4,"King Street, Fenton",10:13,10:15,Every 30m,Weekday,£1.60,None
24,Outbound,5,"Grove Road, Fenton",10:28,10:30,Every 30m,Weekday,£1.40,None
24,Outbound,6,"Fenpark Road, Fenton",10:43,10:45,Every 30m,Weekday,£1.20,None
24,Outbound,7,"Manor Street, Fenton",10:58,11:00,Every 30m,Weekday,£1.00,None
24,Outbound,1,Adderley Green,09:43,09:45,Every 30m,Weekday,£2.40,None
24,Outbound,2,"Longton Interchange, Longton",09:58,10:00,Every 30m,Weekday,£2.00,None
24,Outbound,3,Stoke Town Centre,10:13,10:15,Every 30m,Weekday,£1.80,None
24,Outbound,4,"King Street, Fenton",10:28,10:30,Every 30m,Weekday,£1.60,None
24,Outbound,5,"Grove Road, Fenton",10:43,10:45,Every 30m,Weekday,£1.40,None
24,Outbound,6,"Fenpark Road, Fenton",10:58,11:00,Every 30m,Weekday,£1.20,None
24,Outbound,7,"Manor Street, Fenton",11:13,11:15,Every 30m,Weekday,£1.00,None
24,Outbound,1,Adderley Green,09:58,10:00,Every 30m,Weekday,£2.40,None
24,Outbound,2,"Longton Interchange, Longton",10:13,10:15,Every 30m,Weekday,£2.00,None
24,Outbound,3,Stoke Town Centre,10:28,10:30,Every 30m,Weekday,£1.80,None
24,Outbound,4,"King Street, Fenton",10:43,10:45,Every 30m,Weekday,£1.60,None
24,Outbound,5,"Grove Road, Fenton",10:58,11:00,Every 30m,Weekday,£1.40,None
24,Outbound,6,"Fenpark Road, Fenton",11:13,11:15,Every 30m,Weekday,£1.20,None
24,Outbound,7,"Manor Street, Fenton",11:28,11:30,Every 30m,Weekday,£1.00,None
24,Outbound,1,Adderley Green,10:13,10:15,Every 30m,Weekday,£2.40,None
24,Outbound,2,"Longton Interchange, Longton",10:28,10:30,Every 30m,Weekday,£2.00,None
24,Outbound,3,Stoke Town Centre,10:43,10:45,Every 30m,Weekday,£1.80,None
24,Outbound,4,"King Street, Fenton",10:58,11:00,Every 30m,Weekday,£1.60,None
24,Outbound,5,"Grove Road, Fenton",11:13,11:15,Every 30m,Weekday,£1.40,None
24,Outbound,6,"Fenpark Road, Fenton",11:28,11:30,Every 30m,Weekday,£1.20,None
24,Outbound,7,"Manor Street, Fenton",11:43,11:45,Every 30m,Weekday,£1.00,None
24,Outbound,1,Adderley Green,10:28,10:30,Every 30m,Weekday,£2.40,None
24,Outbound,2,"Longton Interchange, Longton",10:43,10:45,Every 30m,Weekday,£2.00,None
24,Outbound,3,Stoke Town Centre,10:58,11:00,Every 30m,Weekday,£1.80,None
24,Outbound,4,"King Street, Fenton",11:13,11:15,Every 30m,Weekday,£1.60,None
24,Outbound,5,"Grove Road, Fenton",11:28,11:30,Every 30m,Weekday,£1.40,None
24,Outbound,6,"Fenpark Road, Fenton",11:43,11:45,Every 30m,Weekday,£1.20,None
24,Outbound,7,"Manor Street, Fenton",11:58,12:00,Every 30m,Weekday,£1.00,None
24,Outbound,1,Adderley Green,10:43,10:45,Every 30m,Weekday,£2.40,None
24,Outbound,2,"Longton Interchange, Longton",10:58,11:00,Every 30m,Weekday,£2.00,None
24,Outbound,3,Stoke Town Centre,11:13,11:15,Every 30m,Weekday,£1.80,None
24,Outbound,4,"King Street, Fenton",11:28,11:30,Every 30m,Weekday,£1.60,None
24,Outbound,5,"Grove Road, Fenton",11:43,11:45,Every 30m,Weekday,£1.40,None
24,Outbound,6,"Fenpark Road, Fenton",11:58,12:00,Every 30m,Weekday,£1.20,None
24,Outbound,7,"Manor Street, Fenton",12:13,12:15,Every 30m,Weekday,£1.00,None
24,Outbound,1,Adderley Green,10:58,11:00,Every 30m,Weekday,£2.40,None
24,Outbound,2,"Longton Interchange, Longton",11:13,11:15,Every 30m,Weekday,£2.00,None
24,Outbound,3,Stoke Town Centre,11:28,11:30,Every 30m,Weekday,£1.80,None
24,Outbound,4,"King Street, Fenton",11:43,11:45,Every 30m,Weekday,£1.60,None
24,Outbound,5,"Grove Road, Fenton",11:58,12:00,Every 30m,Weekday,£1.40,None
24,Outbound,6,"Fenpark Road, Fenton",12:13,12:15,Every 30m,Weekday,£1.20,None
24,Outbound,7,"Manor Street, Fenton",12:28,12:30,Every 30m,Weekday,£1.00,None
24,Outbound,1,Adderley Green,11:13,11:15,Every 30m,Weekday,£2.40,None
24,Outbound,2,"Longton Interchange, Longton",11:28,11:30,Every 30m,Weekday,£2.00,None
24,Outbound,3,Stoke Town Centre,11:43,11:45,Every 30m,Weekday,£1.80,None
24,Outbound,4,"King Street, Fenton",11:58,12:00,Every 30m,Weekday,£1.60,None
24,Outbound,5,"Grove Road, Fenton",12:13,12:15,Every 30m,Weekday,£1.40,None
24,Outbound,6,"Fenpark Road, Fenton",12:28,12:30,Every 30m,Weekday,£1.20,None
24,Outbound,7,"Manor Street, Fenton",12:43,12:45,Every 30m,Weekday,£1.00,None
24,Outbound,1,Adderley Green,11:28,11:30,Every 30m,Weekday,£2.40,None
24,Outbound,2,"Longton Interchange, Longton",11:43,11:45,Every 30m,Weekday,£2.00,None
24,Outbound,3,Stoke Town Centre,11:58,12:00,Every 30m,Weekday,£1.80,None
24,Outbound,4,"King Street, Fenton",12:13,12:15,Every 30m,Weekday,£1.60,None
24,Outbound,5,"Grove Road, Fenton",12:28,12:30,Every 30m,Weekday,£1.40,None
24,Outbound,6,"Fenpark Road, Fenton",12:43,12:45,Every 30m,Weekday,£1.20,None
24,Outbound,7,"Manor Street, Fenton",12:58,13:00,Every 30m,Weekday,£1.00,None
24,Outbound,1,Adderley Green,11:43,11:45,Every 30m,Weekday,£2.40,None
24,Outbound,2,"Longton Interchange, Longton",11:58,12:00,Every 30m,Weekday,£2.00,None
24,Outbound,3,Stoke Town Centre,12:13,12:15,Every 30m,Weekday,£1.80,None
24,Outbound,4,"King Street, Fenton",12:28,12:30,Every 30m,Weekday,£1.60,None
24,Outbound,5,"Grove Road, Fenton",12:43,12:45,Every 30m,Weekday,£1.40,None
24,Outbound,6,"Fenpark Road, Fenton",12:58,13:00,Every 30m,Weekday,£1.20,None
24,Outbound,7,"Manor Street, Fenton",13:13,13:15,Every 30m,Weekday,£1.00,None
24,Outbound,1,Adderley Green,11:58,12:00,Every 30m,Weekday,£2.40,None
24,Outbound,2,"Longton Interchange, Longton",12:13,12:15,Every 30m,Weekday,£2.00,None
24,Outbound,3,Stoke Town Centre,12:28,12:30,Every 30m,Weekday,£1.80,None
24,Outbound,4,"King Street, Fenton",12:43,12:45,Every 30m,Weekday,£1.60,None
24,Outbound,5,"Grove Road, Fenton",12:58,13:00,Every 30m,Weekday,£1.40,None
24,Outbound,6,"Fenpark Road, Fenton",13:13,13:15,Every 30m,Weekday,£1.20,None
24,Outbound,7,"Manor Street, Fenton",13:28,13:30,Every 30m,Weekday,£1.00,None
24,Outbound,1,Adderley Green,12:13,12:15,Every 30m,Weekday,£2.40,None
24,Outbound,2,"Longton Interchange, Longton",12:28,12:30,Every 30m,Weekday,£2.00,None
24,Outbound,3,Stoke Town Centre,12:43,12:45,Every 30m,Weekday,£1.80,None
24,Outbound,4,"King Street, Fenton",12:58,13:00,Every 30m,Weekday,£1.60,None
24,Outbound,5,"Grove Road, Fenton",13:13,13:15,Every 30m,Weekday,£1.40,None
24,Outbound,6,"Fenpark Road, Fenton",13:28,13:30,Every 30m,Weekday,£1.20,None
24,Outbound,7,"Manor Street, Fenton",13:43,13:45,Every 30m,Weekday,£1.00,None
24,Outbound,1,Adderley Green,12:28,12:30,Every 30m,Weekday,£2.40,None
24,Outbound,2,"Longton Interchange, Longton",12:43,12:45,Every 30m,Weekday,£2.00,None
24,Outbound,3,Stoke Town Centre,12:58,13:00,Every 30m,Weekday,£1.80,None
24,Outbound,4,"King Street, Fenton",13:13,13:15,Every 30m,Weekday,£1.60,None
24,Outbound,5,"Grove Road, Fenton",13:28,13:30,Every 30m,Weekday,£1.40,None
24,Outbound,6,"Fenpark Road, Fenton",13:43,13:45,Every 30m,Weekday,£1.20,None
24,Outbound,7,"Manor Street, Fenton",13:58,14:00,Every 30m,Weekday,£1.00,None
24,Outbound,1,Adderley Green,12:43,12:45,Every 30m,Weekday,£2.40,None
24,Outbound,2,"Longton Interchange, Longton",12:58,13:00,Every 30m,Weekday,£2.00,None
24,Outbound,3,Stoke Town Centre,13:13,13:15,Every 30m,Weekday,£1.80,None
24,Outbound,4,"King Street, Fenton",13:28,13:30,Every 30m,Weekday,£1.60,None
24,Outbound,5,"Grove Road, Fenton",13:43,13:45,Every 30m,Weekday,£1.40,None
24,Outbound,6,"Fenpark Road, Fenton",13:58,14:00,Every 30m,Weekday,£1.20,None
24,Outbound,7,"Manor Street, Fenton",14:13,14:15,Every 30m,Weekday,£1.00,None
24,Outbound,1,Adderley Green,12:58,13:00,Every 30m,Weekday,£2.40,None
24,Outbound,2,"Longton Interchange, Longton",13:13,13:15,Every 30m,Weekday,£2.00,None
24,Outbound,3,Stoke Town Centre,13:28,13:30,Every 30m,Weekday,£1.80,None
24,Outbound,4,"King Street, Fenton",13:43,13:45,Every 30m,Weekday,£1.60,None
24,Outbound,5,"Grove Road, Fenton",13:58,14:00,Every 30m,Weekday,£1.40,None
24,Outbound,6,"Fenpark Road, Fenton",14:13,14:15,Every 30m,Weekday,£1.20,None
24,Outbound,7,"Manor Street, Fenton",14:28,14:30,Every 30m,Weekday,£1.00,None
24,Outbound,1,Adderley Green,13:13,13:15,Every 30m,Weekday,£2.40,None
24,Outbound,2,"Longton Interchange, Longton",13:28,13:30,Every 30m,Weekday,£2.00,None
24,Outbound,3,Stoke Town Centre,13:43,13:45,Every 30m,Weekday,£1.80,None
24,Outbound,4,"King Street, Fenton",13:58,14:00,Every 30m,Weekday,£1.60,None
24,Outbound,5,"Grove Road, Fenton",14:13,14:15,Every 30m,Weekday,£1.40,None
24,Outbound,6,"Fenpark Road, Fenton",14:28,14:30,Every 30m,Weekday,£1.20,None
24,Outbound,7,"Manor Street, Fenton",14:43,14:45,Every 30m,Weekday,£1.00,None
24,Outbound,1,Adderley Green,13:28,13:30,Every 30m,Weekday,£2.40,None
24,Outbound,2,"Longton Interchange, Longton",13:43,13:45,Every 30m,Weekday,£2.00,None
24,Outbound,3,Stoke Town Centre,13:58,14:00,Every 30m,Weekday,£1.80,None
24,Outbound,4,"King Street, Fenton",14:13,14:15,Every 30m,Weekday,£1.60,None
24,Outbound,5,"Grove Road, Fenton",14:28,14:30,Every 30m,Weekday,£1.40,None
24,Outbound,6,"Fenpark Road, Fenton",14:43,14:45,Every 30m,Weekday,£1.20,None
24,Outbound,7,"Manor Street, Fenton",14:58,15:00,Every 30m,Weekday,£1.00,None
24,Outbound,1,Adderley Green,13:43,13:45,Every 30m,Weekday,£2.40,None
24,Outbound,2,"Longton Interchange, Longton",13:58,14:00,Every 30m,Weekday,£2.00,None
24,Outbound,3,Stoke Town Centre,14:13,14:15,Every 30m,Weekday,£1.80,None
24,Outbound,4,"King Street, Fenton",14:28,14:30,Every 30m,Weekday,£1.60,None
24,Outbound,5,"Grove Road, Fenton",14:43,14:45,Every 30m,Weekday,£1.40,None
24,Outbound,6,"Fenpark Road, Fenton",14:58,15:00,Every 30m,Weekday,£1.20,None
24,Outbound,7,"Manor Street, Fenton",15:13,15:15,Every 30m,Weekday,£1.00,None
24,Outbound,1,Adderley Green,13:58,14:00,Every 30m,Weekday,£2.40,None
24,Outbound,2,"Longton Interchange, Longton",14:13,14:15,Every 30m,Weekday,£2.00,None
24,Outbound,3,Stoke Town Centre,14:28,14:30,Every 30m,Weekday,£1.80,None
24,Outbound,4,"King Street, Fenton",14:43,14:45,Every 30m,Weekday,£1.60,None
24,Outbound,5,"Grove Road, Fenton",14:58,15:00,Every 30m,Weekday,£1.40,None
24,Outbound,6,"Fenpark Road, Fenton",15:13,15:15,Every 30m,Weekday,£1.20,None
24,Outbound,7,"Manor Street, Fenton",15:28,15:30,Every 30m,Weekday,£1.00,None
24,Outbound,1,Adderley Green,14:13,14:15,Every 30m,Weekday,£2.40,None
24,Outbound,2,"Longton Interchange, Longton",14:28,14:30,Every 30m,Weekday,£2.00,None
24,Outbound,3,Stoke Town Centre,14:43,14:45,Every 30m,Weekday,£1.80,None
24,Outbound,4,"King Street, Fenton",14:58,15:00,Every 30m,Weekday,£1.60,None
24,Outbound,5,"Grove Road, Fenton",15:13,15:15,Every 30m,Weekday,£1.40,None
24,Outbound,6,"Fenpark Road, Fenton",15:28,15:30,Every 30m,Weekday,£1.20,None
24,Outbound,7,"Manor Street, Fenton",15:43,15:45,Every 30m,Weekday,£1.00,None
24,Outbound,1,Adderley Green,14:28,14:30,Every 30m,Weekday,£2.40,None
24,Outbound,2,"Longton Interchange, Longton",14:43,14:45,Every 30m,Weekday,£2.00,None
24,Outbound,3,Stoke Town Centre,14:58,15:00,Every 30m,Weekday,£1.80,None
24,Outbound,4,"King Street, Fenton",15:13,15:15,Every 30m,Weekday,£1.60,None
24,Outbound,5,"Grove Road, Fenton",15:28,15:30,Every 30m,Weekday,£1.40,None
24,Outbound,6,"Fenpark Road, Fenton",15:43,15:45,Every 30m,Weekday,£1.20,None
24,Outbound,7,"Manor Street, Fenton",15:58,16:00,Every 30m,Weekday,£1.00,None
24,Outbound,1,Adderley Green,14:43,14:45,Every 30m,Weekday,£2.40,None
24,Outbound,2,"Longton Interchange, Longton",14:58,15:00,Every 30m,Weekday,£2.00,None
24,Outbound,3,Stoke Town Centre,15:13,15:15,Every 30m,Weekday,£1.80,None
24,Outbound,4,"King Street, Fenton",15:28,15:30,Every 30m,Weekday,£1.60,None
24,Outbound,5,"Grove Road, Fenton",15:43,15:45,Every 30m,Weekday,£1.40,None
24,Outbound,6,"Fenpark Road, Fenton",15:58,16:00,Every 30m,Weekday,£1.20,None
24,Outbound,7,"Manor Street, Fenton",16:13,16:15,Every 30m,Weekday,£1.00,None
24,Outbound,1,Adderley Green,14:58,15:00,Every 30m,Weekday,£2.40,None
24,Outbound,2,"Longton Interchange, Longton",15:13,15:15,Every 30m,Weekday,£2.00,None
24,Outbound,3,Stoke Town Centre,15:28,15:30,Every 30m,Weekday,£1.80,None
24,Outbound,4,"King Street, Fenton",15:43,15:45,Every 30m,Weekday,£1.60,None
24,Outbound,5,"Grove Road, Fenton",15:58,16:00,Every 30m,Weekday,£1.40,None
24,Outbound,6,"Fenpark Road, Fenton",16:13,16:15,Every 30m,Weekday,£1.20,None
24,Outbound,7,"Manor Street, Fenton",16:28,16:30,Every 30m,Weekday,£1.00,None
24,Outbound,1,Adderley Green,15:13,15:15,Every 30m,Weekday,£2.40,None
24,Outbound,2,"Longton Interchange, Longton",15:28,15:30,Every 30m,Weekday,£2.00,None
24,Outbound,3,Stoke Town Centre,15:43,15:45,Every 30m,Weekday,£1.80,None
24,Outbound,4,"King Street, Fenton",15:58,16:00,Every 30m,Weekday,£1.60,None
24,Outbound,5,"Grove Road, Fenton",16:13,16:15,Every 30m,Weekday,£1.40,None
24,Outbound,6,"Fenpark Road, Fenton",16:28,16:30,Every 30m,Weekday,£1.20,None
24,Outbound,7,"Manor Street, Fenton",16:43,16:45,Every 30m,Weekday,£1.00,None
24,Outbound,1,Adderley Green,15:28,15:30,Every 30m,Weekday,£2.40,None
24,Outbound,2,"Longton Interchange, Longton",15:43,15:45,Every 30m,Weekday,£2.00,None
24,Outbound,3,Stoke Town Centre,15:58,16:00,Every 30m,Weekday,£1.80,None
24,Outbound,4,"King Street, Fenton",16:13,16:15,Every 30m,Weekday,£1.60,None
24,Outbound,5,"Grove Road, Fenton",16:28,16:30,Every 30m,Weekday,£1.40,None
24,Outbound,6,"Fenpark Road, Fenton",16:43,16:45,Every 30m,Weekday,£1.20,None
24,Outbound,7,"Manor Street, Fenton",16:58,17:00,Every 30m,Weekday,£1.00,None
24,Outbound,1,Adderley Green,15:43,15:45,Every 30m,Weekday,£2.40,None
24,Outbound,2,"Longton Interchange, Longton",15:58,16:00,Every 30m,Weekday,£2.00,None
24,Outbound,3,Stoke Town Centre,16:13,16:15,Every 30m,Weekday,£1.80,None
24,Outbound,4,"King Street, Fenton",16:28,16:30,Every 30m,Weekday,£1.60,None
24,Outbound,5,"Grove Road, Fenton",16:43,16:45,Every 30m,Weekday,£1.40,None
24,Outbound,6,"Fenpark Road, Fenton",16:58,17:00,Every 30m,Weekday,£1.20,None
24,Outbound,7,"Manor Street, Fenton",17:13,17:15,Every 30m,Weekday,£1.00,None
24,Outbound,1,Adderley Green,15:58,16:00,Every 30m,Weekday,£2.40,None
24,Outbound,2,"Longton Interchange, Longton",16:13,16:15,Every 30m,Weekday,£2.00,None
24,Outbound,3,Stoke Town Centre,16:28,16:30,Every 30m,Weekday,£1.80,None
24,Outbound,4,"King Street, Fenton",16:43,16:45,Every 30m,Weekday,£1.60,None
24,Outbound,5,"Grove Road, Fenton",16:58,17:00,Every 30m,Weekday,£1.40,None
24,Outbound,6,"Fenpark Road, Fenton",17:13,17:15,Every 30m,Weekday,£1.20,None
24,Outbound,7,"Manor Street, Fenton",17:28,17:30,Every 30m,Weekday,£1.00,None
24,Outbound,1,Adderley Green,16:13,16:15,Every 30m,Weekday,£2.40,None
24,Outbound,2,"Longton Interchange, Longton",16:28,16:30,Every 30m,Weekday,£2.00,None
24,Outbound,3,Stoke Town Centre,16:43,16:45,Every 30m,Weekday,£1.80,None
24,Outbound,4,"King Street, Fenton",16:58,17:00,Every 30m,Weekday,£1.60,None
24,Outbound,5,"Grove Road, Fenton",17:13,17:15,Every 30m,Weekday,£1.40,None
24,Outbound,6,"Fenpark Road, Fenton",17:28,17:30,Every 30m,Weekday,£1.20,None
24,Outbound,7,"Manor Street, Fenton",17:43,17:45,Every 30m,Weekday,£1.00,None
24,Outbound,1,Adderley Green,16:28,16:30,Every 30m,Weekday,£2.40,None
24,Outbound,2,"Longton Interchange, Longton",16:43,16:45,Every 30m,Weekday,£2.00,None
24,Outbound,3,Stoke Town Centre,16:58,17:00,Every 30m,Weekday,£1.80,None
24,Outbound,4,"King Street, Fenton",17:13,17:15,Every 30m,Weekday,£1.60,None
24,Outbound,5,"Grove Road, Fenton",17:28,17:30,Every 30m,Weekday,£1.40,None
24,Outbound,6,"Fenpark Road, Fenton",17:43,17:45,Every 30m,Weekday,£1.20,None
24,Outbound,7,"Manor Street, Fenton",17:58,18:00,Every 30m,Weekday,£1.00,None
24,Outbound,1,Adderley Green,16:43,16:45,Every 30m,Weekday,£2.40,None
24,Outbound,2,"Longton Interchange, Longton",16:58,17:00,Every 30m,Weekday,£2.00,None
24,Outbound,3,Stoke Town Centre,17:13,17:15,Every 30m,Weekday,£1.80,None
24,Outbound,4,"King Street, Fenton",17:28,17:30,Every 30m,Weekday,£1.60,None
24,Outbound,5,"Grove Road, Fenton",17:43,17:45,Every 30m,Weekday,£1.40,None
24,Outbound,6,"Fenpark Road, Fenton",17:58,18:00,Every 30m,Weekday,£1.20,None
24,Outbound,7,"Manor Street, Fenton",18:13,18:15,Every 30m,Weekday,£1.00,None
24,Outbound,1,Adderley Green,16:58,17:00,Every 30m,Weekday,£2.40,None
24,Outbound,2,"Longton Interchange, Longton",17:13,17:15,Every 30m,Weekday,£2.00,None
24,Outbound,3,Stoke Town Centre,17:28,17:30,Every 30m,Weekday,£1.80,None
24,Outbound,4,"King Street, Fenton",17:43,17:45,Every 30m,Weekday,£1.60,None
24,Outbound,5,"Grove Road, Fenton",17:58,18:00,Every 30m,Weekday,£1.40,None
24,Outbound,6,"Fenpark Road, Fenton",18:13,18:15,Every 30m,Weekday,£1.20,None
24,Outbound,7,"Manor Street, Fenton",18:28,18:30,Every 30m,Weekday,£1.00,None
24,Outbound,1,Adderley Green,17:13,17:15,Every 30m,Weekday,£2.40,None
24,Outbound,2,"Longton Interchange, Longton",17:28,17:30,Every 30m,Weekday,£2.00,None
24,Outbound,3,Stoke Town Centre,17:43,17:45,Every 30m,Weekday,£1.80,None
24,Outbound,4,"King Street, Fenton",17:58,18:00,Every 30m,Weekday,£1.60,None
24,Outbound,5,"Grove Road, Fenton",18:13,18:15,Every 30m,Weekday,£1.40,None
24,Outbound,6,"Fenpark Road, Fenton",18:28,18:30,Every 30m,Weekday,£1.20,None
24,Outbound,7,"Manor Street, Fenton",18:43,18:45,Every 30m,Weekday,£1.00,None
24,Outbound,1,Adderley Green,17:28,17:30,Every 30m,Weekday,£2.40,None
24,Outbound,2,"Longton Interchange, Longton",17:43,17:45,Every 30m,Weekday,£2.00,None
24,Outbound,3,Stoke Town Centre,17:58,18:00,Every 30m,Weekday,£1.80,None
24,Outbound,4,"King Street, Fenton",18:13,18:15,Every 30m,Weekday,£1.60,None
24,Outbound,5,"Grove Road, Fenton",18:28,18:30,Every 30m,Weekday,£1.40,None
24,Outbound,6,"Fenpark Road, Fenton",18:43,18:45,Every 30m,Weekday,£1.20,None
24,Outbound,7,"Manor Street, Fenton",18:58,19:00,Every 30m,Weekday,£1.00,None
24,Outbound,1,Adderley Green,17:43,17:45,Every 30m,Weekday,£2.40,None
24,Outbound,2,"Longton Interchange, Longton",17:58,18:00,Every 30m,Weekday,£2.00,None
24,Outbound,3,Stoke Town Centre,18:13,18:15,Every 30m,Weekday,£1.80,None
24,Outbound,4,"King Street, Fenton",18:28,18:30,Every 30m,Weekday,£1.60,None
24,Outbound,5,"Grove Road, Fenton",18:43,18:45,Every 30m,Weekday,£1.40,None
24,Outbound,6,"Fenpark Road, Fenton",18:58,19:00,Every 30m,Weekday,£1.20,None
24,Outbound,7,"Manor Street, Fenton",19:13,19:15,Every 30m,Weekday,£1.00,None
24,Outbound,1,Adderley Green,17:58,18:00,Every 30m,Weekday,£2.40,None
24,Outbound,2,"Longton Interchange, Longton",18:13,18:15,Every 30m,Weekday,£2.00,None
24,Outbound,3,Stoke Town Centre,18:28,18:30,Every 30m,Weekday,£1.80,None
24,Outbound,4,"King Street, Fenton",18:43,18:45,Every 30m,Weekday,£1.60,None
24,Outbound,5,"Grove Road, Fenton",18:58,19:00,Every 30m,Weekday,£1.40,None
24,Outbound,6,"Fenpark Road, Fenton",19:13,19:15,Every 30m,Weekday,£1.20,None
24,Outbound,7,"Manor Street, Fenton",19:28,19:30,Every 30m,Weekday,£1.00,None
24,Outbound,1,Adderley Green,18:13,18:15,Every 30m,Weekday,£2.40,None
24,Outbound,2,"Longton Interchange, Longton",18:28,18:30,Every 30m,Weekday,£2.00,None
24,Outbound,3,Stoke Town Centre,18:43,18:45,Every 30m,Weekday,£1.80,None
24,Outbound,4,"King Street, Fenton",18:58,19:00,Every 30m,Weekday,£1.60,None
24,Outbound,5,"Grove Road, Fenton",19:13,19:15,Every 30m,Weekday,£1.40,None
24,Outbound,6,"Fenpark Road, Fenton",19:28,19:30,Every 30m,Weekday,£1.20,None
24,Outbound,7,"Manor Street, Fenton",19:43,19:45,Every 30m,Weekday,£1.00,None
24,Outbound,1,Adderley Green,18:28,18:30,Every 30m,Weekday,£2.40,None
24,Outbound,2,"Longton Interchange, Longton",18:43,18:45,Every 30m,Weekday,£2.00,None
24,Outbound,3,Stoke Town Centre,18:58,19:00,Every 30m,Weekday,£1.80,None
24,Outbound,4,"King Street, Fenton",19:13,19:15,Every 30m,Weekday,£1.60,None
24,Outbound,5,"Grove Road, Fenton",19:28,19:30,Every 30m,Weekday,£1.40,None
24,Outbound,6,"Fenpark Road, Fenton",19:43,19:45,Every 30m,Weekday,£1.20,None
24,Outbound,7,"Manor Street, Fenton",19:58,20:00,Every 30m,Weekday,£1.00,None
24,Outbound,1,Adderley Green,18:43,18:45,Every 30m,Weekday,£2.40,None
24,Outbound,2,"Longton Interchange, Longton",18:58,19:00,Every 30m,Weekday,£2.00,None
24,Outbound,3,Stoke Town Centre,19:13,19:15,Every 30m,Weekday,£1.80,None
24,Outbound,4,"King Street, Fenton",19:28,19:30,Every 30m,Weekday,£1.60,None
24,Outbound,5,"Grove Road, Fenton",19:43,19:45,Every 30m,Weekday,£1.40,None
24,Outbound,6,"Fenpark Road, Fenton",19:58,20:00,Every 30m,Weekday,£1.20,None
24,Outbound,7,"Manor Street, Fenton",20:13,20:15,Every 30m,Weekday,£1.00,None
24,Outbound,1,Adderley Green,18:58,19:00,Every 30m,Weekday,£2.40,None
24,Outbound,2,"Longton Interchange, Longton",19:13,19:15,Every 30m,Weekday,£2.00,None
24,Outbound,3,Stoke Town Centre,19:28,19:30,Every 30m,Weekday,£1.80,None
24,Outbound,4,"King Street, Fenton",19:43,19:45,Every 30m,Weekday,£1.60,None
24,Outbound,5,"Grove Road, Fenton",19:58,20:00,Every 30m,Weekday,£1.40,None
24,Outbound,6,"Fenpark Road, Fenton",20:13,20:15,Every 30m,Weekday,£1.20,None
24,Outbound,7,"Manor Street, Fenton",20:28,20:30,Every 30m,Weekday,£1.00,None
24,Outbound,1,Adderley Green,19:13,19:15,Every 30m,Weekday,£2.40,None
24,Outbound,2,"Longton Interchange, Longton",19:28,19:30,Every 30m,Weekday,£2.00,None
24,Outbound,3,Stoke Town Centre,19:43,19:45,Every 30m,Weekday,£1.80,None
24,Outbound,4,"King Street, Fenton",19:58,20:00,Every 30m,Weekday,£1.60,None
24,Outbound,5,"Grove Road, Fenton",20:13,20:15,Every 30m,Weekday,£1.40,None
24,Outbound,6,"Fenpark Road, Fenton",20:28,20:30,Every 30m,Weekday,£1.20,None
24,Outbound,7,"Manor Street, Fenton",20:43,20:45,Every 30m,Weekday,£1.00,None
24,Outbound,1,Adderley Green,19:28,19:30,Every 30m,Weekday,£2.40,None
24,Outbound,2,"Longton Interchange, Longton",19:43,19:45,Every 30m,Weekday,£2.00,None
24,Outbound,3,Stoke Town Centre,19:58,20:00,Every 30m,Weekday,£1.80,None
24,Outbound,4,"King Street, Fenton",20:13,20:15,Every 30m,Weekday,£1.60,None
24,Outbound,5,"Grove Road, Fenton",20:28,20:30,Every 30m,Weekday,£1.40,None
24,Outbound,6,"Fenpark Road, Fenton",20:43,20:45,Every 30m,Weekday,£1.20,None
24,Outbound,7,"Manor Street, Fenton",20:58,21:00,Every 30m,Weekday,£1.00,None
24,Outbound,1,Adderley Green,19:43,19:45,Every 30m,Weekday,£2.40,None
24,Outbound,2,"Longton Interchange, Longton",19:58,20:00,Every 30m,Weekday,£2.00,None
24,Outbound,3,Stoke Town Centre,20:13,20:15,Every 30m,Weekday,£1.80,None
24,Outbound,4,"King Street, Fenton",20:28,20:30,Every 30m,Weekday,£1.60,None
24,Outbound,5,"Grove Road, Fenton",20:43,20:45,Every 30m,Weekday,£1.40,None
24,Outbound,6,"Fenpark Road, Fenton",20:58,21:00,Every 30m,Weekday,£1.20,None
24,Outbound,7,"Manor Street, Fenton",21:13,21:15,Every 30m,Weekday,£1.00,None
24,Outbound,1,Adderley Green,19:58,20:00,Every 30m,Weekday,£2.40,None
24,Outbound,2,"Longton Interchange, Longton",20:13,20:15,Every 30m,Weekday,£2.00,None
24,Outbound,3,Stoke Town Centre,20:28,20:30,Every 30m,Weekday,£1.80,None
24,Outbound,4,"King Street, Fenton",20:43,20:45,Every 30m,Weekday,£1.60,None
24,Outbound,5,"Grove Road, Fenton",20:58,21:00,Every 30m,Weekday,£1.40,None
24,Outbound,6,"Fenpark Road, Fenton",21:13,21:15,Every 30m,Weekday,£1.20,None
24,Outbound,7,"Manor Street, Fenton",21:28,21:30,Every 30m,Weekday,£1.00,None
24,Outbound,1,Adderley Green,20:13,20:15,Every 30m,Weekday,£2.40,None
24,Outbound,2,"Longton Interchange, Longton",20:28,20:30,Every 30m,Weekday,£2.00,None
24,Outbound,3,Stoke Town Centre,20:43,20:45,Every 30m,Weekday,£1.80,None
24,Outbound,4,"King Street, Fenton",20:58,21:00,Every 30m,Weekday,£1.60,None
24,Outbound,5,"Grove Road, Fenton",21:13,21:15,Every 30m,Weekday,£1.40,None
24,Outbound,6,"Fenpark Road, Fenton",21:28,21:30,Every 30m,Weekday,£1.20,None
24,Outbound,7,"Manor Street, Fenton",21:43,21:45,Every 30m,Weekday,£1.00,None
24,Outbound,1,Adderley Green,20:28,20:30,Every 30m,Weekday,£2.40,None
24,Outbound,2,"Longton Interchange, Longton",20:43,20:45,Every 30m,Weekday,£2.00,None
24,Outbound,3,Stoke Town Centre,20:58,21:00,Every 30m,Weekday,£1.80,None
24,Outbound,4,"King Street, Fenton",21:13,21:15,Every 30m,Weekday,£1.60,None
24,Outbound,5,"Grove Road, Fenton",21:28,21:30,Every 30m,Weekday,£1.40,None
24,Outbound,6,"Fenpark Road, Fenton",21:43,21:45,Every 30m,Weekday,£1.20,None
24,Outbound,7,"Manor Street, Fenton",21:58,22:00,Every 30m,Weekday,£1.00,None
24,Outbound,1,Adderley Green,20:43,20:45,Every 30m,Weekday,£2.40,None
24,Outbound,2,"Longton Interchange, Longton",20:58,21:00,Every 30m,Weekday,£2.00,None
24,Outbound,3,Stoke Town Centre,21:13,21:15,Every 30m,Weekday,£1.80,None
24,Outbound,4,"King Street, Fenton",21:28,21:30,Every 30m,Weekday,£1.60,None
24,Outbound,5,"Grove Road, Fenton",21:43,21:45,Every 30m,Weekday,£1.40,None
24,Outbound,6,"Fenpark Road, Fenton",21:58,22:00,Every 30m,Weekday,£1.20,None
24,Outbound,7,"Manor Street, Fenton",22:13,22:15,Every 30m,Weekday,£1.00,None
24,Outbound,1,Adderley Green,20:58,21:00,Every 30m,Weekday,£2.40,None
24,Outbound,2,"Longton Interchange, Longton",21:13,21:15,Every 30m,Weekday,£2.00,None
24,Outbound,3,Stoke Town Centre,21:28,21:30,Every 30m,Weekday,£1.80,None
24,Outbound,4,"King Street, Fenton",21:43,21:45,Every 30m,Weekday,£1.60,None
24,Outbound,5,"Grove Road, Fenton",21:58,22:00,Every 30m,Weekday,£1.40,None
24,Outbound,6,"Fenpark Road, Fenton",22:13,22:15,Every 30m,Weekday,£1.20,None
24,Outbound,7,"Manor Street, Fenton",22:28,22:30,Every 30m,Weekday,£1.00,None
24,Outbound,1,Adderley Green,21:13,21:15,Every 30m,Weekday,£2.40,None
24,Outbound,2,"Longton Interchange, Longton",21:28,21:30,Every 30m,Weekday,£2.00,None
24,Outbound,3,Stoke Town Centre,21:43,21:45,Every 30m,Weekday,£1.80,None
24,Outbound,4,"King Street, Fenton",21:58,22:00,Every 30m,Weekday,£1.60,None
24,Outbound,5,"Grove Road, Fenton",22:13,22:15,Every 30m,Weekday,£1.40,None
24,Outbound,6,"Fenpark Road, Fenton",22:28,22:30,Every 30m,Weekday,£1.20,None
24,Outbound,7,"Manor Street, Fenton",22:43,22:45,Every 30m,Weekday,£1.00,None
24,Outbound,1,Adderley Green,21:28,21:30,Every 30m,Weekday,£2.40,None
24,Outbound,2,"Longton Interchange, Longton",21:43,21:45,Every 30m,Weekday,£2.00,None
24,Outbound,3,Stoke Town Centre,21:58,22:00,Every 30m,Weekday,£1.80,None
24,Outbound,4,"King Street, Fenton",22:13,22:15,Every 30m,Weekday,£1.60,None
24,Outbound,5,"Grove Road, Fenton",22:28,22:30,Every 30m,Weekday,£1.40,None
24,Outbound,6,"Fenpark Road, Fenton",22:43,22:45,Every 30m,Weekday,£1.20,None
24,Outbound,7,"Manor Street, Fenton",22:58,23:00,Every 30m,Weekday,£1.00,None
24,Outbound,1,Adderley Green,21:43,21:45,Every 30m,Weekday,£2.40,None
24,Outbound,2,"Longton Interchange, Longton",21:58,22:00,Every 30m,Weekday,£2.00,None
24,Outbound,3,Stoke Town Centre,22:13,22:15,Every 30m,Weekday,£1.80,None
24,Outbound,4,"King Street, Fenton",22:28,22:30,Every 30m,Weekday,£1.60,None
24,Outbound,5,"Grove Road, Fenton",22:43,22:45,Every 30m,Weekday,£1.40,None
24,Outbound,6,"Fenpark Road, Fenton",22:58,23:00,Every 30m,Weekday,£1.20,None
24,Outbound,7,"Manor Street, Fenton",23:13,23:15,Every 30m,Weekday,£1.00,None
24,Outbound,1,Adderley Green,21:58,22:00,Every 30m,Weekday,£2.40,None
24,Outbound,2,"Longton Interchange, Longton",22:13,22:15,Every 30m,Weekday,£2.00,None
24,Outbound,3,Stoke Town Centre,22:28,22:30,Every 30m,Weekday,£1.80,None
24,Outbound,4,"King Street, Fenton",22:43,22:45,Every 30m,Weekday,£1.60,None
24,Outbound,5,"Grove Road, Fenton",22:58,23:00,Every 30m,Weekday,£1.40,None
24,Outbound,6,"Fenpark Road, Fenton",23:13,23:15,Every 30m,Weekday,£1.20,None
24,Outbound,7,"Manor Street, Fenton",23:28,23:30,Every 30m,Weekday,£1.00,None
6A,Inbound,1,Kidsgrove Town Centre,05:58,06:00,Every 20m,Weekday,£1.50,None
6A,Inbound,2,Goldenhill,06:13,06:15,Every 20m,Weekday,£1.80,None
6A,Inbound,3,Tunstall Town Centre,06:23,06:25,Every 20m,Weekday,£2.00,None
6A,Inbound,4,Burslem Town Centre,06:38,06:40,Every 20m,Weekday,£2.30,22
6A,Inbound,5,Hanley Bus Station,06:53,06:55,Every 20m,Weekday,£2.80,"7, 21"
6A,Inbound,1,Kidsgrove Town Centre,06:13,06:15,Every 20m,Weekday,£1.50,None
6A,Inbound,2,Goldenhill,06:28,06:30,Every 20m,Weekday,£1.80,None
6A,Inbound,3,Tunstall Town Centre,06:38,06:40,Every 20m,Weekday,£2.00,None
6A,Inbound,4,Burslem Town Centre,06:53,06:55,Every 20m,Weekday,£2.30,22
6A,Inbound,5,Hanley Bus Station,07:08,07:10,Every 20m,Weekday,£2.80,"7, 21"
6A,Inbound,1,Kidsgrove Town Centre,06:28,06:30,Every 20m,Weekday,£1.50,None
6A,Inbound,2,Goldenhill,06:43,06:45,Every 20m,Weekday,£1.80,None
6A,Inbound,3,Tunstall Town Centre,06:53,06:55,Every 20m,Weekday,£2.00,None
6A,Inbound,4,Burslem Town Centre,07:08,07:10,Every 20m,Weekday,£2.30,22
6A,Inbound,5,Hanley Bus Station,07:23,07:25,Every 20m,Weekday,£2.80,"7, 21"
6A,Inbound,1,Kidsgrove Town Centre,06:43,06:45,Every 20m,Weekday,£1.50,None
6A,Inbound,2,Goldenhill,06:58,07:00,Every 20m,Weekday,£1.80,None
6A,Inbound,3,Tunstall Town Centre,07:08,07:10,Every 20m,Weekday,£2.00,None
6A,Inbound,4,Burslem Town Centre,07:23,07:25,Every 20m,Weekday,£2.30,22
6A,Inbound,5,Hanley Bus Station,07:38,07:40,Every 20m,Weekday,£2.80,"7, 21"
6A,Inbound,1,Kidsgrove Town Centre,06:58,07:00,Every 20m,Weekday,£1.50,None
6A,Inbound,2,Goldenhill,07:13,07:15,Every 20m,Weekday,£1.80,None
6A,Inbound,3,Tunstall Town Centre,07:23,07:25,Every 20m,Weekday,£2.00,None
6A,Inbound,4,Burslem Town Centre,07:38,07:40,Every 20m,Weekday,£2.30,22
6A,Inbound,5,Hanley Bus Station,07:53,07:55,Every 20m,Weekday,£2.80,"7, 21"
6A,Inbound,1,Kidsgrove Town Centre,07:13,07:15,Every 20m,Weekday,£1.50,None
6A,Inbound,2,Goldenhill,07:28,07:30,Every 20m,Weekday,£1.80,None
6A,Inbound,3,Tunstall Town Centre,07:38,07:40,Every 20m,Weekday,£2.00,None
6A,Inbound,4,Burslem Town Centre,07:53,07:55,Every 20m,Weekday,£2.30,22
6A,Inbound,5,Hanley Bus Station,08:08,08:10,Every 20m,Weekday,£2.80,"7, 21"
6A,Inbound,1,Kidsgrove Town Centre,07:28,07:30,Every 20m,Weekday,£1.50,None
6A,Inbound,2,Goldenhill,07:43,07:45,Every 20m,Weekday,£1.80,None
6A,Inbound,3,Tunstall Town Centre,07:53,07:55,Every 20m,Weekday,£2.00,None
6A,Inbound,4,Burslem Town Centre,08:08,08:10,Every 20m,Weekday,£2.30,22
6A,Inbound,5,Hanley Bus Station,08:23,08:25,Every 20m,Weekday,£2.80,"7, 21"
6A,Inbound,1,Kidsgrove Town Centre,07:43,07:45,Every 20m,Weekday,£1.50,None
6A,Inbound,2,Goldenhill,07:58,08:00,Every 20m,Weekday,£1.80,None
6A,Inbound,3,Tunstall Town Centre,08:08,08:10,Every 20m,Weekday,£2.00,None
6A,Inbound,4,Burslem Town Centre,08:23,08:25,Every 20m,Weekday,£2.30,22
6A,Inbound,5,Hanley Bus Station,08:38,08:40,Every 20m,Weekday,£2.80,"7, 21"
6A,Inbound,1,Kidsgrove Town Centre,07:58,08:00,Every 20m,Weekday,£1.50,None
6A,Inbound,2,Goldenhill,08:13,08:15,Every 20m,Weekday,£1.80,None
6A,Inbound,3,Tunstall Town Centre,08:23,08:25,Every 20m,Weekday,£2.00,None
6A,Inbound,4,Burslem Town Centre,08:38,08:40,Every 20m,Weekday,£2.30,22
6A,Inbound,5,Hanley Bus Station,08:53,08:55,Every 20m,Weekday,£2.80,"7, 21"
6A,Inbound,1,Kidsgrove Town Centre,08:13,08:15,Every 20m,Weekday,£1.50,None
6A,Inbound,2,Goldenhill,08:28,08:30,Every 20m,Weekday,£1.80,None
6A,Inbound,3,Tunstall Town Centre,08:38,08:40,Every 20m,Weekday,£2.00,None
6A,Inbound,4,Burslem Town Centre,08:53,08:55,Every 20m,Weekday,£2.30,22
6A,Inbound,5,Hanley Bus Station,09:08,09:10,Every 20m,Weekday,£2.80,"7, 21"
6A,Inbound,1,Kidsgrove Town Centre,08:28,08:30,Every 20m,Weekday,£1.50,None
6A,Inbound,2,Goldenhill,08:43,08:45,Every 20m,Weekday,£1.80,None
6A,Inbound,3,Tunstall Town Centre,08:53,08:55,Every 20m,Weekday,£2.00,None
6A,Inbound,4,Burslem Town Centre,09:08,09:10,Every 20m,Weekday,£2.30,22
6A,Inbound,5,Hanley Bus Station,09:23,09:25,Every 20m,Weekday,£2.80,"7, 21"
6A,Inbound,1,Kidsgrove Town Centre,08:43,08:45,Every 20m,Weekday,£1.50,None
6A,Inbound,2,Goldenhill,08:58,09:00,Every 20m,Weekday,£1.80,None
6A,Inbound,3,Tunstall Town Centre,09:08,09:10,Every 20m,Weekday,£2.00,None
6A,Inbound,4,Burslem Town Centre,09:23,09:25,Every 20m,Weekday,£2.30,22
6A,Inbound,5,Hanley Bus Station,09:38,09:40,Every 20m,Weekday,£2.80,"7, 21"
6A,Inbound,1,Kidsgrove Town Centre,08:58,09:00,Every 20m,Weekday,£1.50,None
6A,Inbound,2,Goldenhill,09:13,09:15,Every 20m,Weekday,£1.80,None
6A,Inbound,3,Tunstall Town Centre,09:23,09:25,Every 20m,Weekday,£2.00,None
6A,Inbound,4,Burslem Town Centre,09:38,09:40,Every 20m,Weekday,£2.30,22
6A,Inbound,5,Hanley Bus Station,09:53,09:55,Every 20m,Weekday,£2.80,"7, 21"
6A,Inbound,1,Kidsgrove Town Centre,09:13,09:15,Every 20m,Weekday,£1.50,None
6A,Inbound,2,Goldenhill,09:28,09:30,Every 20m,Weekday,£1.80,None
6A,Inbound,3,Tunstall Town Centre,09:38,09:40,Every 20m,Weekday,£2.00,None
6A,Inbound,4,Burslem Town Centre,09:53,09:55,Every 20m,Weekday,£2.30,22
6A,Inbound,5,Hanley Bus Station,10:08,10:10,Every 20m,Weekday,£2.80,"7, 21"
6A,Inbound,1,Kidsgrove Town Centre,09:28,09:30,Every 20m,Weekday,£1.50,None
6A,Inbound,2,Goldenhill,09:43,09:45,Every 20m,Weekday,£1.80,None
6A,Inbound,3,Tunstall Town Centre,09:53,09:55,Every 20m,Weekday,£2.00,None
6A,Inbound,4,Burslem Town Centre,10:08,10:10,Every 20m,Weekday,£2.30,22
6A,Inbound,5,Hanley Bus Station,10:23,10:25,Every 20m,Weekday,£2.80,"7, 21"
6A,Inbound,1,Kidsgrove Town Centre,09:43,09:45,Every 20m,Weekday,£1.50,None
6A,Inbound,2,Goldenhill,09:58,10:00,Every 20m,Weekday,£1.80,None
6A,Inbound,3,Tunstall Town Centre,10:08,10:10,Every 20m,Weekday,£2.00,None
6A,Inbound,4,Burslem Town Centre,10:23,10:25,Every 20m,Weekday,£2.30,22
6A,Inbound,5,Hanley Bus Station,10:38,10:40,Every 20m,Weekday,£2.80,"7, 21"
6A,Inbound,1,Kidsgrove Town Centre,09:58,10:00,Every 20m,Weekday,£1.50,None
6A,Inbound,2,Goldenhill,10:13,10:15,Every 20m,Weekday,£1.80,None
6A,Inbound,3,Tunstall Town Centre,10:23,10:25,Every 20m,Weekday,£2.00,None
6A,Inbound,4,Burslem Town Centre,10:38,10:40,Every 20m,Weekday,£2.30,22
6A,Inbound,5,Hanley Bus Station,10:53,10:55,Every 20m,Weekday,£2.80,"7, 21"
6A,Inbound,1,Kidsgrove Town Centre,10:13,10:15,Every 20m,Weekday,£1.50,None
6A,Inbound,2,Goldenhill,10:28,10:30,Every 20m,Weekday,£1.80,None
6A,Inbound,3,Tunstall Town Centre,10:38,10:40,Every 20m,Weekday,£2.00,None
6A,Inbound,4,Burslem Town Centre,10:53,10:55,Every 20m,Weekday,£2.30,22
6A,Inbound,5,Hanley Bus Station,11:08,11:10,Every 20m,Weekday,£2.80,"7, 21"
6A,Inbound,1,Kidsgrove Town Centre,10:28,10:30,Every 20m,Weekday,£1.50,None
6A,Inbound,2,Goldenhill,10:43,10:45,Every 20m,Weekday,£1.80,None
6A,Inbound,3,Tunstall Town Centre,10:53,10:55,Every 20m,Weekday,£2.00,None
6A,Inbound,4,Burslem Town Centre,11:08,11:10,Every 20m,Weekday,£2.30,22
6A,Inbound,5,Hanley Bus Station,11:23,11:25,Every 20m,Weekday,£2.80,"7, 21"
6A,Inbound,1,Kidsgrove Town Centre,10:43,10:45,Every 20m,Weekday,£1.50,None
6A,Inbound,2,Goldenhill,10:58,11:00,Every 20m,Weekday,£1.80,None
6A,Inbound,3,Tunstall Town Centre,11:08,11:10,Every 20m,Weekday,£2.00,None
6A,Inbound,4,Burslem Town Centre,11:23,11:25,Every 20m,Weekday,£2.30,22
6A,Inbound,5,Hanley Bus Station,11:38,11:40,Every 20m,Weekday,£2.80,"7, 21"
6A,Inbound,1,Kidsgrove Town Centre,10:58,11:00,Every 20m,Weekday,£1.50,None
6A,Inbound,2,Goldenhill,11:13,11:15,Every 20m,Weekday,£1.80,None
6A,Inbound,3,Tunstall Town Centre,11:23,11:25,Every 20m,Weekday,£2.00,None
6A,Inbound,4,Burslem Town Centre,11:38,11:40,Every 20m,Weekday,£2.30,22
6A,Inbound,5,Hanley Bus Station,11:53,11:55,Every 20m,Weekday,£2.80,"7, 21"
6A,Inbound,1,Kidsgrove Town Centre,11:13,11:15,Every 20m,Weekday,£1.50,None
6A,Inbound,2,Goldenhill,11:28,11:30,Every 20m,Weekday,£1.80,None
6A,Inbound,3,Tunstall Town Centre,11:38,11:40,Every 20m,Weekday,£2.00,None
6A,Inbound,4,Burslem Town Centre,11:53,11:55,Every 20m,Weekday,£2.30,22
6A,Inbound,5,Hanley Bus Station,12:08,12:10,Every 20m,Weekday,£2.80,"7, 21"
6A,Inbound,1,Kidsgrove Town Centre,11:28,11:30,Every 20m,Weekday,£1.50,None
6A,Inbound,2,Goldenhill,11:43,11:45,Every 20m,Weekday,£1.80,None
6A,Inbound,3,Tunstall Town Centre,11:53,11:55,Every 20m,Weekday,£2.00,None
6A,Inbound,4,Burslem Town Centre,12:08,12:10,Every 20m,Weekday,£2.30,22
6A,Inbound,5,Hanley Bus Station,12:23,12:25,Every 20m,Weekday,£2.80,"7, 21"
6A,Inbound,1,Kidsgrove Town Centre,11:43,11:45,Every 20m,Weekday,£1.50,None
6A,Inbound,2,Goldenhill,11:58,12:00,Every 20m,Weekday,£1.80,None
6A,Inbound,3,Tunstall Town Centre,12:08,12:10,Every 20m,Weekday,£2.00,None
6A,Inbound,4,Burslem Town Centre,12:23,12:25,Every 20m,Weekday,£2.30,22
6A,Inbound,5,Hanley Bus Station,12:38,12:40,Every 20m,Weekday,£2.80,"7, 21"
6A,Inbound,1,Kidsgrove Town Centre,11:58,12:00,Every 20m,Weekday,£1.50,None
6A,Inbound,2,Goldenhill,12:13,12:15,Every 20m,Weekday,£1.80,None
6A,Inbound,3,Tunstall Town Centre,12:23,12:25,Every 20m,Weekday,£2.00,None
6A,Inbound,4,Burslem Town Centre,12:38,12:40,Every 20m,Weekday,£2.30,22
6A,Inbound,5,Hanley Bus Station,12:53,12:55,Every 20m,Weekday,£2.80,"7, 21"
6A,Inbound,1,Kidsgrove Town Centre,12:13,12:15,Every 20m,Weekday,£1.50,None
6A,Inbound,2,Goldenhill,12:28,12:30,Every 20m,Weekday,£1.80,None
6A,Inbound,3,Tunstall Town Centre,12:38,12:40,Every 20m,Weekday,£2.00,None
6A,Inbound,4,Burslem Town Centre,12:53,12:55,Every 20m,Weekday,£2.30,22
6A,Inbound,5,Hanley Bus Station,13:08,13:10,Every 20m,Weekday,£2.80,"7, 21"
6A,Inbound,1,Kidsgrove Town Centre,12:28,12:30,Every 20m,Weekday,£1.50,None
6A,Inbound,2,Goldenhill,12:43,12:45,Every 20m,Weekday,£1.80,None
6A,Inbound,3,Tunstall Town Centre,12:53,12:55,Every 20m,Weekday,£2.00,None
6A,Inbound,4,Burslem Town Centre,13:08,13:10,Every 20m,Weekday,£2.30,22
6A,Inbound,5,Hanley Bus Station,13:23,13:25,Every 20m,Weekday,£2.80,"7, 21"
6A,Inbound,1,Kidsgrove Town Centre,12:43,12:45,Every 20m,Weekday,£1.50,None
6A,Inbound,2,Goldenhill,12:58,13:00,Every 20m,Weekday,£1.80,None
6A,Inbound,3,Tunstall Town Centre,13:08,13:10,Every 20m,Weekday,£2.00,None
6A,Inbound,4,Burslem Town Centre,13:23,13:25,Every 20m,Weekday,£2.30,22
6A,Inbound,5,Hanley Bus Station,13:38,13:40,Every 20m,Weekday,£2.80,"7, 21"
6A,Inbound,1,Kidsgrove Town Centre,12:58,13:00,Every 20m,Weekday,£1.50,None
6A,Inbound,2,Goldenhill,13:13,13:15,Every 20m,Weekday,£1.80,None
6A,Inbound,3,Tunstall Town Centre,13:23,13:25,Every 20m,Weekday,£2.00,None
6A,Inbound,4,Burslem Town Centre,13:38,13:40,Every 20m,Weekday,£2.30,22
6A,Inbound,5,Hanley Bus Station,13:53,13:55,Every 20m,Weekday,£2.80,"7, 21"
6A,Inbound,1,Kidsgrove Town Centre,13:13,13:15,Every 20m,Weekday,£1.50,None
6A,Inbound,2,Goldenhill,13:28,13:30,Every 20m,Weekday,£1.80,None
6A,Inbound,3,Tunstall Town Centre,13:38,13:40,Every 20m,Weekday,£2.00,None
6A,Inbound,4,Burslem Town Centre,13:53,13:55,Every 20m,Weekday,£2.30,22
6A,Inbound,5,Hanley Bus Station,14:08,14:10,Every 20m,Weekday,£2.80,"7, 21"
6A,Inbound,1,Kidsgrove Town Centre,13:28,13:30,Every 20m,Weekday,£1.50,None
6A,Inbound,2,Goldenhill,13:43,13:45,Every 20m,Weekday,£1.80,None
6A,Inbound,3,Tunstall Town Centre,13:53,13:55,Every 20m,Weekday,£2.00,None
6A,Inbound,4,Burslem Town Centre,14:08,14:10,Every 20m,Weekday,£2.30,22
6A,Inbound,5,Hanley Bus Station,14:23,14:25,Every 20m,Weekday,£2.80,"7, 21"
6A,Inbound,1,Kidsgrove Town Centre,13:43,13:45,Every 20m,Weekday,£1.50,None
6A,Inbound,2,Goldenhill,13:58,14:00,Every 20m,Weekday,£1.80,None
6A,Inbound,3,Tunstall Town Centre,14:08,14:10,Every 20m,Weekday,£2.00,None
6A,Inbound,4,Burslem Town Centre,14:23,14:25,Every 20m,Weekday,£2.30,22
6A,Inbound,5,Hanley Bus Station,14:38,14:40,Every 20m,Weekday,£2.80,"7, 21"
6A,Inbound,1,Kidsgrove Town Centre,13:58,14:00,Every 20m,Weekday,£1.50,None
6A,Inbound,2,Goldenhill,14:13,14:15,Every 20m,Weekday,£1.80,None
6A,Inbound,3,Tunstall Town Centre,14:23,14:25,Every 20m,Weekday,£2.00,None
6A,Inbound,4,Burslem Town Centre,14:38,14:40,Every 20m,Weekday,£2.30,22
6A,Inbound,5,Hanley Bus Station,14:53,14:55,Every 20m,Weekday,£2.80,"7, 21"
6A,Inbound,1,Kidsgrove Town Centre,14:13,14:15,Every 20m,Weekday,£1.50,None
6A,Inbound,2,Goldenhill,14:28,14:30,Every 20m,Weekday,£1.80,None
6A,Inbound,3,Tunstall Town Centre,14:38,14:40,Every 20m,Weekday,£2.00,None
6A,Inbound,4,Burslem Town Centre,14:53,14:55,Every 20m,Weekday,£2.30,22
6A,Inbound,5,Hanley Bus Station,15:08,15:10,Every 20m,Weekday,£2.80,"7, 21"
6A,Inbound,1,Kidsgrove Town Centre,14:28,14:30,Every 20m,Weekday,£1.50,None
6A,Inbound,2,Goldenhill,14:43,14:45,Every 20m,Weekday,£1.80,None
6A,Inbound,3,Tunstall Town Centre,14:53,14:55,Every 20m,Weekday,£2.00,None
6A,Inbound,4,Burslem Town Centre,15:08,15:10,Every 20m,Weekday,£2.30,22
6A,Inbound,5,Hanley Bus Station,15:23,15:25,Every 20m,Weekday,£2.80,"7, 21"
6A,Inbound,1,Kidsgrove Town Centre,14:43,14:45,Every 20m,Weekday,£1.50,None
6A,Inbound,2,Goldenhill,14:58,15:00,Every 20m,Weekday,£1.80,None
6A,Inbound,3,Tunstall Town Centre,15:08,15:10,Every 20m,Weekday,£2.00,None
6A,Inbound,4,Burslem Town Centre,15:23,15:25,Every 20m,Weekday,£2.30,22
6A,Inbound,5,Hanley Bus Station,15:38,15:40,Every 20m,Weekday,£2.80,"7, 21"
6A,Inbound,1,Kidsgrove Town Centre,14:58,15:00,Every 20m,Weekday,£1.50,None
6A,Inbound,2,Goldenhill,15:13,15:15,Every 20m,Weekday,£1.80,None
6A,Inbound,3,Tunstall Town Centre,15:23,15:25,Every 20m,Weekday,£2.00,None
6A,Inbound,4,Burslem Town Centre,15:38,15:40,Every 20m,Weekday,£2.30,22
6A,Inbound,5,Hanley Bus Station,15:53,15:55,Every 20m,Weekday,£2.80,"7, 21"
6A,Inbound,1,Kidsgrove Town Centre,15:13,15:15,Every 20m,Weekday,£1.50,None
6A,Inbound,2,Goldenhill,15:28,15:30,Every 20m,Weekday,£1.80,None
6A,Inbound,3,Tunstall Town Centre,15:38,15:40,Every 20m,Weekday,£2.00,None
6A,Inbound,4,Burslem Town Centre,15:53,15:55,Every 20m,Weekday,£2.30,22
6A,Inbound,5,Hanley Bus Station,16:08,16:10,Every 20m,Weekday,£2.80,"7, 21"
6A,Inbound,1,Kidsgrove Town Centre,15:28,15:30,Every 20m,Weekday,£1.50,None
6A,Inbound,2,Goldenhill,15:43,15:45,Every 20m,Weekday,£1.80,None
6A,Inbound,3,Tunstall Town Centre,15:53,15:55,Every 20m,Weekday,£2.00,None
6A,Inbound,4,Burslem Town Centre,16:08,16:10,Every 20m,Weekday,£2.30,22
6A,Inbound,5,Hanley Bus Station,16:23,16:25,Every 20m,Weekday,£2.80,"7, 21"
6A,Inbound,1,Kidsgrove Town Centre,15:43,15:45,Every 20m,Weekday,£1.50,None
6A,Inbound,2,Goldenhill,15:58,16:00,Every 20m,Weekday,£1.80,None
6A,Inbound,3,Tunstall Town Centre,16:08,16:10,Every 20m,Weekday,£2.00,None
6A,Inbound,4,Burslem Town Centre,16:23,16:25,Every 20m,Weekday,£2.30,22
6A,Inbound,5,Hanley Bus Station,16:38,16:40,Every 20m,Weekday,£2.80,"7, 21"
6A,Inbound,1,Kidsgrove Town Centre,15:58,16:00,Every 20m,Weekday,£1.50,None
6A,Inbound,2,Goldenhill,16:13,16:15,Every 20m,Weekday,£1.80,None
6A,Inbound,3,Tunstall Town Centre,16:23,16:25,Every 20m,Weekday,£2.00,None
6A,Inbound,4,Burslem Town Centre,16:38,16:40,Every 20m,Weekday,£2.30,22
6A,Inbound,5,Hanley Bus Station,16:53,16:55,Every 20m,Weekday,£2.80,"7, 21"
6A,Inbound,1,Kidsgrove Town Centre,16:13,16:15,Every 20m,Weekday,£1.50,None
6A,Inbound,2,Goldenhill,16:28,16:30,Every 20m,Weekday,£1.80,None
6A,Inbound,3,Tunstall Town Centre,16:38,16:40,Every 20m,Weekday,£2.00,None
6A,Inbound,4,Burslem Town Centre,16:53,16:55,Every 20m,Weekday,£2.30,22
6A,Inbound,5,Hanley Bus Station,17:08,17:10,Every 20m,Weekday,£2.80,"7, 21"
6A,Inbound,1,Kidsgrove Town Centre,16:28,16:30,Every 20m,Weekday,£1.50,None
6A,Inbound,2,Goldenhill,16:43,16:45,Every 20m,Weekday,£1.80,None
6A,Inbound,3,Tunstall Town Centre,16:53,16:55,Every 20m,Weekday,£2.00,None
6A,Inbound,4,Burslem Town Centre,17:08,17:10,Every 20m,Weekday,£2.30,22
6A,Inbound,5,Hanley Bus Station,17:23,17:25,Every 20m,Weekday,£2.80,"7, 21"
6A,Inbound,1,Kidsgrove Town Centre,16:43,16:45,Every 20m,Weekday,£1.50,None
6A,Inbound,2,Goldenhill,16:58,17:00,Every 20m,Weekday,£1.80,None
6A,Inbound,3,Tunstall Town Centre,17:08,17:10,Every 20m,Weekday,£2.00,None
6A,Inbound,4,Burslem Town Centre,17:23,17:25,Every 20m,Weekday,£2.30,22
6A,Inbound,5,Hanley Bus Station,17:38,17:40,Every 20m,Weekday,£2.80,"7, 21"
6A,Inbound,1,Kidsgrove Town Centre,16:58,17:00,Every 20m,Weekday,£1.50,None
6A,Inbound,2,Goldenhill,17:13,17:15,Every 20m,Weekday,£1.80,None
6A,Inbound,3,Tunstall Town Centre,17:23,17:25,Every 20m,Weekday,£2.00,None
6A,Inbound,4,Burslem Town Centre,17:38,17:40,Every 20m,Weekday,£2.30,22
6A,Inbound,5,Hanley Bus Station,17:53,17:55,Every 20m,Weekday,£2.80,"7, 21"
6A,Inbound,1,Kidsgrove Town Centre,17:13,17:15,Every 20m,Weekday,£1.50,None
6A,Inbound,2,Goldenhill,17:28,17:30,Every 20m,Weekday,£1.80,None
6A,Inbound,3,Tunstall Town Centre,17:38,17:40,Every 20m,Weekday,£2.00,None
6A,Inbound,4,Burslem Town Centre,17:53,17:55,Every 20m,Weekday,£2.30,22
6A,Inbound,5,Hanley Bus Station,18:08,18:10,Every 20m,Weekday,£2.80,"7, 21"
6A,Inbound,1,Kidsgrove Town Centre,17:28,17:30,Every 20m,Weekday,£1.50,None
6A,Inbound,2,Goldenhill,17:43,17:45,Every 20m,Weekday,£1.80,None
6A,Inbound,3,Tunstall Town Centre,17:53,17:55,Every 20m,Weekday,£2.00,None
6A,Inbound,4,Burslem Town Centre,18:08,18:10,Every 20m,Weekday,£2.30,22
6A,Inbound,5,Hanley Bus Station,18:23,18:25,Every 20m,Weekday,£2.80,"7, 21"
6A,Inbound,1,Kidsgrove Town Centre,17:43,17:45,Every 20m,Weekday,£1.50,None
6A,Inbound,2,Goldenhill,17:58,18:00,Every 20m,Weekday,£1.80,None
6A,Inbound,3,Tunstall Town Centre,18:08,18:10,Every 20m,Weekday,£2.00,None
6A,Inbound,4,Burslem Town Centre,18:23,18:25,Every 20m,Weekday,£2.30,22
6A,Inbound,5,Hanley Bus Station,18:38,18:40,Every 20m,Weekday,£2.80,"7, 21"
6A,Inbound,1,Kidsgrove Town Centre,17:58,18:00,Every 20m,Weekday,£1.50,None
6A,Inbound,2,Goldenhill,18:13,18:15,Every 20m,Weekday,£1.80,None
6A,Inbound,3,Tunstall Town Centre,18:23,18:25,Every 20m,Weekday,£2.00,None
6A,Inbound,4,Burslem Town Centre,18:38,18:40,Every 20m,Weekday,£2.30,22
6A,Inbound,5,Hanley Bus Station,18:53,18:55,Every 20m,Weekday,£2.80,"7, 21"
6A,Inbound,1,Kidsgrove Town Centre,18:13,18:15,Every 20m,Weekday,£1.50,None
6A,Inbound,2,Goldenhill,18:28,18:30,Every 20m,Weekday,£1.80,None
6A,Inbound,3,Tunstall Town Centre,18:38,18:40,Every 20m,Weekday,£2.00,None
6A,Inbound,4,Burslem Town Centre,18:53,18:55,Every 20m,Weekday,£2.30,22
6A,Inbound,5,Hanley Bus Station,19:08,19:10,Every 20m,Weekday,£2.80,"7, 21"
6A,Inbound,1,Kidsgrove Town Centre,18:28,18:30,Every 20m,Weekday,£1.50,None
6A,Inbound,2,Goldenhill,18:43,18:45,Every 20m,Weekday,£1.80,None
6A,Inbound,3,Tunstall Town Centre,18:53,18:55,Every 20m,Weekday,£2.00,None
6A,Inbound,4,Burslem Town Centre,19:08,19:10,Every 20m,Weekday,£2.30,22
6A,Inbound,5,Hanley Bus Station,19:23,19:25,Every 20m,Weekday,£2.80,"7, 21"
6A,Inbound,1,Kidsgrove Town Centre,18:43,18:45,Every 20m,Weekday,£1.50,None
6A,Inbound,2,Goldenhill,18:58,19:00,Every 20m,Weekday,£1.80,None
6A,Inbound,3,Tunstall Town Centre,19:08,19:10,Every 20m,Weekday,£2.00,None
6A,Inbound,4,Burslem Town Centre,19:23,19:25,Every 20m,Weekday,£2.30,22
6A,Inbound,5,Hanley Bus Station,19:38,19:40,Every 20m,Weekday,£2.80,"7, 21"
6A,Inbound,1,Kidsgrove Town Centre,18:58,19:00,Every 20m,Weekday,£1.50,None
6A,Inbound,2,Goldenhill,19:13,19:15,Every 20m,Weekday,£1.80,None
6A,Inbound,3,Tunstall Town Centre,19:23,19:25,Every 20m,Weekday,£2.00,None
6A,Inbound,4,Burslem Town Centre,19:38,19:40,Every 20m,Weekday,£2.30,22
6A,Inbound,5,Hanley Bus Station,19:53,19:55,Every 20m,Weekday,£2.80,"7, 21"
6A,Inbound,1,Kidsgrove Town Centre,19:13,19:15,Every 20m,Weekday,£1.50,None
6A,Inbound,2,Goldenhill,19:28,19:30,Every 20m,Weekday,£1.80,None
6A,Inbound,3,Tunstall Town Centre,19:38,19:40,Every 20m,Weekday,£2.00,None
6A,Inbound,4,Burslem Town Centre,19:53,19:55,Every 20m,Weekday,£2.30,22
6A,Inbound,5,Hanley Bus Station,20:08,20:10,Every 20m,Weekday,£2.80,"7, 21"
6A,Inbound,1,Kidsgrove Town Centre,19:28,19:30,Every 20m,Weekday,£1.50,None
6A,Inbound,2,Goldenhill,19:43,19:45,Every 20m,Weekday,£1.80,None
6A,Inbound,3,Tunstall Town Centre,19:53,19:55,Every 20m,Weekday,£2.00,None
6A,Inbound,4,Burslem Town Centre,20:08,20:10,Every 20m,Weekday,£2.30,22
6A,Inbound,5,Hanley Bus Station,20:23,20:25,Every 20m,Weekday,£2.80,"7, 21"
6A,Inbound,1,Kidsgrove Town Centre,19:43,19:45,Every 20m,Weekday,£1.50,None
6A,Inbound,2,Goldenhill,19:58,20:00,Every 20m,Weekday,£1.80,None
6A,Inbound,3,Tunstall Town Centre,20:08,20:10,Every 20m,Weekday,£2.00,None
6A,Inbound,4,Burslem Town Centre,20:23,20:25,Every 20m,Weekday,£2.30,22
6A,Inbound,5,Hanley Bus Station,20:38,20:40,Every 20m,Weekday,£2.80,"7, 21"
6A,Inbound,1,Kidsgrove Town Centre,19:58,20:00,Every 20m,Weekday,£1.50,None
6A,Inbound,2,Goldenhill,20:13,20:15,Every 20m,Weekday,£1.80,None
6A,Inbound,3,Tunstall Town Centre,20:23,20:25,Every 20m,Weekday,£2.00,None
6A,Inbound,4,Burslem Town Centre,20:38,20:40,Every 20m,Weekday,£2.30,22
6A,Inbound,5,Hanley Bus Station,20:53,20:55,Every 20m,Weekday,£2.80,"7, 21"
6A,Inbound,1,Kidsgrove Town Centre,20:13,20:15,Every 20m,Weekday,£1.50,None
6A,Inbound,2,Goldenhill,20:28,20:30,Every 20m,Weekday,£1.80,None
6A,Inbound,3,Tunstall Town Centre,20:38,20:40,Every 20m,Weekday,£2.00,None
6A,Inbound,4,Burslem Town Centre,20:53,20:55,Every 20m,Weekday,£2.30,22
6A,Inbound,5,Hanley Bus Station,21:08,21:10,Every 20m,Weekday,£2.80,"7, 21"
6A,Inbound,1,Kidsgrove Town Centre,20:28,20:30,Every 20m,Weekday,£1.50,None
6A,Inbound,2,Goldenhill,20:43,20:45,Every 20m,Weekday,£1.80,None
6A,Inbound,3,Tunstall Town Centre,20:53,20:55,Every 20m,Weekday,£2.00,None
6A,Inbound,4,Burslem Town Centre,21:08,21:10,Every 20m,Weekday,£2.30,22
6A,Inbound,5,Hanley Bus Station,21:23,21:25,Every 20m,Weekday,£2.80,"7, 21"
6A,Inbound,1,Kidsgrove Town Centre,20:43,20:45,Every 20m,Weekday,£1.50,None
6A,Inbound,2,Goldenhill,20:58,21:00,Every 20m,Weekday,£1.80,None
6A,Inbound,3,Tunstall Town Centre,21:08,21:10,Every 20m,Weekday,£2.00,None
6A,Inbound,4,Burslem Town Centre,21:23,21:25,Every 20m,Weekday,£2.30,22
6A,Inbound,5,Hanley Bus Station,21:38,21:40,Every 20m,Weekday,£2.80,"7, 21"
6A,Inbound,1,Kidsgrove Town Centre,20:58,21:00,Every 20m,Weekday,£1.50,None
6A,Inbound,2,Goldenhill,21:13,21:15,Every 20m,Weekday,£1.80,None
6A,Inbound,3,Tunstall Town Centre,21:23,21:25,Every 20m,Weekday,£2.00,None
6A,Inbound,4,Burslem Town Centre,21:38,21:40,Every 20m,Weekday,£2.30,22
6A,Inbound,5,Hanley Bus Station,21:53,21:55,Every 20m,Weekday,£2.80,"7, 21"
6A,Inbound,1,Kidsgrove Town Centre,21:13,21:15,Every 20m,Weekday,£1.50,None
6A,Inbound,2,Goldenhill,21:28,21:30,Every 20m,Weekday,£1.80,None
6A,Inbound,3,Tunstall Town Centre,21:38,21:40,Every 20m,Weekday,£2.00,None
6A,Inbound,4,Burslem Town Centre,21:53,21:55,Every 20m,Weekday,£2.30,22
6A,Inbound,5,Hanley Bus Station,22:08,22:10,Every 20m,Weekday,£2.80,"7, 21"
6A,Inbound,1,Kidsgrove Town Centre,21:28,21:30,Every 20m,Weekday,£1.50,None
6A,Inbound,2,Goldenhill,21:43,21:45,Every 20m,Weekday,£1.80,None
6A,Inbound,3,Tunstall Town Centre,21:53,21:55,Every 20m,Weekday,£2.00,None
6A,Inbound,4,Burslem Town Centre,22:08,22:10,Every 20m,Weekday,£2.30,22
6A,Inbound,5,Hanley Bus Station,22:23,22:25,Every 20m,Weekday,£2.80,"7, 21"
6A,Inbound,1,Kidsgrove Town Centre,21:43,21:45,Every 20m,Weekday,£1.50,None
6A,Inbound,2,Goldenhill,21:58,22:00,Every 20m,Weekday,£1.80,None
6A,Inbound,3,Tunstall Town Centre,22:08,22:10,Every 20m,Weekday,£2.00,None
6A,Inbound,4,Burslem Town Centre,22:23,22:25,Every 20m,Weekday,£2.30,22
6A,Inbound,5,Hanley Bus Station,22:38,22:40,Every 20m,Weekday,£2.80,"7, 21"
6A,Inbound,1,Kidsgrove Town Centre,21:58,22:00,Every 20m,Weekday,£1.50,None
6A,Inbound,2,Goldenhill,22:13,22:15,Every 20m,Weekday,£1.80,None
6A,Inbound,3,Tunstall Town Centre,22:23,22:25,Every 20m,Weekday,£2.00,None
6A,Inbound,4,Burslem Town Centre,22:38,22:40,Every 20m,Weekday,£2.30,22
6A,Inbound,5,Hanley Bus Station,22:53,22:55,Every 20m,Weekday,£2.80,"7, 21"
6A,Outbound,1,Hanley Bus Station,05:58,06:00,Every 20m,Weekday,£2.80,"7, 21"
6A,Outbound,2,Burslem Town Centre,06:10,06:12,Every 20m,Weekday,£2.30,22
6A,Outbound,3,Tunstall Town Centre,06:23,06:25,Every 20m,Weekday,£2.00,None
6A,Outbound,4,Goldenhill,06:38,06:40,Every 20m,Weekday,£1.80,None
6A,Outbound,5,Kidsgrove Town Centre,06:53,06:55,Every 20m,Weekday,£1.50,None
6A,Outbound,1,Hanley Bus Station,06:13,06:15,Every 20m,Weekday,£2.80,"7, 21"
6A,Outbound,2,Burslem Town Centre,06:25,06:27,Every 20m,Weekday,£2.30,22
6A,Outbound,3,Tunstall Town Centre,06:38,06:40,Every 20m,Weekday,£2.00,None
6A,Outbound,4,Goldenhill,06:53,06:55,Every 20m,Weekday,£1.80,None
6A,Outbound,5,Kidsgrove Town Centre,07:08,07:10,Every 20m,Weekday,£1.50,None
6A,Outbound,1,Hanley Bus Station,06:28,06:30,Every 20m,Weekday,£2.80,"7, 21"
6A,Outbound,2,Burslem Town Centre,06:40,06:42,Every 20m,Weekday,£2.30,22
6A,Outbound,3,Tunstall Town Centre,06:53,06:55,Every 20m,Weekday,£2.00,None
6A,Outbound,4,Goldenhill,07:08,07:10,Every 20m,Weekday,£1.80,None
6A,Outbound,5,Kidsgrove Town Centre,07:23,07:25,Every 20m,Weekday,£1.50,None
6A,Outbound,1,Hanley Bus Station,06:43,06:45,Every 20m,Weekday,£2.80,"7, 21"
6A,Outbound,2,Burslem Town Centre,06:55,06:57,Every 20m,Weekday,£2.30,22
6A,Outbound,3,Tunstall Town Centre,07:08,07:10,Every 20m,Weekday,£2.00,None
6A,Outbound,4,Goldenhill,07:23,07:25,Every 20m,Weekday,£1.80,None
6A,Outbound,5,Kidsgrove Town Centre,07:38,07:40,Every 20m,Weekday,£1.50,None
6A,Outbound,1,Hanley Bus Station,06:58,07:00,Every 20m,Weekday,£2.80,"7, 21"
6A,Outbound,2,Burslem Town Centre,07:10,07:12,Every 20m,Weekday,£2.30,22
6A,Outbound,3,Tunstall Town Centre,07:23,07:25,Every 20m,Weekday,£2.00,None
6A,Outbound,4,Goldenhill,07:38,07:40,Every 20m,Weekday,£1.80,None
6A,Outbound,5,Kidsgrove Town Centre,07:53,07:55,Every 20m,Weekday,£1.50,None
6A,Outbound,1,Hanley Bus Station,07:13,07:15,Every 20m,Weekday,£2.80,"7, 21"
6A,Outbound,2,Burslem Town Centre,07:25,07:27,Every 20m,Weekday,£2.30,22
6A,Outbound,3,Tunstall Town Centre,07:38,07:40,Every 20m,Weekday,£2.00,None
6A,Outbound,4,Goldenhill,07:53,07:55,Every 20m,Weekday,£1.80,None
6A,Outbound,5,Kidsgrove Town Centre,08:08,08:10,Every 20m,Weekday,£1.50,None
6A,Outbound,1,Hanley Bus Station,07:28,07:30,Every 20m,Weekday,£2.80,"7, 21"
6A,Outbound,2,Burslem Town Centre,07:40,07:42,Every 20m,Weekday,£2.30,22
6A,Outbound,3,Tunstall Town Centre,07:53,07:55,Every 20m,Weekday,£2.00,None
6A,Outbound,4,Goldenhill,08:08,08:10,Every 20m,Weekday,£1.80,None
6A,Outbound,5,Kidsgrove Town Centre,08:23,08:25,Every 20m,Weekday,£1.50,None
6A,Outbound,1,Hanley Bus Station,07:43,07:45,Every 20m,Weekday,£2.80,"7, 21"
6A,Outbound,2,Burslem Town Centre,07:55,07:57,Every 20m,Weekday,£2.30,22
6A,Outbound,3,Tunstall Town Centre,08:08,08:10,Every 20m,Weekday,£2.00,None
6A,Outbound,4,Goldenhill,08:23,08:25,Every 20m,Weekday,£1.80,None
6A,Outbound,5,Kidsgrove Town Centre,08:38,08:40,Every 20m,Weekday,£1.50,None
6A,Outbound,1,Hanley Bus Station,07:58,08:00,Every 20m,Weekday,£2.80,"7, 21"
6A,Outbound,2,Burslem Town Centre,08:10,08:12,Every 20m,Weekday,£2.30,22
6A,Outbound,3,Tunstall Town Centre,08:23,08:25,Every 20m,Weekday,£2.00,None
6A,Outbound,4,Goldenhill,08:38,08:40,Every 20m,Weekday,£1.80,None
6A,Outbound,5,Kidsgrove Town Centre,08:53,08:55,Every 20m,Weekday,£1.50,None
6A,Outbound,1,Hanley Bus Station,08:13,08:15,Every 20m,Weekday,£2.80,"7, 21"
6A,Outbound,2,Burslem Town Centre,08:25,08:27,Every 20m,Weekday,£2.30,22
6A,Outbound,3,Tunstall Town Centre,08:38,08:40,Every 20m,Weekday,£2.00,None
6A,Outbound,4,Goldenhill,08:53,08:55,Every 20m,Weekday,£1.80,None
6A,Outbound,5,Kidsgrove Town Centre,09:08,09:10,Every 20m,Weekday,£1.50,None
6A,Outbound,1,Hanley Bus Station,08:28,08:30,Every 20m,Weekday,£2.80,"7, 21"
6A,Outbound,2,Burslem Town Centre,08:40,08:42,Every 20m,Weekday,£2.30,22
6A,Outbound,3,Tunstall Town Centre,08:53,08:55,Every 20m,Weekday,£2.00,None
6A,Outbound,4,Goldenhill,09:08,09:10,Every 20m,Weekday,£1.80,None
6A,Outbound,5,Kidsgrove Town Centre,09:23,09:25,Every 20m,Weekday,£1.50,None
6A,Outbound,1,Hanley Bus Station,08:43,08:45,Every 20m,Weekday,£2.80,"7, 21"
6A,Outbound,2,Burslem Town Centre,08:55,08:57,Every 20m,Weekday,£2.30,22
6A,Outbound,3,Tunstall Town Centre,09:08,09:10,Every 20m,Weekday,£2.00,None
6A,Outbound,4,Goldenhill,09:23,09:25,Every 20m,Weekday,£1.80,None
6A,Outbound,5,Kidsgrove Town Centre,09:38,09:40,Every 20m,Weekday,£1.50,None
6A,Outbound,1,Hanley Bus Station,08:58,09:00,Every 20m,Weekday,£2.80,"7, 21"
6A,Outbound,2,Burslem Town Centre,09:10,09:12,Every 20m,Weekday,£2.30,22
6A,Outbound,3,Tunstall Town Centre,09:23,09:25,Every 20m,Weekday,£2.00,None
6A,Outbound,4,Goldenhill,09:38,09:40,Every 20m,Weekday,£1.80,None
6A,Outbound,5,Kidsgrove Town Centre,09:53,09:55,Every 20m,Weekday,£1.50,None
6A,Outbound,1,Hanley Bus Station,09:13,09:15,Every 20m,Weekday,£2.80,"7, 21"
6A,Outbound,2,Burslem Town Centre,09:25,09:27,Every 20m,Weekday,£2.30,22
6A,Outbound,3,Tunstall Town Centre,09:38,09:40,Every 20m,Weekday,£2.00,None
6A,Outbound,4,Goldenhill,09:53,09:55,Every 20m,Weekday,£1.80,None
6A,Outbound,5,Kidsgrove Town Centre,10:08,10:10,Every 20m,Weekday,£1.50,None
6A,Outbound,1,Hanley Bus Station,09:28,09:30,Every 20m,Weekday,£2.80,"7, 21"
6A,Outbound,2,Burslem Town Centre,09:40,09:42,Every 20m,Weekday,£2.30,22
6A,Outbound,3,Tunstall Town Centre,09:53,09:55,Every 20m,Weekday,£2.00,None
6A,Outbound,4,Goldenhill,10:08,10:10,Every 20m,Weekday,£1.80,None
6A,Outbound,5,Kidsgrove Town Centre,10:23,10:25,Every 20m,Weekday,£1.50,None
6A,Outbound,1,Hanley Bus Station,09:43,09:45,Every 20m,Weekday,£2.80,"7, 21"
6A,Outbound,2,Burslem Town Centre,09:55,09:57,Every 20m,Weekday,£2.30,22
6A,Outbound,3,Tunstall Town Centre,10:08,10:10,Every 20m,Weekday,£2.00,None
6A,Outbound,4,Goldenhill,10:23,10:25,Every 20m,Weekday,£1.80,None
6A,Outbound,5,Kidsgrove Town Centre,10:38,10:40,Every 20m,Weekday,£1.50,None
6A,Outbound,1,Hanley Bus Station,09:58,10:00,Every 20m,Weekday,£2.80,"7, 21"
6A,Outbound,2,Burslem Town Centre,10:10,10:12,Every 20m,Weekday,£2.30,22
6A,Outbound,3,Tunstall Town Centre,10:23,10:25,Every 20m,Weekday,£2.00,None
6A,Outbound,4,Goldenhill,10:38,10:40,Every 20m,Weekday,£1.80,None
6A,Outbound,5,Kidsgrove Town Centre,10:53,10:55,Every 20m,Weekday,£1.50,None
6A,Outbound,1,Hanley Bus Station,10:13,10:15,Every 20m,Weekday,£2.80,"7, 21"
6A,Outbound,2,Burslem Town Centre,10:25,10:27,Every 20m,Weekday,£2.30,22
6A,Outbound,3,Tunstall Town Centre,10:38,10:40,Every 20m,Weekday,£2.00,None
6A,Outbound,4,Goldenhill,10:53,10:55,Every 20m,Weekday,£1.80,None
6A,Outbound,5,Kidsgrove Town Centre,11:08,11:10,Every 20m,Weekday,£1.50,None
6A,Outbound,1,Hanley Bus Station,10:28,10:30,Every 20m,Weekday,£2.80,"7, 21"
6A,Outbound,2,Burslem Town Centre,10:40,10:42,Every 20m,Weekday,£2.30,22
6A,Outbound,3,Tunstall Town Centre,10:53,10:55,Every 20m,Weekday,£2.00,None
6A,Outbound,4,Goldenhill,11:08,11:10,Every 20m,Weekday,£1.80,None
6A,Outbound,5,Kidsgrove Town Centre,11:23,11:25,Every 20m,Weekday,£1.50,None
6A,Outbound,1,Hanley Bus Station,10:43,10:45,Every 20m,Weekday,£2.80,"7, 21"
6A,Outbound,2,Burslem Town Centre,10:55,10:57,Every 20m,Weekday,£2.30,22
6A,Outbound,3,Tunstall Town Centre,11:08,11:10,Every 20m,Weekday,£2.00,None
6A,Outbound,4,Goldenhill,11:23,11:25,Every 20m,Weekday,£1.80,None
6A,Outbound,5,Kidsgrove Town Centre,11:38,11:40,Every 20m,Weekday,£1.50,None
6A,Outbound,1,Hanley Bus Station,10:58,11:00,Every 20m,Weekday,£2.80,"7, 21"
6A,Outbound,2,Burslem Town Centre,11:10,11:12,Every 20m,Weekday,£2.30,22
6A,Outbound,3,Tunstall Town Centre,11:23,11:25,Every 20m,Weekday,£2.00,None
6A,Outbound,4,Goldenhill,11:38,11:40,Every 20m,Weekday,£1.80,None
6A,Outbound,5,Kidsgrove Town Centre,11:53,11:55,Every 20m,Weekday,£1.50,None
6A,Outbound,1,Hanley Bus Station,11:13,11:15,Every 20m,Weekday,£2.80,"7, 21"
6A,Outbound,2,Burslem Town Centre,11:25,11:27,Every 20m,Weekday,£2.30,22
6A,Outbound,3,Tunstall Town Centre,11:38,11:40,Every 20m,Weekday,£2.00,None
6A,Outbound,4,Goldenhill,11:53,11:55,Every 20m,Weekday,£1.80,None
6A,Outbound,5,Kidsgrove Town Centre,12:08,12:10,Every 20m,Weekday,£1.50,None
6A,Outbound,1,Hanley Bus Station,11:28,11:30,Every 20m,Weekday,£2.80,"7, 21"
6A,Outbound,2,Burslem Town Centre,11:40,11:42,Every 20m,Weekday,£2.30,22
6A,Outbound,3,Tunstall Town Centre,11:53,11:55,Every 20m,Weekday,£2.00,None
6A,Outbound,4,Goldenhill,12:08,12:10,Every 20m,Weekday,£1.80,None
6A,Outbound,5,Kidsgrove Town Centre,12:23,12:25,Every 20m,Weekday,£1.50,None
6A,Outbound,1,Hanley Bus Station,11:43,11:45,Every 20m,Weekday,£2.80,"7, 21"
6A,Outbound,2,Burslem Town Centre,11:55,11:57,Every 20m,Weekday,£2.30,22
6A,Outbound,3,Tunstall Town Centre,12:08,12:10,Every 20m,Weekday,£2.00,None
6A,Outbound,4,Goldenhill,12:23,12:25,Every 20m,Weekday,£1.80,None
6A,Outbound,5,Kidsgrove Town Centre,12:38,12:40,Every 20m,Weekday,£1.50,None
6A,Outbound,1,Hanley Bus Station,11:58,12:00,Every 20m,Weekday,£2.80,"7, 21"
6A,Outbound,2,Burslem Town Centre,12:10,12:12,Every 20m,Weekday,£2.30,22
6A,Outbound,3,Tunstall Town Centre,12:23,12:25,Every 20m,Weekday,£2.00,None
6A,Outbound,4,Goldenhill,12:38,12:40,Every 20m,Weekday,£1.80,None
6A,Outbound,5,Kidsgrove Town Centre,12:53,12:55,Every 20m,Weekday,£1.50,None
6A,Outbound,1,Hanley Bus Station,12:13,12:15,Every 20m,Weekday,£2.80,"7, 21"
6A,Outbound,2,Burslem Town Centre,12:25,12:27,Every 20m,Weekday,£2.30,22
6A,Outbound,3,Tunstall Town Centre,12:38,12:40,Every 20m,Weekday,£2.00,None
6A,Outbound,4,Goldenhill,12:53,12:55,Every 20m,Weekday,£1.80,None
6A,Outbound,5,Kidsgrove Town Centre,13:08,13:10,Every 20m,Weekday,£1.50,None
6A,Outbound,1,Hanley Bus Station,12:28,12:30,Every 20m,Weekday,£2.80,"7, 21"
6A,Outbound,2,Burslem Town Centre,12:40,12:42,Every 20m,Weekday,£2.30,22
6A,Outbound,3,Tunstall Town Centre,12:53,12:55,Every 20m,Weekday,£2.00,None
6A,Outbound,4,Goldenhill,13:08,13:10,Every 20m,Weekday,£1.80,None
6A,Outbound,5,Kidsgrove Town Centre,13:23,13:25,Every 20m,Weekday,£1.50,None
6A,Outbound,1,Hanley Bus Station,12:43,12:45,Every 20m,Weekday,£2.80,"7, 21"
6A,Outbound,2,Burslem Town Centre,12:55,12:57,Every 20m,Weekday,£2.30,22
6A,Outbound,3,Tunstall Town Centre,13:08,13:10,Every 20m,Weekday,£2.00,None
6A,Outbound,4,Goldenhill,13:23,13:25,Every 20m,Weekday,£1.80,None
6A,Outbound,5,Kidsgrove Town Centre,13:38,13:40,Every 20m,Weekday,£1.50,None
6A,Outbound,1,Hanley Bus Station,12:58,13:00,Every 20m,Weekday,£2.80,"7, 21"
6A,Outbound,2,Burslem Town Centre,13:10,13:12,Every 20m,Weekday,£2.30,22
6A,Outbound,3,Tunstall Town Centre,13:23,13:25,Every 20m,Weekday,£2.00,None
6A,Outbound,4,Goldenhill,13:38,13:40,Every 20m,Weekday,£1.80,None
6A,Outbound,5,Kidsgrove Town Centre,13:53,13:55,Every 20m,Weekday,£1.50,None
6A,Outbound,1,Hanley Bus Station,13:13,13:15,Every 20m,Weekday,£2.80,"7, 21"
6A,Outbound,2,Burslem Town Centre,13:25,13:27,Every 20m,Weekday,£2.30,22
6A,Outbound,3,Tunstall Town Centre,13:38,13:40,Every 20m,Weekday,£2.00,None
6A,Outbound,4,Goldenhill,13:53,13:55,Every 20m,Weekday,£1.80,None
6A,Outbound,5,Kidsgrove Town Centre,14:08,14:10,Every 20m,Weekday,£1.50,None
6A,Outbound,1,Hanley Bus Station,13:28,13:30,Every 20m,Weekday,£2.80,"7, 21"
6A,Outbound,2,Burslem Town Centre,13:40,13:42,Every 20m,Weekday,£2.30,22
6A,Outbound,3,Tunstall Town Centre,13:53,13:55,Every 20m,Weekday,£2.00,None
6A,Outbound,4,Goldenhill,14:08,14:10,Every 20m,Weekday,£1.80,None
6A,Outbound,5,Kidsgrove Town Centre,14:23,14:25,Every 20m,Weekday,£1.50,None
6A,Outbound,1,Hanley Bus Station,13:43,13:45,Every 20m,Weekday,£2.80,"7, 21"
6A,Outbound,2,Burslem Town Centre,13:55,13:57,Every 20m,Weekday,£2.30,22
6A,Outbound,3,Tunstall Town Centre,14:08,14:10,Every 20m,Weekday,£2.00,None
6A,Outbound,4,Goldenhill,14:23,14:25,Every 20m,Weekday,£1.80,None
6A,Outbound,5,Kidsgrove Town Centre,14:38,14:40,Every 20m,Weekday,£1.50,None
6A,Outbound,1,Hanley Bus Station,13:58,14:00,Every 20m,Weekday,£2.80,"7, 21"
6A,Outbound,2,Burslem Town Centre,14:10,14:12,Every 20m,Weekday,£2.30,22
6A,Outbound,3,Tunstall Town Centre,14:23,14:25,Every 20m,Weekday,£2.00,None
6A,Outbound,4,Goldenhill,14:38,14:40,Every 20m,Weekday,£1.80,None
6A,Outbound,5,Kidsgrove Town Centre,14:53,14:55,Every 20m,Weekday,£1.50,None
6A,Outbound,1,Hanley Bus Station,14:13,14:15,Every 20m,Weekday,£2.80,"7, 21"
6A,Outbound,2,Burslem Town Centre,14:25,14:27,Every 20m,Weekday,£2.30,22
6A,Outbound,3,Tunstall Town Centre,14:38,14:40,Every 20m,Weekday,£2.00,None
6A,Outbound,4,Goldenhill,14:53,14:55,Every 20m,Weekday,£1.80,None
6A,Outbound,5,Kidsgrove Town Centre,15:08,15:10,Every 20m,Weekday,£1.50,None
6A,Outbound,1,Hanley Bus Station,14:28,14:30,Every 20m,Weekday,£2.80,"7, 21"
6A,Outbound,2,Burslem Town Centre,14:40,14:42,Every 20m,Weekday,£2.30,22
6A,Outbound,3,Tunstall Town Centre,14:53,14:55,Every 20m,Weekday,£2.00,None
6A,Outbound,4,Goldenhill,15:08,15:10,Every 20m,Weekday,£1.80,None
6A,Outbound,5,Kidsgrove Town Centre,15:23,15:25,Every 20m,Weekday,£1.50,None
6A,Outbound,1,Hanley Bus Station,14:43,14:45,Every 20m,Weekday,£2.80,"7, 21"
6A,Outbound,2,Burslem Town Centre,14:55,14:57,Every 20m,Weekday,£2.30,22
6A,Outbound,3,Tunstall Town Centre,15:08,15:10,Every 20m,Weekday,£2.00,None
6A,Outbound,4,Goldenhill,15:23,15:25,Every 20m,Weekday,£1.80,None
6A,Outbound,5,Kidsgrove Town Centre,15:38,15:40,Every 20m,Weekday,£1.50,None
6A,Outbound,1,Hanley Bus Station,14:58,15:00,Every 20m,Weekday,£2.80,"7, 21"
6A,Outbound,2,Burslem Town Centre,15:10,15:12,Every 20m,Weekday,£2.30,22
6A,Outbound,3,Tunstall Town Centre,15:23,15:25,Every 20m,Weekday,£2.00,None
6A,Outbound,4,Goldenhill,15:38,15:40,Every 20m,Weekday,£1.80,None
6A,Outbound,5,Kidsgrove Town Centre,15:53,15:55,Every 20m,Weekday,£1.50,None
6A,Outbound,1,Hanley Bus Station,15:13,15:15,Every 20m,Weekday,£2.80,"7, 21"
6A,Outbound,2,Burslem Town Centre,15:25,15:27,Every 20m,Weekday,£2.30,22
6A,Outbound,3,Tunstall Town Centre,15:38,15:40,Every 20m,Weekday,£2.00,None
6A,Outbound,4,Goldenhill,15:53,15:55,Every 20m,Weekday,£1.80,None
6A,Outbound,5,Kidsgrove Town Centre,16:08,16:10,Every 20m,Weekday,£1.50,None
6A,Outbound,1,Hanley Bus Station,15:28,15:30,Every 20m,Weekday,£2.80,"7, 21"
6A,Outbound,2,Burslem Town Centre,15:40,15:42,Every 20m,Weekday,£2.30,22
6A,Outbound,3,Tunstall Town Centre,15:53,15:55,Every 20m,Weekday,£2.00,None
6A,Outbound,4,Goldenhill,16:08,16:10,Every 20m,Weekday,£1.80,None
6A,Outbound,5,Kidsgrove Town Centre,16:23,16:25,Every 20m,Weekday,£1.50,None
6A,Outbound,1,Hanley Bus Station,15:43,15:45,Every 20m,Weekday,£2.80,"7, 21"
6A,Outbound,2,Burslem Town Centre,15:55,15:57,Every 20m,Weekday,£2.30,22
6A,Outbound,3,Tunstall Town Centre,16:08,16:10,Every 20m,Weekday,£2.00,None
6A,Outbound,4,Goldenhill,16:23,16:25,Every 20m,Weekday,£1.80,None
6A,Outbound,5,Kidsgrove Town Centre,16:38,16:40,Every 20m,Weekday,£1.50,None
6A,Outbound,1,Hanley Bus Station,15:58,16:00,Every 20m,Weekday,£2.80,"7, 21"
6A,Outbound,2,Burslem Town Centre,16:10,16:12,Every 20m,Weekday,£2.30,22
6A,Outbound,3,Tunstall Town Centre,16:23,16:25,Every 20m,Weekday,£2.00,None
6A,Outbound,4,Goldenhill,16:38,16:40,Every 20m,Weekday,£1.80,None
6A,Outbound,5,Kidsgrove Town Centre,16:53,16:55,Every 20m,Weekday,£1.50,None
6A,Outbound,1,Hanley Bus Station,16:13,16:15,Every 20m,Weekday,£2.80,"7, 21"
6A,Outbound,2,Burslem Town Centre,16:25,16:27,Every 20m,Weekday,£2.30,22
6A,Outbound,3,Tunstall Town Centre,16:38,16:40,Every 20m,Weekday,£2.00,None
6A,Outbound,4,Goldenhill,16:53,16:55,Every 20m,Weekday,£1.80,None
6A,Outbound,5,Kidsgrove Town Centre,17:08,17:10,Every 20m,Weekday,£1.50,None
6A,Outbound,1,Hanley Bus Station,16:28,16:30,Every 20m,Weekday,£2.80,"7, 21"
6A,Outbound,2,Burslem Town Centre,16:40,16:42,Every 20m,Weekday,£2.30,22
6A,Outbound,3,Tunstall Town Centre,16:53,16:55,Every 20m,Weekday,£2.00,None
6A,Outbound,4,Goldenhill,17:08,17:10,Every 20m,Weekday,£1.80,None
6A,Outbound,5,Kidsgrove Town Centre,17:23,17:25,Every 20m,Weekday,£1.50,None
6A,Outbound,1,Hanley Bus Station,16:43,16:45,Every 20m,Weekday,£2.80,"7, 21"
6A,Outbound,2,Burslem Town Centre,16:55,16:57,Every 20m,Weekday,£2.30,22
6A,Outbound,3,Tunstall Town Centre,17:08,17:10,Every 20m,Weekday,£2.00,None
6A,Outbound,4,Goldenhill,17:23,17:25,Every 20m,Weekday,£1.80,None
6A,Outbound,5,Kidsgrove Town Centre,17:38,17:40,Every 20m,Weekday,£1.50,None
6A,Outbound,1,Hanley Bus Station,16:58,17:00,Every 20m,Weekday,£2.80,"7, 21"
6A,Outbound,2,Burslem Town Centre,17:10,17:12,Every 20m,Weekday,£2.30,22
6A,Outbound,3,Tunstall Town Centre,17:23,17:25,Every 20m,Weekday,£2.00,None
6A,Outbound,4,Goldenhill,17:38,17:40,Every 20m,Weekday,£1.80,None
6A,Outbound,5,Kidsgrove Town Centre,17:53,17:55,Every 20m,Weekday,£1.50,None
6A,Outbound,1,Hanley Bus Station,17:13,17:15,Every 20m,Weekday,£2.80,"7, 21"
6A,Outbound,2,Burslem Town Centre,17:25,17:27,Every 20m,Weekday,£2.30,22
6A,Outbound,3,Tunstall Town Centre,17:38,17:40,Every 20m,Weekday,£2.00,None
6A,Outbound,4,Goldenhill,17:53,17:55,Every 20m,Weekday,£1.80,None
6A,Outbound,5,Kidsgrove Town Centre,18:08,18:10,Every 20m,Weekday,£1.50,None
6A,Outbound,1,Hanley Bus Station,17:28,17:30,Every 20m,Weekday,£2.80,"7, 21"
6A,Outbound,2,Burslem Town Centre,17:40,17:42,Every 20m,Weekday,£2.30,22
6A,Outbound,3,Tunstall Town Centre,17:53,17:55,Every 20m,Weekday,£2.00,None
6A,Outbound,4,Goldenhill,18:08,18:10,Every 20m,Weekday,£1.80,None
6A,Outbound,5,Kidsgrove Town Centre,18:23,18:25,Every 20m,Weekday,£1.50,None
6A,Outbound,1,Hanley Bus Station,17:43,17:45,Every 20m,Weekday,£2.80,"7, 21"
6A,Outbound,2,Burslem Town Centre,17:55,17:57,Every 20m,Weekday,£2.30,22
6A,Outbound,3,Tunstall Town Centre,18:08,18:10,Every 20m,Weekday,£2.00,None
6A,Outbound,4,Goldenhill,18:23,18:25,Every 20m,Weekday,£1.80,None
6A,Outbound,5,Kidsgrove Town Centre,18:38,18:40,Every 20m,Weekday,£1.50,None
6A,Outbound,1,Hanley Bus Station,17:58,18:00,Every 20m,Weekday,£2.80,"7, 21"
6A,Outbound,2,Burslem Town Centre,18:10,18:12,Every 20m,Weekday,£2.30,22
6A,Outbound,3,Tunstall Town Centre,18:23,18:25,Every 20m,Weekday,£2.00,None
6A,Outbound,4,Goldenhill,18:38,18:40,Every 20m,Weekday,£1.80,None
6A,Outbound,5,Kidsgrove Town Centre,18:53,18:55,Every 20m,Weekday,£1.50,None
6A,Outbound,1,Hanley Bus Station,18:13,18:15,Every 20m,Weekday,£2.80,"7, 21"
6A,Outbound,2,Burslem Town Centre,18:25,18:27,Every 20m,Weekday,£2.30,22
6A,Outbound,3,Tunstall Town Centre,18:38,18:40,Every 20m,Weekday,£2.00,None
6A,Outbound,4,Goldenhill,18:53,18:55,Every 20m,Weekday,£1.80,None
6A,Outbound,5,Kidsgrove Town Centre,19:08,19:10,Every 20m,Weekday,£1.50,None
6A,Outbound,1,Hanley Bus Station,18:28,18:30,Every 20m,Weekday,£2.80,"7, 21"
6A,Outbound,2,Burslem Town Centre,18:40,18:42,Every 20m,Weekday,£2.30,22
6A,Outbound,3,Tunstall Town Centre,18:53,18:55,Every 20m,Weekday,£2.00,None
6A,Outbound,4,Goldenhill,19:08,19:10,Every 20m,Weekday,£1.80,None
6A,Outbound,5,Kidsgrove Town Centre,19:23,19:25,Every 20m,Weekday,£1.50,None
6A,Outbound,1,Hanley Bus Station,18:43,18:45,Every 20m,Weekday,£2.80,"7, 21"
6A,Outbound,2,Burslem Town Centre,18:55,18:57,Every 20m,Weekday,£2.30,22
6A,Outbound,3,Tunstall Town Centre,19:08,19:10,Every 20m,Weekday,£2.00,None
6A,Outbound,4,Goldenhill,19:23,19:25,Every 20m,Weekday,£1.80,None
6A,Outbound,5,Kidsgrove Town Centre,19:38,19:40,Every 20m,Weekday,£1.50,None
6A,Outbound,1,Hanley Bus Station,18:58,19:00,Every 20m,Weekday,£2.80,"7, 21"
6A,Outbound,2,Burslem Town Centre,19:10,19:12,Every 20m,Weekday,£2.30,22
6A,Outbound,3,Tunstall Town Centre,19:23,19:25,Every 20m,Weekday,£2.00,None
6A,Outbound,4,Goldenhill,19:38,19:40,Every 20m,Weekday,£1.80,None
6A,Outbound,5,Kidsgrove Town Centre,19:53,19:55,Every 20m,Weekday,£1.50,None
6A,Outbound,1,Hanley Bus Station,19:13,19:15,Every 20m,Weekday,£2.80,"7, 21"
6A,Outbound,2,Burslem Town Centre,19:25,19:27,Every 20m,Weekday,£2.30,22
6A,Outbound,3,Tunstall Town Centre,19:38,19:40,Every 20m,Weekday,£2.00,None
6A,Outbound,4,Goldenhill,19:53,19:55,Every 20m,Weekday,£1.80,None
6A,Outbound,5,Kidsgrove Town Centre,20:08,20:10,Every 20m,Weekday,£1.50,None
6A,Outbound,1,Hanley Bus Station,19:28,19:30,Every 20m,Weekday,£2.80,"7, 21"
6A,Outbound,2,Burslem Town Centre,19:40,19:42,Every 20m,Weekday,£2.30,22
6A,Outbound,3,Tunstall Town Centre,19:53,19:55,Every 20m,Weekday,£2.00,None
6A,Outbound,4,Goldenhill,20:08,20:10,Every 20m,Weekday,£1.80,None
6A,Outbound,5,Kidsgrove Town Centre,20:23,20:25,Every 20m,Weekday,£1.50,None
6A,Outbound,1,Hanley Bus Station,19:43,19:45,Every 20m,Weekday,£2.80,"7, 21"
6A,Outbound,2,Burslem Town Centre,19:55,19:57,Every 20m,Weekday,£2.30,22
6A,Outbound,3,Tunstall Town Centre,20:08,20:10,Every 20m,Weekday,£2.00,None
6A,Outbound,4,Goldenhill,20:23,20:25,Every 20m,Weekday,£1.80,None
6A,Outbound,5,Kidsgrove Town Centre,20:38,20:40,Every 20m,Weekday,£1.50,None
6A,Outbound,1,Hanley Bus Station,19:58,20:00,Every 20m,Weekday,£2.80,"7, 21"
6A,Outbound,2,Burslem Town Centre,20:10,20:12,Every 20m,Weekday,£2.30,22
6A,Outbound,3,Tunstall Town Centre,20:23,20:25,Every 20m,Weekday,£2.00,None
6A,Outbound,4,Goldenhill,20:38,20:40,Every 20m,Weekday,£1.80,None
6A,Outbound,5,Kidsgrove Town Centre,20:53,20:55,Every 20m,Weekday,£1.50,None
6A,Outbound,1,Hanley Bus Station,20:13,20:15,Every 20m,Weekday,£2.80,"7, 21"
6A,Outbound,2,Burslem Town Centre,20:25,20:27,Every 20m,Weekday,£2.30,22
6A,Outbound,3,Tunstall Town Centre,20:38,20:40,Every 20m,Weekday,£2.00,None
6A,Outbound,4,Goldenhill,20:53,20:55,Every 20m,Weekday,£1.80,None
6A,Outbound,5,Kidsgrove Town Centre,21:08,21:10,Every 20m,Weekday,£1.50,None
6A,Outbound,1,Hanley Bus Station,20:28,20:30,Every 20m,Weekday,£2.80,"7, 21"
6A,Outbound,2,Burslem Town Centre,20:40,20:42,Every 20m,Weekday,£2.30,22
6A,Outbound,3,Tunstall Town Centre,20:53,20:55,Every 20m,Weekday,£2.00,None
6A,Outbound,4,Goldenhill,21:08,21:10,Every 20m,Weekday,£1.80,None
6A,Outbound,5,Kidsgrove Town Centre,21:23,21:25,Every 20m,Weekday,£1.50,None
6A,Outbound,1,Hanley Bus Station,20:43,20:45,Every 20m,Weekday,£2.80,"7, 21"
6A,Outbound,2,Burslem Town Centre,20:55,20:57,Every 20m,Weekday,£2.30,22
6A,Outbound,3,Tunstall Town Centre,21:08,21:10,Every 20m,Weekday,£2.00,None
6A,Outbound,4,Goldenhill,21:23,21:25,Every 20m,Weekday,£1.80,None
6A,Outbound,5,Kidsgrove Town Centre,21:38,21:40,Every 20m,Weekday,£1.50,None
6A,Outbound,1,Hanley Bus Station,20:58,21:00,Every 20m,Weekday,£2.80,"7, 21"
6A,Outbound,2,Burslem Town Centre,21:10,21:12,Every 20m,Weekday,£2.30,22
6A,Outbound,3,Tunstall Town Centre,21:23,21:25,Every 20m,Weekday,£2.00,None
6A,Outbound,4,Goldenhill,21:38,21:40,Every 20m,Weekday,£1.80,None
6A,Outbound,5,Kidsgrove Town Centre,21:53,21:55,Every 20m,Weekday,£1.50,None
6A,Outbound,1,Hanley Bus Station,21:13,21:15,Every 20m,Weekday,£2.80,"7, 21"
6A,Outbound,2,Burslem Town Centre,21:25,21:27,Every 20m,Weekday,£2.30,22
6A,Outbound,3,Tunstall Town Centre,21:38,21:40,Every 20m,Weekday,£2.00,None
6A,Outbound,4,Goldenhill,21:53,21:55,Every 20m,Weekday,£1.80,None
6A,Outbound,5,Kidsgrove Town Centre,22:08,22:10,Every 20m,Weekday,£1.50,None
6A,Outbound,1,Hanley Bus Station,21:28,21:30,Every 20m,Weekday,£2.80,"7, 21"
6A,Outbound,2,Burslem Town Centre,21:40,21:42,Every 20m,Weekday,£2.30,22
6A,Outbound,3,Tunstall Town Centre,21:53,21:55,Every 20m,Weekday,£2.00,None
6A,Outbound,4,Goldenhill,22:08,22:10,Every 20m,Weekday,£1.80,None
6A,Outbound,5,Kidsgrove Town Centre,22:23,22:25,Every 20m,Weekday,£1.50,None
6A,Outbound,1,Hanley Bus Station,21:43,21:45,Every 20m,Weekday,£2.80,"7, 21"
6A,Outbound,2,Burslem Town Centre,21:55,21:57,Every 20m,Weekday,£2.30,22
6A,Outbound,3,Tunstall Town Centre,22:08,22:10,Every 20m,Weekday,£2.00,None
6A,Outbound,4,Goldenhill,22:23,22:25,Every 20m,Weekday,£1.80,None
6A,Outbound,5,Kidsgrove Town Centre,22:38,22:40,Every 20m,Weekday,£1.50,None
6A,Outbound,1,Hanley Bus Station,21:58,22:00,Every 20m,Weekday,£2.80,"7, 21"
6A,Outbound,2,Burslem Town Centre,22:10,22:12,Every 20m,Weekday,£2.30,22
6A,Outbound,3,Tunstall Town Centre,22:23,22:25,Every 20m,Weekday,£2.00,None
6A,Outbound,4,Goldenhill,22:38,22:40,Every 20m,Weekday,£1.80,None
6A,Outbound,5,Kidsgrove Town Centre,22:53,22:55,Every 20m,Weekday,£1.50,None
7,Inbound,1,"Ravens Lane, Tunstall",05:58,06:00,Every 15m,Weekday,£1.20,None
7,Inbound,2,"High Lane, Chell",06:08,06:10,Every 15m,Weekday,£1.30,None
7,Inbound,3,"Waterloo Road, Cobridge",06:18,06:20,Every 15m,Weekday,£1.50,None
7,Inbound,4,"Hulton Street, Burslem",06:28,06:30,Every 15m,Weekday,£1.50,None
7,Inbound,5,Cobridge Traffic Lights,06:38,06:40,Every 15m,Weekday,£1.80,23
7,Inbound,6,"Hope Street, Hanley",06:48,06:50,Every 15m,Weekday,£2.00,None
7,Inbound,7,"Town Road, Hanley",06:58,07:00,Every 15m,Weekday,£2.00,21
7,Inbound,8,Hanley Bus Station,07:08,07:10,Every 15m,Weekday,£2.50,"6A, 9"
7,Inbound,1,"Ravens Lane, Tunstall",06:13,06:15,Every 15m,Weekday,£1.20,None
7,Inbound,2,"High Lane, Chell",06:23,06:25,Every 15m,Weekday,£1.30,None
7,Inbound,3,"Waterloo Road, Cobridge",06:33,06:35,Every 15m,Weekday,£1.50,None
7,Inbound,4,"Hulton Street, Burslem",06:43,06:45,Every 15m,Weekday,£1.50,None
7,Inbound,5,Cobridge Traffic Lights,06:53,06:55,Every 15m,Weekday,£1.80,23
7,Inbound,6,"Hope Street, Hanley",07:03,07:05,Every 15m,Weekday,£2.00,None
7,Inbound,7,"Town Road, Hanley",07:13,07:15,Every 15m,Weekday,£2.00,21
7,Inbound,8,Hanley Bus Station,07:23,07:25,Every 15m,Weekday,£2.50,"6A, 9"
7,Inbound,1,"Ravens Lane, Tunstall",06:28,06:30,Every 15m,Weekday,£1.20,None
7,Inbound,2,"High Lane, Chell",06:38,06:40,Every 15m,Weekday,£1.30,None
7,Inbound,3,"Waterloo Road, Cobridge",06:48,06:50,Every 15m,Weekday,£1.50,None
7,Inbound,4,"Hulton Street, Burslem",06:58,07:00,Every 15m,Weekday,£1.50,None
7,Inbound,5,Cobridge Traffic Lights,07:08,07:10,Every 15m,Weekday,£1.80,23
7,Inbound,6,"Hope Street, Hanley",07:18,07:20,Every 15m,Weekday,£2.00,None
7,Inbound,7,"Town Road, Hanley",07:28,07:30,Every 15m,Weekday,£2.00,21
7,Inbound,8,Hanley Bus Station,07:38,07:40,Every 15m,Weekday,£2.50,"6A, 9"
7,Inbound,1,"Ravens Lane, Tunstall",06:43,06:45,Every 15m,Weekday,£1.20,None
7,Inbound,2,"High Lane, Chell",06:53,06:55,Every 15m,Weekday,£1.30,None
7,Inbound,3,"Waterloo Road, Cobridge",07:03,07:05,Every 15m,Weekday,£1.50,None
7,Inbound,4,"Hulton Street, Burslem",07:13,07:15,Every 15m,Weekday,£1.50,None
7,Inbound,5,Cobridge Traffic Lights,07:23,07:25,Every 15m,Weekday,£1.80,23
7,Inbound,6,"Hope Street, Hanley",07:33,07:35,Every 15m,Weekday,£2.00,None
7,Inbound,7,"Town Road, Hanley",07:43,07:45,Every 15m,Weekday,£2.00,21
7,Inbound,8,Hanley Bus Station,07:53,07:55,Every 15m,Weekday,£2.50,"6A, 9"
7,Inbound,1,"Ravens Lane, Tunstall",06:58,07:00,Every 15m,Weekday,£1.20,None
7,Inbound,2,"High Lane, Chell",07:08,07:10,Every 15m,Weekday,£1.30,None
7,Inbound,3,"Waterloo Road, Cobridge",07:18,07:20,Every 15m,Weekday,£1.50,None
7,Inbound,4,"Hulton Street, Burslem",07:28,07:30,Every 15m,Weekday,£1.50,None
7,Inbound,5,Cobridge Traffic Lights,07:38,07:40,Every 15m,Weekday,£1.80,23
7,Inbound,6,"Hope Street, Hanley",07:48,07:50,Every 15m,Weekday,£2.00,None
7,Inbound,7,"Town Road, Hanley",07:58,08:00,Every 15m,Weekday,£2.00,21
7,Inbound,8,Hanley Bus Station,08:08,08:10,Every 15m,Weekday,£2.50,"6A, 9"
7,Inbound,1,"Ravens Lane, Tunstall",07:13,07:15,Every 15m,Weekday,£1.20,None
7,Inbound,2,"High Lane, Chell",07:23,07:25,Every 15m,Weekday,£1.30,None
7,Inbound,3,"Waterloo Road, Cobridge",07:33,07:35,Every 15m,Weekday,£1.50,None
7,Inbound,4,"Hulton Street, Burslem",07:43,07:45,Every 15m,Weekday,£1.50,None
7,Inbound,5,Cobridge Traffic Lights,07:53,07:55,Every 15m,Weekday,£1.80,23
7,Inbound,6,"Hope Street, Hanley",08:03,08:05,Every 15m,Weekday,£2.00,None
7,Inbound,7,"Town Road, Hanley",08:13,08:15,Every 15m,Weekday,£2.00,21
7,Inbound,8,Hanley Bus Station,08:23,08:25,Every 15m,Weekday,£2.50,"6A, 9"
7,Inbound,1,"Ravens Lane, Tunstall",07:28,07:30,Every 15m,Weekday,£1.20,None
7,Inbound,2,"High Lane, Chell",07:38,07:40,Every 15m,Weekday,£1.30,None
7,Inbound,3,"Waterloo Road, Cobridge",07:48,07:50,Every 15m,Weekday,£1.50,None
7,Inbound,4,"Hulton Street, Burslem",07:58,08:00,Every 15m,Weekday,£1.50,None
7,Inbound,5,Cobridge Traffic Lights,08:08,08:10,Every 15m,Weekday,£1.80,23
7,Inbound,6,"Hope Street, Hanley",08:18,08:20,Every 15m,Weekday,£2.00,None
7,Inbound,7,"Town Road, Hanley",08:28,08:30,Every 15m,Weekday,£2.00,21
7,Inbound,8,Hanley Bus Station,08:38,08:40,Every 15m,Weekday,£2.50,"6A, 9"
7,Inbound,1,"Ravens Lane, Tunstall",07:43,07:45,Every 15m,Weekday,£1.20,None
7,Inbound,2,"High Lane, Chell",07:53,07:55,Every 15m,Weekday,£1.30,None
7,Inbound,3,"Waterloo Road, Cobridge",08:03,08:05,Every 15m,Weekday,£1.50,None
7,Inbound,4,"Hulton Street, Burslem",08:13,08:15,Every 15m,Weekday,£1.50,None
7,Inbound,5,Cobridge Traffic Lights,08:23,08:25,Every 15m,Weekday,£1.80,23
7,Inbound,6,"Hope Street, Hanley",08:33,08:35,Every 15m,Weekday,£2.00,None
7,Inbound,7,"Town Road, Hanley",08:43,08:45,Every 15m,Weekday,£2.00,21
7,Inbound,8,Hanley Bus Station,08:53,08:55,Every 15m,Weekday,£2.50,"6A, 9"
7,Inbound,1,"Ravens Lane, Tunstall",07:58,08:00,Every 15m,Weekday,£1.20,None
7,Inbound,2,"High Lane, Chell",08:08,08:10,Every 15m,Weekday,£1.30,None
7,Inbound,3,"Waterloo Road, Cobridge",08:18,08:20,Every 15m,Weekday,£1.50,None
7,Inbound,4,"Hulton Street, Burslem",08:28,08:30,Every 15m,Weekday,£1.50,None
7,Inbound,5,Cobridge Traffic Lights,08:38,08:40,Every 15m,Weekday,£1.80,23
7,Inbound,6,"Hope Street, Hanley",08:48,08:50,Every 15m,Weekday,£2.00,None
7,Inbound,7,"Town Road, Hanley",08:58,09:00,Every 15m,Weekday,£2.00,21
7,Inbound,8,Hanley Bus Station,09:08,09:10,Every 15m,Weekday,£2.50,"6A, 9"
7,Inbound,1,"Ravens Lane, Tunstall",08:13,08:15,Every 15m,Weekday,£1.20,None
7,Inbound,2,"High Lane, Chell",08:23,08:25,Every 15m,Weekday,£1.30,None
7,Inbound,3,"Waterloo Road, Cobridge",08:33,08:35,Every 15m,Weekday,£1.50,None
7,Inbound,4,"Hulton Street, Burslem",08:43,08:45,Every 15m,Weekday,£1.50,None
7,Inbound,5,Cobridge Traffic Lights,08:53,08:55,Every 15m,Weekday,£1.80,23
7,Inbound,6,"Hope Street, Hanley",09:03,09:05,Every 15m,Weekday,£2.00,None
7,Inbound,7,"Town Road, Hanley",09:13,09:15,Every 15m,Weekday,£2.00,21
7,Inbound,8,Hanley Bus Station,09:23,09:25,Every 15m,Weekday,£2.50,"6A, 9"
7,Inbound,1,"Ravens Lane, Tunstall",08:28,08:30,Every 15m,Weekday,£1.20,None
7,Inbound,2,"High Lane, Chell",08:38,08:40,Every 15m,Weekday,£1.30,None
7,Inbound,3,"Waterloo Road, Cobridge",08:48,08:50,Every 15m,Weekday,£1.50,None
7,Inbound,4,"Hulton Street, Burslem",08:58,09:00,Every 15m,Weekday,£1.50,None
7,Inbound,5,Cobridge Traffic Lights,09:08,09:10,Every 15m,Weekday,£1.80,23
7,Inbound,6,"Hope Street, Hanley",09:18,09:20,Every 15m,Weekday,£2.00,None
7,Inbound,7,"Town Road, Hanley",09:28,09:30,Every 15m,Weekday,£2.00,21
7,Inbound,8,Hanley Bus Station,09:38,09:40,Every 15m,Weekday,£2.50,"6A, 9"
7,Inbound,1,"Ravens Lane, Tunstall",08:43,08:45,Every 15m,Weekday,£1.20,None
7,Inbound,2,"High Lane, Chell",08:53,08:55,Every 15m,Weekday,£1.30,None
7,Inbound,3,"Waterloo Road, Cobridge",09:03,09:05,Every 15m,Weekday,£1.50,None
7,Inbound,4,"Hulton Street, Burslem",09:13,09:15,Every 15m,Weekday,£1.50,None
7,Inbound,5,Cobridge Traffic Lights,09:23,09:25,Every 15m,Weekday,£1.80,23
7,Inbound,6,"Hope Street, Hanley",09:33,09:35,Every 15m,Weekday,£2.00,None
7,Inbound,7,"Town Road, Hanley",09:43,09:45,Every 15m,Weekday,£2.00,21
7,Inbound,8,Hanley Bus Station,09:53,09:55,Every 15m,Weekday,£2.50,"6A, 9"
7,Inbound,1,"Ravens Lane, Tunstall",08:58,09:00,Every 15m,Weekday,£1.20,None
7,Inbound,2,"High Lane, Chell",09:08,09:10,Every 15m,Weekday,£1.30,None
7,Inbound,3,"Waterloo Road, Cobridge",09:18,09:20,Every 15m,Weekday,£1.50,None
7,Inbound,4,"Hulton Street, Burslem",09:28,09:30,Every 15m,Weekday,£1.50,None
7,Inbound,5,Cobridge Traffic Lights,09:38,09:40,Every 15m,Weekday,£1.80,23
7,Inbound,6,"Hope Street, Hanley",09:48,09:50,Every 15m,Weekday,£2.00,None
7,Inbound,7,"Town Road, Hanley",09:58,10:00,Every 15m,Weekday,£2.00,21
7,Inbound,8,Hanley Bus Station,10:08,10:10,Every 15m,Weekday,£2.50,"6A, 9"
7,Inbound,1,"Ravens Lane, Tunstall",09:13,09:15,Every 15m,Weekday,£1.20,None
7,Inbound,2,"High Lane, Chell",09:23,09:25,Every 15m,Weekday,£1.30,None
7,Inbound,3,"Waterloo Road, Cobridge",09:33,09:35,Every 15m,Weekday,£1.50,None
7,Inbound,4,"Hulton Street, Burslem",09:43,09:45,Every 15m,Weekday,£1.50,None
7,Inbound,5,Cobridge Traffic Lights,09:53,09:55,Every 15m,Weekday,£1.80,23
7,Inbound,6,"Hope Street, Hanley",10:03,10:05,Every 15m,Weekday,£2.00,None
7,Inbound,7,"Town Road, Hanley",10:13,10:15,Every 15m,Weekday,£2.00,21
7,Inbound,8,Hanley Bus Station,10:23,10:25,Every 15m,Weekday,£2.50,"6A, 9"
7,Inbound,1,"Ravens Lane, Tunstall",09:28,09:30,Every 15m,Weekday,£1.20,None
7,Inbound,2,"High Lane, Chell",09:38,09:40,Every 15m,Weekday,£1.30,None
7,Inbound,3,"Waterloo Road, Cobridge",09:48,09:50,Every 15m,Weekday,£1.50,None
7,Inbound,4,"Hulton Street, Burslem",09:58,10:00,Every 15m,Weekday,£1.50,None
7,Inbound,5,Cobridge Traffic Lights,10:08,10:10,Every 15m,Weekday,£1.80,23
7,Inbound,6,"Hope Street, Hanley",10:18,10:20,Every 15m,Weekday,£2.00,None
7,Inbound,7,"Town Road, Hanley",10:28,10:30,Every 15m,Weekday,£2.00,21
7,Inbound,8,Hanley Bus Station,10:38,10:40,Every 15m,Weekday,£2.50,"6A, 9"
7,Inbound,1,"Ravens Lane, Tunstall",09:43,09:45,Every 15m,Weekday,£1.20,None
7,Inbound,2,"High Lane, Chell",09:53,09:55,Every 15m,Weekday,£1.30,None
7,Inbound,3,"Waterloo Road, Cobridge",10:03,10:05,Every 15m,Weekday,£1.50,None
7,Inbound,4,"Hulton Street, Burslem",10:13,10:15,Every 15m,Weekday,£1.50,None
7,Inbound,5,Cobridge Traffic Lights,10:23,10:25,Every 15m,Weekday,£1.80,23
7,Inbound,6,"Hope Street, Hanley",10:33,10:35,Every 15m,Weekday,£2.00,None
7,Inbound,7,"Town Road, Hanley",10:43,10:45,Every 15m,Weekday,£2.00,21
7,Inbound,8,Hanley Bus Station,10:53,10:55,Every 15m,Weekday,£2.50,"6A, 9"
7,Inbound,1,"Ravens Lane, Tunstall",09:58,10:00,Every 15m,Weekday,£1.20,None
7,Inbound,2,"High Lane, Chell",10:08,10:10,Every 15m,Weekday,£1.30,None
7,Inbound,3,"Waterloo Road, Cobridge",10:18,10:20,Every 15m,Weekday,£1.50,None
7,Inbound,4,"Hulton Street, Burslem",10:28,10:30,Every 15m,Weekday,£1.50,None
7,Inbound,5,Cobridge Traffic Lights,10:38,10:40,Every 15m,Weekday,£1.80,23
7,Inbound,6,"Hope Street, Hanley",10:48,10:50,Every 15m,Weekday,£2.00,None
7,Inbound,7,"Town Road, Hanley",10:58,11:00,Every 15m,Weekday,£2.00,21
7,Inbound,8,Hanley Bus Station,11:08,11:10,Every 15m,Weekday,£2.50,"6A, 9"
7,Inbound,1,"Ravens Lane, Tunstall",10:13,10:15,Every 15m,Weekday,£1.20,None
7,Inbound,2,"High Lane, Chell",10:23,10:25,Every 15m,Weekday,£1.30,None
7,Inbound,3,"Waterloo Road, Cobridge",10:33,10:35,Every 15m,Weekday,£1.50,None
7,Inbound,4,"Hulton Street, Burslem",10:43,10:45,Every 15m,Weekday,£1.50,None
7,Inbound,5,Cobridge Traffic Lights,10:53,10:55,Every 15m,Weekday,£1.80,23
7,Inbound,6,"Hope Street, Hanley",11:03,11:05,Every 15m,Weekday,£2.00,None
7,Inbound,7,"Town Road, Hanley",11:13,11:15,Every 15m,Weekday,£2.00,21
7,Inbound,8,Hanley Bus Station,11:23,11:25,Every 15m,Weekday,£2.50,"6A, 9"
7,Inbound,1,"Ravens Lane, Tunstall",10:28,10:30,Every 15m,Weekday,£1.20,None
7,Inbound,2,"High Lane, Chell",10:38,10:40,Every 15m,Weekday,£1.30,None
7,Inbound,3,"Waterloo Road, Cobridge",10:48,10:50,Every 15m,Weekday,£1.50,None
7,Inbound,4,"Hulton Street, Burslem",10:58,11:00,Every 15m,Weekday,£1.50,None
7,Inbound,5,Cobridge Traffic Lights,11:08,11:10,Every 15m,Weekday,£1.80,23
7,Inbound,6,"Hope Street, Hanley",11:18,11:20,Every 15m,Weekday,£2.00,None
7,Inbound,7,"Town Road, Hanley",11:28,11:30,Every 15m,Weekday,£2.00,21
7,Inbound,8,Hanley Bus Station,11:38,11:40,Every 15m,Weekday,£2.50,"6A, 9"
7,Inbound,1,"Ravens Lane, Tunstall",10:43,10:45,Every 15m,Weekday,£1.20,None
7,Inbound,2,"High Lane, Chell",10:53,10:55,Every 15m,Weekday,£1.30,None
7,Inbound,3,"Waterloo Road, Cobridge",11:03,11:05,Every 15m,Weekday,£1.50,None
7,Inbound,4,"Hulton Street, Burslem",11:13,11:15,Every 15m,Weekday,£1.50,None
7,Inbound,5,Cobridge Traffic Lights,11:23,11:25,Every 15m,Weekday,£1.80,23
7,Inbound,6,"Hope Street, Hanley",11:33,11:35,Every 15m,Weekday,£2.00,None
7,Inbound,7,"Town Road, Hanley",11:43,11:45,Every 15m,Weekday,£2.00,21
7,Inbound,8,Hanley Bus Station,11:53,11:55,Every 15m,Weekday,£2.50,"6A, 9"
7,Inbound,1,"Ravens Lane, Tunstall",10:58,11:00,Every 15m,Weekday,£1.20,None
7,Inbound,2,"High Lane, Chell",11:08,11:10,Every 15m,Weekday,£1.30,None
7,Inbound,3,"Waterloo Road, Cobridge",11:18,11:20,Every 15m,Weekday,£1.50,None
7,Inbound,4,"Hulton Street, Burslem",11:28,11:30,Every 15m,Weekday,£1.50,None
7,Inbound,5,Cobridge Traffic Lights,11:38,11:40,Every 15m,Weekday,£1.80,23
7,Inbound,6,"Hope Street, Hanley",11:48,11:50,Every 15m,Weekday,£2.00,None
7,Inbound,7,"Town Road, Hanley",11:58,12:00,Every 15m,Weekday,£2.00,21
7,Inbound,8,Hanley Bus Station,12:08,12:10,Every 15m,Weekday,£2.50,"6A, 9"
7,Inbound,1,"Ravens Lane, Tunstall",11:13,11:15,Every 15m,Weekday,£1.20,None
7,Inbound,2,"High Lane, Chell",11:23,11:25,Every 15m,Weekday,£1.30,None
7,Inbound,3,"Waterloo Road, Cobridge",11:33,11:35,Every 15m,Weekday,£1.50,None
7,Inbound,4,"Hulton Street, Burslem",11:43,11:45,Every 15m,Weekday,£1.50,None
7,Inbound,5,Cobridge Traffic Lights,11:53,11:55,Every 15m,Weekday,£1.80,23
7,Inbound,6,"Hope Street, Hanley",12:03,12:05,Every 15m,Weekday,£2.00,None
7,Inbound,7,"Town Road, Hanley",12:13,12:15,Every 15m,Weekday,£2.00,21
7,Inbound,8,Hanley Bus Station,12:23,12:25,Every 15m,Weekday,£2.50,"6A, 9"
7,Inbound,1,"Ravens Lane, Tunstall",11:28,11:30,Every 15m,Weekday,£1.20,None
7,Inbound,2,"High Lane, Chell",11:38,11:40,Every 15m,Weekday,£1.30,None
7,Inbound,3,"Waterloo Road, Cobridge",11:48,11:50,Every 15m,Weekday,£1.50,None
7,Inbound,4,"Hulton Street, Burslem",11:58,12:00,Every 15m,Weekday,£1.50,None
7,Inbound,5,Cobridge Traffic Lights,12:08,12:10,Every 15m,Weekday,£1.80,23
7,Inbound,6,"Hope Street, Hanley",12:18,12:20,Every 15m,Weekday,£2.00,None
7,Inbound,7,"Town Road, Hanley",12:28,12:30,Every 15m,Weekday,£2.00,21
7,Inbound,8,Hanley Bus Station,12:38,12:40,Every 15m,Weekday,£2.50,"6A, 9"
7,Inbound,1,"Ravens Lane, Tunstall",11:43,11:45,Every 15m,Weekday,£1.20,None
7,Inbound,2,"High Lane, Chell",11:53,11:55,Every 15m,Weekday,£1.30,None
7,Inbound,3,"Waterloo Road, Cobridge",12:03,12:05,Every 15m,Weekday,£1.50,None
7,Inbound,4,"Hulton Street, Burslem",12:13,12:15,Every 15m,Weekday,£1.50,None
7,Inbound,5,Cobridge Traffic Lights,12:23,12:25,Every 15m,Weekday,£1.80,23
7,Inbound,6,"Hope Street, Hanley",12:33,12:35,Every 15m,Weekday,£2.00,None
7,Inbound,7,"Town Road, Hanley",12:43,12:45,Every 15m,Weekday,£2.00,21
7,Inbound,8,Hanley Bus Station,12:53,12:55,Every 15m,Weekday,£2.50,"6A, 9"
7,Inbound,1,"Ravens Lane, Tunstall",11:58,12:00,Every 15m,Weekday,£1.20,None
7,Inbound,2,"High Lane, Chell",12:08,12:10,Every 15m,Weekday,£1.30,None
7,Inbound,3,"Waterloo Road, Cobridge",12:18,12:20,Every 15m,Weekday,£1.50,None
7,Inbound,4,"Hulton Street, Burslem",12:28,12:30,Every 15m,Weekday,£1.50,None
7,Inbound,5,Cobridge Traffic Lights,12:38,12:40,Every 15m,Weekday,£1.80,23
7,Inbound,6,"Hope Street, Hanley",12:48,12:50,Every 15m,Weekday,£2.00,None
7,Inbound,7,"Town Road, Hanley",12:58,13:00,Every 15m,Weekday,£2.00,21
7,Inbound,8,Hanley Bus Station,13:08,13:10,Every 15m,Weekday,£2.50,"6A, 9"
7,Inbound,1,"Ravens Lane, Tunstall",12:13,12:15,Every 15m,Weekday,£1.20,None
7,Inbound,2,"High Lane, Chell",12:23,12:25,Every 15m,Weekday,£1.30,None
7,Inbound,3,"Waterloo Road, Cobridge",12:33,12:35,Every 15m,Weekday,£1.50,None
7,Inbound,4,"Hulton Street, Burslem",12:43,12:45,Every 15m,Weekday,£1.50,None
7,Inbound,5,Cobridge Traffic Lights,12:53,12:55,Every 15m,Weekday,£1.80,23
7,Inbound,6,"Hope Street, Hanley",13:03,13:05,Every 15m,Weekday,£2.00,None
7,Inbound,7,"Town Road, Hanley",13:13,13:15,Every 15m,Weekday,£2.00,21
7,Inbound,8,Hanley Bus Station,13:23,13:25,Every 15m,Weekday,£2.50,"6A, 9"
7,Inbound,1,"Ravens Lane, Tunstall",12:28,12:30,Every 15m,Weekday,£1.20,None
7,Inbound,2,"High Lane, Chell",12:38,12:40,Every 15m,Weekday,£1.30,None
7,Inbound,3,"Waterloo Road, Cobridge",12:48,12:50,Every 15m,Weekday,£1.50,None
7,Inbound,4,"Hulton Street, Burslem",12:58,13:00,Every 15m,Weekday,£1.50,None
7,Inbound,5,Cobridge Traffic Lights,13:08,13:10,Every 15m,Weekday,£1.80,23
7,Inbound,6,"Hope Street, Hanley",13:18,13:20,Every 15m,Weekday,£2.00,None
7,Inbound,7,"Town Road, Hanley",13:28,13:30,Every 15m,Weekday,£2.00,21
7,Inbound,8,Hanley Bus Station,13:38,13:40,Every 15m,Weekday,£2.50,"6A, 9"
7,Inbound,1,"Ravens Lane, Tunstall",12:43,12:45,Every 15m,Weekday,£1.20,None
7,Inbound,2,"High Lane, Chell",12:53,12:55,Every 15m,Weekday,£1.30,None
7,Inbound,3,"Waterloo Road, Cobridge",13:03,13:05,Every 15m,Weekday,£1.50,None
7,Inbound,4,"Hulton Street, Burslem",13:13,13:15,Every 15m,Weekday,£1.50,None
7,Inbound,5,Cobridge Traffic Lights,13:23,13:25,Every 15m,Weekday,£1.80,23
7,Inbound,6,"Hope Street, Hanley",13:33,13:35,Every 15m,Weekday,£2.00,None
7,Inbound,7,"Town Road, Hanley",13:43,13:45,Every 15m,Weekday,£2.00,21
7,Inbound,8,Hanley Bus Station,13:53,13:55,Every 15m,Weekday,£2.50,"6A, 9"
7,Inbound,1,"Ravens Lane, Tunstall",12:58,13:00,Every 15m,Weekday,£1.20,None
7,Inbound,2,"High Lane, Chell",13:08,13:10,Every 15m,Weekday,£1.30,None
7,Inbound,3,"Waterloo Road, Cobridge",13:18,13:20,Every 15m,Weekday,£1.50,None
7,Inbound,4,"Hulton Street, Burslem",13:28,13:30,Every 15m,Weekday,£1.50,None
7,Inbound,5,Cobridge Traffic Lights,13:38,13:40,Every 15m,Weekday,£1.80,23
7,Inbound,6,"Hope Street, Hanley",13:48,13:50,Every 15m,Weekday,£2.00,None
7,Inbound,7,"Town Road, Hanley",13:58,14:00,Every 15m,Weekday,£2.00,21
7,Inbound,8,Hanley Bus Station,14:08,14:10,Every 15m,Weekday,£2.50,"6A, 9"
7,Inbound,1,"Ravens Lane, Tunstall",13:13,13:15,Every 15m,Weekday,£1.20,None
7,Inbound,2,"High Lane, Chell",13:23,13:25,Every 15m,Weekday,£1.30,None
7,Inbound,3,"Waterloo Road, Cobridge",13:33,13:35,Every 15m,Weekday,£1.50,None
7,Inbound,4,"Hulton Street, Burslem",13:43,13:45,Every 15m,Weekday,£1.50,None
7,Inbound,5,Cobridge Traffic Lights,13:53,13:55,Every 15m,Weekday,£1.80,23
7,Inbound,6,"Hope Street, Hanley",14:03,14:05,Every 15m,Weekday,£2.00,None
7,Inbound,7,"Town Road, Hanley",14:13,14:15,Every 15m,Weekday,£2.00,21
7,Inbound,8,Hanley Bus Station,14:23,14:25,Every 15m,Weekday,£2.50,"6A, 9"
7,Inbound,1,"Ravens Lane, Tunstall",13:28,13:30,Every 15m,Weekday,£1.20,None
7,Inbound,2,"High Lane, Chell",13:38,13:40,Every 15m,Weekday,£1.30,None
7,Inbound,3,"Waterloo Road, Cobridge",13:48,13:50,Every 15m,Weekday,£1.50,None
7,Inbound,4,"Hulton Street, Burslem",13:58,14:00,Every 15m,Weekday,£1.50,None
7,Inbound,5,Cobridge Traffic Lights,14:08,14:10,Every 15m,Weekday,£1.80,23
7,Inbound,6,"Hope Street, Hanley",14:18,14:20,Every 15m,Weekday,£2.00,None
7,Inbound,7,"Town Road, Hanley",14:28,14:30,Every 15m,Weekday,£2.00,21
7,Inbound,8,Hanley Bus Station,14:38,14:40,Every 15m,Weekday,£2.50,"6A, 9"
7,Inbound,1,"Ravens Lane, Tunstall",13:43,13:45,Every 15m,Weekday,£1.20,None
7,Inbound,2,"High Lane, Chell",13:53,13:55,Every 15m,Weekday,£1.30,None
7,Inbound,3,"Waterloo Road, Cobridge",14:03,14:05,Every 15m,Weekday,£1.50,None
7,Inbound,4,"Hulton Street, Burslem",14:13,14:15,Every 15m,Weekday,£1.50,None
7,Inbound,5,Cobridge Traffic Lights,14:23,14:25,Every 15m,Weekday,£1.80,23
7,Inbound,6,"Hope Street, Hanley",14:33,14:35,Every 15m,Weekday,£2.00,None
7,Inbound,7,"Town Road, Hanley",14:43,14:45,Every 15m,Weekday,£2.00,21
7,Inbound,8,Hanley Bus Station,14:53,14:55,Every 15m,Weekday,£2.50,"6A, 9"
7,Inbound,1,"Ravens Lane, Tunstall",13:58,14:00,Every 15m,Weekday,£1.20,None
7,Inbound,2,"High Lane, Chell",14:08,14:10,Every 15m,Weekday,£1.30,None
7,Inbound,3,"Waterloo Road, Cobridge",14:18,14:20,Every 15m,Weekday,£1.50,None
7,Inbound,4,"Hulton Street, Burslem",14:28,14:30,Every 15m,Weekday,£1.50,None
7,Inbound,5,Cobridge Traffic Lights,14:38,14:40,Every 15m,Weekday,£1.80,23
7,Inbound,6,"Hope Street, Hanley",14:48,14:50,Every 15m,Weekday,£2.00,None
7,Inbound,7,"Town Road, Hanley",14:58,15:00,Every 15m,Weekday,£2.00,21
7,Inbound,8,Hanley Bus Station,15:08,15:10,Every 15m,Weekday,£2.50,"6A, 9"
7,Inbound,1,"Ravens Lane, Tunstall",14:13,14:15,Every 15m,Weekday,£1.20,None
7,Inbound,2,"High Lane, Chell",14:23,14:25,Every 15m,Weekday,£1.30,None
7,Inbound,3,"Waterloo Road, Cobridge",14:33,14:35,Every 15m,Weekday,£1.50,None
7,Inbound,4,"Hulton Street, Burslem",14:43,14:45,Every 15m,Weekday,£1.50,None
7,Inbound,5,Cobridge Traffic Lights,14:53,14:55,Every 15m,Weekday,£1.80,23
7,Inbound,6,"Hope Street, Hanley",15:03,15:05,Every 15m,Weekday,£2.00,None
7,Inbound,7,"Town Road, Hanley",15:13,15:15,Every 15m,Weekday,£2.00,21
7,Inbound,8,Hanley Bus Station,15:23,15:25,Every 15m,Weekday,£2.50,"6A, 9"
7,Inbound,1,"Ravens Lane, Tunstall",14:28,14:30,Every 15m,Weekday,£1.20,None
7,Inbound,2,"High Lane, Chell",14:38,14:40,Every 15m,Weekday,£1.30,None
7,Inbound,3,"Waterloo Road, Cobridge",14:48,14:50,Every 15m,Weekday,£1.50,None
7,Inbound,4,"Hulton Street, Burslem",14:58,15:00,Every 15m,Weekday,£1.50,None
7,Inbound,5,Cobridge Traffic Lights,15:08,15:10,Every 15m,Weekday,£1.80,23
7,Inbound,6,"Hope Street, Hanley",15:18,15:20,Every 15m,Weekday,£2.00,None
7,Inbound,7,"Town Road, Hanley",15:28,15:30,Every 15m,Weekday,£2.00,21
7,Inbound,8,Hanley Bus Station,15:38,15:40,Every 15m,Weekday,£2.50,"6A, 9"
7,Inbound,1,"Ravens Lane, Tunstall",14:43,14:45,Every 15m,Weekday,£1.20,None
7,Inbound,2,"High Lane, Chell",14:53,14:55,Every 15m,Weekday,£1.30,None
7,Inbound,3,"Waterloo Road, Cobridge",15:03,15:05,Every 15m,Weekday,£1.50,None
7,Inbound,4,"Hulton Street, Burslem",15:13,15:15,Every 15m,Weekday,£1.50,None
7,Inbound,5,Cobridge Traffic Lights,15:23,15:25,Every 15m,Weekday,£1.80,23
7,Inbound,6,"Hope Street, Hanley",15:33,15:35,Every 15m,Weekday,£2.00,None
7,Inbound,7,"Town Road, Hanley",15:43,15:45,Every 15m,Weekday,£2.00,21
7,Inbound,8,Hanley Bus Station,15:53,15:55,Every 15m,Weekday,£2.50,"6A, 9"
7,Inbound,1,"Ravens Lane, Tunstall",14:58,15:00,Every 15m,Weekday,£1.20,None
7,Inbound,2,"High Lane, Chell",15:08,15:10,Every 15m,Weekday,£1.30,None
7,Inbound,3,"Waterloo Road, Cobridge",15:18,15:20,Every 15m,Weekday,£1.50,None
7,Inbound,4,"Hulton Street, Burslem",15:28,15:30,Every 15m,Weekday,£1.50,None
7,Inbound,5,Cobridge Traffic Lights,15:38,15:40,Every 15m,Weekday,£1.80,23
7,Inbound,6,"Hope Street, Hanley",15:48,15:50,Every 15m,Weekday,£2.00,None
7,Inbound,7,"Town Road, Hanley",15:58,16:00,Every 15m,Weekday,£2.00,21
7,Inbound,8,Hanley Bus Station,16:08,16:10,Every 15m,Weekday,£2.50,"6A, 9"
7,Inbound,1,"Ravens Lane, Tunstall",15:13,15:15,Every 15m,Weekday,£1.20,None
7,Inbound,2,"High Lane, Chell",15:23,15:25,Every 15m,Weekday,£1.30,None
7,Inbound,3,"Waterloo Road, Cobridge",15:33,15:35,Every 15m,Weekday,£1.50,None
7,Inbound,4,"Hulton Street, Burslem",15:43,15:45,Every 15m,Weekday,£1.50,None
7,Inbound,5,Cobridge Traffic Lights,15:53,15:55,Every 15m,Weekday,£1.80,23
7,Inbound,6,"Hope Street, Hanley",16:03,16:05,Every 15m,Weekday,£2.00,None
7,Inbound,7,"Town Road, Hanley",16:13,16:15,Every 15m,Weekday,£2.00,21
7,Inbound,8,Hanley Bus Station,16:23,16:25,Every 15m,Weekday,£2.50,"6A, 9"
7,Inbound,1,"Ravens Lane, Tunstall",15:28,15:30,Every 15m,Weekday,£1.20,None
7,Inbound,2,"High Lane, Chell",15:38,15:40,Every 15m,Weekday,£1.30,None
7,Inbound,3,"Waterloo Road, Cobridge",15:48,15:50,Every 15m,Weekday,£1.50,None
7,Inbound,4,"Hulton Street, Burslem",15:58,16:00,Every 15m,Weekday,£1.50,None
7,Inbound,5,Cobridge Traffic Lights,16:08,16:10,Every 15m,Weekday,£1.80,23
7,Inbound,6,"Hope Street, Hanley",16:18,16:20,Every 15m,Weekday,£2.00,None
7,Inbound,7,"Town Road, Hanley",16:28,16:30,Every 15m,Weekday,£2.00,21
7,Inbound,8,Hanley Bus Station,16:38,16:40,Every 15m,Weekday,£2.50,"6A, 9"
7,Inbound,1,"Ravens Lane, Tunstall",15:43,15:45,Every 15m,Weekday,£1.20,None
7,Inbound,2,"High Lane, Chell",15:53,15:55,Every 15m,Weekday,£1.30,None
7,Inbound,3,"Waterloo Road, Cobridge",16:03,16:05,Every 15m,Weekday,£1.50,None
7,Inbound,4,"Hulton Street, Burslem",16:13,16:15,Every 15m,Weekday,£1.50,None
7,Inbound,5,Cobridge Traffic Lights,16:23,16:25,Every 15m,Weekday,£1.80,23
7,Inbound,6,"Hope Street, Hanley",16:33,16:35,Every 15m,Weekday,£2.00,None
7,Inbound,7,"Town Road, Hanley",16:43,16:45,Every 15m,Weekday,£2.00,21
7,Inbound,8,Hanley Bus Station,16:53,16:55,Every 15m,Weekday,£2.50,"6A, 9"
7,Inbound,1,"Ravens Lane, Tunstall",15:58,16:00,Every 15m,Weekday,£1.20,None
7,Inbound,2,"High Lane, Chell",16:08,16:10,Every 15m,Weekday,£1.30,None
7,Inbound,3,"Waterloo Road, Cobridge",16:18,16:20,Every 15m,Weekday,£1.50,None
7,Inbound,4,"Hulton Street, Burslem",16:28,16:30,Every 15m,Weekday,£1.50,None
7,Inbound,5,Cobridge Traffic Lights,16:38,16:40,Every 15m,Weekday,£1.80,23
7,Inbound,6,"Hope Street, Hanley",16:48,16:50,Every 15m,Weekday,£2.00,None
7,Inbound,7,"Town Road, Hanley",16:58,17:00,Every 15m,Weekday,£2.00,21
7,Inbound,8,Hanley Bus Station,17:08,17:10,Every 15m,Weekday,£2.50,"6A, 9"
7,Inbound,1,"Ravens Lane, Tunstall",16:13,16:15,Every 15m,Weekday,£1.20,None
7,Inbound,2,"High Lane, Chell",16:23,16:25,Every 15m,Weekday,£1.30,None
7,Inbound,3,"Waterloo Road, Cobridge",16:33,16:35,Every 15m,Weekday,£1.50,None
7,Inbound,4,"Hulton Street, Burslem",16:43,16:45,Every 15m,Weekday,£1.50,None
7,Inbound,5,Cobridge Traffic Lights,16:53,16:55,Every 15m,Weekday,£1.80,23
7,Inbound,6,"Hope Street, Hanley",17:03,17:05,Every 15m,Weekday,£2.00,None
7,Inbound,7,"Town Road, Hanley",17:13,17:15,Every 15m,Weekday,£2.00,21
7,Inbound,8,Hanley Bus Station,17:23,17:25,Every 15m,Weekday,£2.50,"6A, 9"
7,Inbound,1,"Ravens Lane, Tunstall",16:28,16:30,Every 15m,Weekday,£1.20,None
7,Inbound,2,"High Lane, Chell",16:38,16:40,Every 15m,Weekday,£1.30,None
7,Inbound,3,"Waterloo Road, Cobridge",16:48,16:50,Every 15m,Weekday,£1.50,None
7,Inbound,4,"Hulton Street, Burslem",16:58,17:00,Every 15m,Weekday,£1.50,None
7,Inbound,5,Cobridge Traffic Lights,17:08,17:10,Every 15m,Weekday,£1.80,23
7,Inbound,6,"Hope Street, Hanley",17:18,17:20,Every 15m,Weekday,£2.00,None
7,Inbound,7,"Town Road, Hanley",17:28,17:30,Every 15m,Weekday,£2.00,21
7,Inbound,8,Hanley Bus Station,17:38,17:40,Every 15m,Weekday,£2.50,"6A, 9"
7,Inbound,1,"Ravens Lane, Tunstall",16:43,16:45,Every 15m,Weekday,£1.20,None
7,Inbound,2,"High Lane, Chell",16:53,16:55,Every 15m,Weekday,£1.30,None
7,Inbound,3,"Waterloo Road, Cobridge",17:03,17:05,Every 15m,Weekday,£1.50,None
7,Inbound,4,"Hulton Street, Burslem",17:13,17:15,Every 15m,Weekday,£1.50,None
7,Inbound,5,Cobridge Traffic Lights,17:23,17:25,Every 15m,Weekday,£1.80,23
7,Inbound,6,"Hope Street, Hanley",17:33,17:35,Every 15m,Weekday,£2.00,None
7,Inbound,7,"Town Road, Hanley",17:43,17:45,Every 15m,Weekday,£2.00,21
7,Inbound,8,Hanley Bus Station,17:53,17:55,Every 15m,Weekday,£2.50,"6A, 9"
7,Inbound,1,"Ravens Lane, Tunstall",16:58,17:00,Every 15m,Weekday,£1.20,None
7,Inbound,2,"High Lane, Chell",17:08,17:10,Every 15m,Weekday,£1.30,None
7,Inbound,3,"Waterloo Road, Cobridge",17:18,17:20,Every 15m,Weekday,£1.50,None
7,Inbound,4,"Hulton Street, Burslem",17:28,17:30,Every 15m,Weekday,£1.50,None
7,Inbound,5,Cobridge Traffic Lights,17:38,17:40,Every 15m,Weekday,£1.80,23
7,Inbound,6,"Hope Street, Hanley",17:48,17:50,Every 15m,Weekday,£2.00,None
7,Inbound,7,"Town Road, Hanley",17:58,18:00,Every 15m,Weekday,£2.00,21
7,Inbound,8,Hanley Bus Station,18:08,18:10,Every 15m,Weekday,£2.50,"6A, 9"
7,Inbound,1,"Ravens Lane, Tunstall",17:13,17:15,Every 15m,Weekday,£1.20,None
7,Inbound,2,"High Lane, Chell",17:23,17:25,Every 15m,Weekday,£1.30,None
7,Inbound,3,"Waterloo Road, Cobridge",17:33,17:35,Every 15m,Weekday,£1.50,None
7,Inbound,4,"Hulton Street, Burslem",17:43,17:45,Every 15m,Weekday,£1.50,None
7,Inbound,5,Cobridge Traffic Lights,17:53,17:55,Every 15m,Weekday,£1.80,23
7,Inbound,6,"Hope Street, Hanley",18:03,18:05,Every 15m,Weekday,£2.00,None
7,Inbound,7,"Town Road, Hanley",18:13,18:15,Every 15m,Weekday,£2.00,21
7,Inbound,8,Hanley Bus Station,18:23,18:25,Every 15m,Weekday,£2.50,"6A, 9"
7,Inbound,1,"Ravens Lane, Tunstall",17:28,17:30,Every 15m,Weekday,£1.20,None
7,Inbound,2,"High Lane, Chell",17:38,17:40,Every 15m,Weekday,£1.30,None
7,Inbound,3,"Waterloo Road, Cobridge",17:48,17:50,Every 15m,Weekday,£1.50,None
7,Inbound,4,"Hulton Street, Burslem",17:58,18:00,Every 15m,Weekday,£1.50,None
7,Inbound,5,Cobridge Traffic Lights,18:08,18:10,Every 15m,Weekday,£1.80,23
7,Inbound,6,"Hope Street, Hanley",18:18,18:20,Every 15m,Weekday,£2.00,None
7,Inbound,7,"Town Road, Hanley",18:28,18:30,Every 15m,Weekday,£2.00,21
7,Inbound,8,Hanley Bus Station,18:38,18:40,Every 15m,Weekday,£2.50,"6A, 9"
7,Inbound,1,"Ravens Lane, Tunstall",17:43,17:45,Every 15m,Weekday,£1.20,None
7,Inbound,2,"High Lane, Chell",17:53,17:55,Every 15m,Weekday,£1.30,None
7,Inbound,3,"Waterloo Road, Cobridge",18:03,18:05,Every 15m,Weekday,£1.50,None
7,Inbound,4,"Hulton Street, Burslem",18:13,18:15,Every 15m,Weekday,£1.50,None
7,Inbound,5,Cobridge Traffic Lights,18:23,18:25,Every 15m,Weekday,£1.80,23
7,Inbound,6,"Hope Street, Hanley",18:33,18:35,Every 15m,Weekday,£2.00,None
7,Inbound,7,"Town Road, Hanley",18:43,18:45,Every 15m,Weekday,£2.00,21
7,Inbound,8,Hanley Bus Station,18:53,18:55,Every 15m,Weekday,£2.50,"6A, 9"
7,Inbound,1,"Ravens Lane, Tunstall",17:58,18:00,Every 15m,Weekday,£1.20,None
7,Inbound,2,"High Lane, Chell",18:08,18:10,Every 15m,Weekday,£1.30,None
7,Inbound,3,"Waterloo Road, Cobridge",18:18,18:20,Every 15m,Weekday,£1.50,None
7,Inbound,4,"Hulton Street, Burslem",18:28,18:30,Every 15m,Weekday,£1.50,None
7,Inbound,5,Cobridge Traffic Lights,18:38,18:40,Every 15m,Weekday,£1.80,23
7,Inbound,6,"Hope Street, Hanley",18:48,18:50,Every 15m,Weekday,£2.00,None
7,Inbound,7,"Town Road, Hanley",18:58,19:00,Every 15m,Weekday,£2.00,21
7,Inbound,8,Hanley Bus Station,19:08,19:10,Every 15m,Weekday,£2.50,"6A, 9"
7,Inbound,1,"Ravens Lane, Tunstall",18:13,18:15,Every 15m,Weekday,£1.20,None
7,Inbound,2,"High Lane, Chell",18:23,18:25,Every 15m,Weekday,£1.30,None
7,Inbound,3,"Waterloo Road, Cobridge",18:33,18:35,Every 15m,Weekday,£1.50,None
7,Inbound,4,"Hulton Street, Burslem",18:43,18:45,Every 15m,Weekday,£1.50,None
7,Inbound,5,Cobridge Traffic Lights,18:53,18:55,Every 15m,Weekday,£1.80,23
7,Inbound,6,"Hope Street, Hanley",19:03,19:05,Every 15m,Weekday,£2.00,None
7,Inbound,7,"Town Road, Hanley",19:13,19:15,Every 15m,Weekday,£2.00,21
7,Inbound,8,Hanley Bus Station,19:23,19:25,Every 15m,Weekday,£2.50,"6A, 9"
7,Inbound,1,"Ravens Lane, Tunstall",18:28,18:30,Every 15m,Weekday,£1.20,None
7,Inbound,2,"High Lane, Chell",18:38,18:40,Every 15m,Weekday,£1.30,None
7,Inbound,3,"Waterloo Road, Cobridge",18:48,18:50,Every 15m,Weekday,£1.50,None
7,Inbound,4,"Hulton Street, Burslem",18:58,19:00,Every 15m,Weekday,£1.50,None
7,Inbound,5,Cobridge Traffic Lights,19:08,19:10,Every 15m,Weekday,£1.80,23
7,Inbound,6,"Hope Street, Hanley",19:18,19:20,Every 15m,Weekday,£2.00,None
7,Inbound,7,"Town Road, Hanley",19:28,19:30,Every 15m,Weekday,£2.00,21
7,Inbound,8,Hanley Bus Station,19:38,19:40,Every 15m,Weekday,£2.50,"6A, 9"
7,Inbound,1,"Ravens Lane, Tunstall",18:43,18:45,Every 15m,Weekday,£1.20,None
7,Inbound,2,"High Lane, Chell",18:53,18:55,Every 15m,Weekday,£1.30,None
7,Inbound,3,"Waterloo Road, Cobridge",19:03,19:05,Every 15m,Weekday,£1.50,None
7,Inbound,4,"Hulton Street, Burslem",19:13,19:15,Every 15m,Weekday,£1.50,None
7,Inbound,5,Cobridge Traffic Lights,19:23,19:25,Every 15m,Weekday,£1.80,23
7,Inbound,6,"Hope Street, Hanley",19:33,19:35,Every 15m,Weekday,£2.00,None
7,Inbound,7,"Town Road, Hanley",19:43,19:45,Every 15m,Weekday,£2.00,21
7,Inbound,8,Hanley Bus Station,19:53,19:55,Every 15m,Weekday,£2.50,"6A, 9"
7,Inbound,1,"Ravens Lane, Tunstall",18:58,19:00,Every 15m,Weekday,£1.20,None
7,Inbound,2,"High Lane, Chell",19:08,19:10,Every 15m,Weekday,£1.30,None
7,Inbound,3,"Waterloo Road, Cobridge",19:18,19:20,Every 15m,Weekday,£1.50,None
7,Inbound,4,"Hulton Street, Burslem",19:28,19:30,Every 15m,Weekday,£1.50,None
7,Inbound,5,Cobridge Traffic Lights,19:38,19:40,Every 15m,Weekday,£1.80,23
7,Inbound,6,"Hope Street, Hanley",19:48,19:50,Every 15m,Weekday,£2.00,None
7,Inbound,7,"Town Road, Hanley",19:58,20:00,Every 15m,Weekday,£2.00,21
7,Inbound,8,Hanley Bus Station,20:08,20:10,Every 15m,Weekday,£2.50,"6A, 9"
7,Inbound,1,"Ravens Lane, Tunstall",19:13,19:15,Every 15m,Weekday,£1.20,None
7,Inbound,2,"High Lane, Chell",19:23,19:25,Every 15m,Weekday,£1.30,None
7,Inbound,3,"Waterloo Road, Cobridge",19:33,19:35,Every 15m,Weekday,£1.50,None
7,Inbound,4,"Hulton Street, Burslem",19:43,19:45,Every 15m,Weekday,£1.50,None
7,Inbound,5,Cobridge Traffic Lights,19:53,19:55,Every 15m,Weekday,£1.80,23
7,Inbound,6,"Hope Street, Hanley",20:03,20:05,Every 15m,Weekday,£2.00,None
7,Inbound,7,"Town Road, Hanley",20:13,20:15,Every 15m,Weekday,£2.00,21
7,Inbound,8,Hanley Bus Station,20:23,20:25,Every 15m,Weekday,£2.50,"6A, 9"
7,Inbound,1,"Ravens Lane, Tunstall",19:28,19:30,Every 15m,Weekday,£1.20,None
7,Inbound,2,"High Lane, Chell",19:38,19:40,Every 15m,Weekday,£1.30,None
7,Inbound,3,"Waterloo Road, Cobridge",19:48,19:50,Every 15m,Weekday,£1.50,None
7,Inbound,4,"Hulton Street, Burslem",19:58,20:00,Every 15m,Weekday,£1.50,None
7,Inbound,5,Cobridge Traffic Lights,20:08,20:10,Every 15m,Weekday,£1.80,23
7,Inbound,6,"Hope Street, Hanley",20:18,20:20,Every 15m,Weekday,£2.00,None
7,Inbound,7,"Town Road, Hanley",20:28,20:30,Every 15m,Weekday,£2.00,21
7,Inbound,8,Hanley Bus Station,20:38,20:40,Every 15m,Weekday,£2.50,"6A, 9"
7,Inbound,1,"Ravens Lane, Tunstall",19:43,19:45,Every 15m,Weekday,£1.20,None
7,Inbound,2,"High Lane, Chell",19:53,19:55,Every 15m,Weekday,£1.30,None
7,Inbound,3,"Waterloo Road, Cobridge",20:03,20:05,Every 15m,Weekday,£1.50,None
7,Inbound,4,"Hulton Street, Burslem",20:13,20:15,Every 15m,Weekday,£1.50,None
7,Inbound,5,Cobridge Traffic Lights,20:23,20:25,Every 15m,Weekday,£1.80,23
7,Inbound,6,"Hope Street, Hanley",20:33,20:35,Every 15m,Weekday,£2.00,None
7,Inbound,7,"Town Road, Hanley",20:43,20:45,Every 15m,Weekday,£2.00,21
7,Inbound,8,Hanley Bus Station,20:53,20:55,Every 15m,Weekday,£2.50,"6A, 9"
7,Inbound,1,"Ravens Lane, Tunstall",19:58,20:00,Every 15m,Weekday,£1.20,None
7,Inbound,2,"High Lane, Chell",20:08,20:10,Every 15m,Weekday,£1.30,None
7,Inbound,3,"Waterloo Road, Cobridge",20:18,20:20,Every 15m,Weekday,£1.50,None
7,Inbound,4,"Hulton Street, Burslem",20:28,20:30,Every 15m,Weekday,£1.50,None
7,Inbound,5,Cobridge Traffic Lights,20:38,20:40,Every 15m,Weekday,£1.80,23
7,Inbound,6,"Hope Street, Hanley",20:48,20:50,Every 15m,Weekday,£2.00,None
7,Inbound,7,"Town Road, Hanley",20:58,21:00,Every 15m,Weekday,£2.00,21
7,Inbound,8,Hanley Bus Station,21:08,21:10,Every 15m,Weekday,£2.50,"6A, 9"
7,Inbound,1,"Ravens Lane, Tunstall",20:13,20:15,Every 15m,Weekday,£1.20,None
7,Inbound,2,"High Lane, Chell",20:23,20:25,Every 15m,Weekday,£1.30,None
7,Inbound,3,"Waterloo Road, Cobridge",20:33,20:35,Every 15m,Weekday,£1.50,None
7,Inbound,4,"Hulton Street, Burslem",20:43,20:45,Every 15m,Weekday,£1.50,None
7,Inbound,5,Cobridge Traffic Lights,20:53,20:55,Every 15m,Weekday,£1.80,23
7,Inbound,6,"Hope Street, Hanley",21:03,21:05,Every 15m,Weekday,£2.00,None
7,Inbound,7,"Town Road, Hanley",21:13,21:15,Every 15m,Weekday,£2.00,21
7,Inbound,8,Hanley Bus Station,21:23,21:25,Every 15m,Weekday,£2.50,"6A, 9"
7,Inbound,1,"Ravens Lane, Tunstall",20:28,20:30,Every 15m,Weekday,£1.20,None
7,Inbound,2,"High Lane, Chell",20:38,20:40,Every 15m,Weekday,£1.30,None
7,Inbound,3,"Waterloo Road, Cobridge",20:48,20:50,Every 15m,Weekday,£1.50,None
7,Inbound,4,"Hulton Street, Burslem",20:58,21:00,Every 15m,Weekday,£1.50,None
7,Inbound,5,Cobridge Traffic Lights,21:08,21:10,Every 15m,Weekday,£1.80,23
7,Inbound,6,"Hope Street, Hanley",21:18,21:20,Every 15m,Weekday,£2.00,None
7,Inbound,7,"Town Road, Hanley",21:28,21:30,Every 15m,Weekday,£2.00,21
7,Inbound,8,Hanley Bus Station,21:38,21:40,Every 15m,Weekday,£2.50,"6A, 9"
7,Inbound,1,"Ravens Lane, Tunstall",20:43,20:45,Every 15m,Weekday,£1.20,None
7,Inbound,2,"High Lane, Chell",20:53,20:55,Every 15m,Weekday,£1.30,None
7,Inbound,3,"Waterloo Road, Cobridge",21:03,21:05,Every 15m,Weekday,£1.50,None
7,Inbound,4,"Hulton Street, Burslem",21:13,21:15,Every 15m,Weekday,£1.50,None
7,Inbound,5,Cobridge Traffic Lights,21:23,21:25,Every 15m,Weekday,£1.80,23
7,Inbound,6,"Hope Street, Hanley",21:33,21:35,Every 15m,Weekday,£2.00,None
7,Inbound,7,"Town Road, Hanley",21:43,21:45,Every 15m,Weekday,£2.00,21
7,Inbound,8,Hanley Bus Station,21:53,21:55,Every 15m,Weekday,£2.50,"6A, 9"
7,Inbound,1,"Ravens Lane, Tunstall",20:58,21:00,Every 15m,Weekday,£1.20,None
7,Inbound,2,"High Lane, Chell",21:08,21:10,Every 15m,Weekday,£1.30,None
7,Inbound,3,"Waterloo Road, Cobridge",21:18,21:20,Every 15m,Weekday,£1.50,None
7,Inbound,4,"Hulton Street, Burslem",21:28,21:30,Every 15m,Weekday,£1.50,None
7,Inbound,5,Cobridge Traffic Lights,21:38,21:40,Every 15m,Weekday,£1.80,23
7,Inbound,6,"Hope Street, Hanley",21:48,21:50,Every 15m,Weekday,£2.00,None
7,Inbound,7,"Town Road, Hanley",21:58,22:00,Every 15m,Weekday,£2.00,21
7,Inbound,8,Hanley Bus Station,22:08,22:10,Every 15m,Weekday,£2.50,"6A, 9"
7,Inbound,1,"Ravens Lane, Tunstall",21:13,21:15,Every 15m,Weekday,£1.20,None
7,Inbound,2,"High Lane, Chell",21:23,21:25,Every 15m,Weekday,£1.30,None
7,Inbound,3,"Waterloo Road, Cobridge",21:33,21:35,Every 15m,Weekday,£1.50,None
7,Inbound,4,"Hulton Street, Burslem",21:43,21:45,Every 15m,Weekday,£1.50,None
7,Inbound,5,Cobridge Traffic Lights,21:53,21:55,Every 15m,Weekday,£1.80,23
7,Inbound,6,"Hope Street, Hanley",22:03,22:05,Every 15m,Weekday,£2.00,None
7,Inbound,7,"Town Road, Hanley",22:13,22:15,Every 15m,Weekday,£2.00,21
7,Inbound,8,Hanley Bus Station,22:23,22:25,Every 15m,Weekday,£2.50,"6A, 9"
7,Inbound,1,"Ravens Lane, Tunstall",21:28,21:30,Every 15m,Weekday,£1.20,None
7,Inbound,2,"High Lane, Chell",21:38,21:40,Every 15m,Weekday,£1.30,None
7,Inbound,3,"Waterloo Road, Cobridge",21:48,21:50,Every 15m,Weekday,£1.50,None
7,Inbound,4,"Hulton Street, Burslem",21:58,22:00,Every 15m,Weekday,£1.50,None
7,Inbound,5,Cobridge Traffic Lights,22:08,22:10,Every 15m,Weekday,£1.80,23
7,Inbound,6,"Hope Street, Hanley",22:18,22:20,Every 15m,Weekday,£2.00,None
7,Inbound,7,"Town Road, Hanley",22:28,22:30,Every 15m,Weekday,£2.00,21
7,Inbound,8,Hanley Bus Station,22:38,22:40,Every 15m,Weekday,£2.50,"6A, 9"
7,Inbound,1,"Ravens Lane, Tunstall",21:43,21:45,Every 15m,Weekday,£1.20,None
7,Inbound,2,"High Lane, Chell",21:53,21:55,Every 15m,Weekday,£1.30,None
7,Inbound,3,"Waterloo Road, Cobridge",22:03,22:05,Every 15m,Weekday,£1.50,None
7,Inbound,4,"Hulton Street, Burslem",22:13,22:15,Every 15m,Weekday,£1.50,None
7,Inbound,5,Cobridge Traffic Lights,22:23,22:25,Every 15m,Weekday,£1.80,23
7,Inbound,6,"Hope Street, Hanley",22:33,22:35,Every 15m,Weekday,£2.00,None
7,Inbound,7,"Town Road, Hanley",22:43,22:45,Every 15m,Weekday,£2.00,21
7,Inbound,8,Hanley Bus Station,22:53,22:55,Every 15m,Weekday,£2.50,"6A, 9"
7,Inbound,1,"Ravens Lane, Tunstall",21:58,22:00,Every 15m,Weekday,£1.20,None
7,Inbound,2,"High Lane, Chell",22:08,22:10,Every 15m,Weekday,£1.30,None
7,Inbound,3,"Waterloo Road, Cobridge",22:18,22:20,Every 15m,Weekday,£1.50,None
7,Inbound,4,"Hulton Street, Burslem",22:28,22:30,Every 15m,Weekday,£1.50,None
7,Inbound,5,Cobridge Traffic Lights,22:38,22:40,Every 15m,Weekday,£1.80,23
7,Inbound,6,"Hope Street, Hanley",22:48,22:50,Every 15m,Weekday,£2.00,None
7,Inbound,7,"Town Road, Hanley",22:58,23:00,Every 15m,Weekday,£2.00,21
7,Inbound,8,Hanley Bus Station,23:08,23:10,Every 15m,Weekday,£2.50,"6A, 9"
7,Outbound,1,Hanley Bus Station,05:58,06:00,Every 15m,Weekday,£2.50,"6A, 9"
7,Outbound,2,"Town Road, Hanley",06:08,06:10,Every 15m,Weekday,£2.00,21
7,Outbound,3,"Hope Street, Hanley",06:13,06:15,Every 15m,Weekday,£2.00,None
7,Outbound,4,Cobridge Traffic Lights,06:20,06:22,Every 15m,Weekday,£1.80,23
7,Outbound,5,"Hulton Street, Burslem",06:28,06:30,Every 15m,Weekday,£1.50,None
7,Outbound,6,"Waterloo Road, Cobridge",06:38,06:40,Every 15m,Weekday,£1.50,None
7,Outbound,7,"High Lane, Chell",06:48,06:50,Every 15m,Weekday,£1.30,None
7,Outbound,8,"Ravens Lane, Tunstall",06:58,07:00,Every 15m,Weekday,£1.20,None
7,Outbound,1,Hanley Bus Station,06:13,06:15,Every 15m,Weekday,£2.50,"6A, 9"
7,Outbound,2,"Town Road, Hanley",06:23,06:25,Every 15m,Weekday,£2.00,21
7,Outbound,3,"Hope Street, Hanley",06:28,06:30,Every 15m,Weekday,£2.00,None
7,Outbound,4,Cobridge Traffic Lights,06:35,06:37,Every 15m,Weekday,£1.80,23
7,Outbound,5,"Hulton Street, Burslem",06:43,06:45,Every 15m,Weekday,£1.50,None
7,Outbound,6,"Waterloo Road, Cobridge",06:53,06:55,Every 15m,Weekday,£1.50,None
7,Outbound,7,"High Lane, Chell",07:03,07:05,Every 15m,Weekday,£1.30,None
7,Outbound,8,"Ravens Lane, Tunstall",07:13,07:15,Every 15m,Weekday,£1.20,None
7,Outbound,1,Hanley Bus Station,06:28,06:30,Every 15m,Weekday,£2.50,"6A, 9"
7,Outbound,2,"Town Road, Hanley",06:38,06:40,Every 15m,Weekday,£2.00,21
7,Outbound,3,"Hope Street, Hanley",06:43,06:45,Every 15m,Weekday,£2.00,None
7,Outbound,4,Cobridge Traffic Lights,06:50,06:52,Every 15m,Weekday,£1.80,23
7,Outbound,5,"Hulton Street, Burslem",06:58,07:00,Every 15m,Weekday,£1.50,None
7,Outbound,6,"Waterloo Road, Cobridge",07:08,07:10,Every 15m,Weekday,£1.50,None
7,Outbound,7,"High Lane, Chell",07:18,07:20,Every 15m,Weekday,£1.30,None
7,Outbound,8,"Ravens Lane, Tunstall",07:28,07:30,Every 15m,Weekday,£1.20,None
7,Outbound,1,Hanley Bus Station,06:43,06:45,Every 15m,Weekday,£2.50,"6A, 9"
7,Outbound,2,"Town Road, Hanley",06:53,06:55,Every 15m,Weekday,£2.00,21
7,Outbound,3,"Hope Street, Hanley",06:58,07:00,Every 15m,Weekday,£2.00,None
7,Outbound,4,Cobridge Traffic Lights,07:05,07:07,Every 15m,Weekday,£1.80,23
7,Outbound,5,"Hulton Street, Burslem",07:13,07:15,Every 15m,Weekday,£1.50,None
7,Outbound,6,"Waterloo Road, Cobridge",07:23,07:25,Every 15m,Weekday,£1.50,None
7,Outbound,7,"High Lane, Chell",07:33,07:35,Every 15m,Weekday,£1.30,None
7,Outbound,8,"Ravens Lane, Tunstall",07:43,07:45,Every 15m,Weekday,£1.20,None
7,Outbound,1,Hanley Bus Station,06:58,07:00,Every 15m,Weekday,£2.50,"6A, 9"
7,Outbound,2,"Town Road, Hanley",07:08,07:10,Every 15m,Weekday,£2.00,21
7,Outbound,3,"Hope Street, Hanley",07:13,07:15,Every 15m,Weekday,£2.00,None
7,Outbound,4,Cobridge Traffic Lights,07:20,07:22,Every 15m,Weekday,£1.80,23
7,Outbound,5,"Hulton Street, Burslem",07:28,07:30,Every 15m,Weekday,£1.50,None
7,Outbound,6,"Waterloo Road, Cobridge",07:38,07:40,Every 15m,Weekday,£1.50,None
7,Outbound,7,"High Lane, Chell",07:48,07:50,Every 15m,Weekday,£1.30,None
7,Outbound,8,"Ravens Lane, Tunstall",07:58,08:00,Every 15m,Weekday,£1.20,None
7,Outbound,1,Hanley Bus Station,07:13,07:15,Every 15m,Weekday,£2.50,"6A, 9"
7,Outbound,2,"Town Road, Hanley",07:23,07:25,Every 15m,Weekday,£2.00,21
7,Outbound,3,"Hope Street, Hanley",07:28,07:30,Every 15m,Weekday,£2.00,None
7,Outbound,4,Cobridge Traffic Lights,07:35,07:37,Every 15m,Weekday,£1.80,23
7,Outbound,5,"Hulton Street, Burslem",07:43,07:45,Every 15m,Weekday,£1.50,None
7,Outbound,6,"Waterloo Road, Cobridge",07:53,07:55,Every 15m,Weekday,£1.50,None
7,Outbound,7,"High Lane, Chell",08:03,08:05,Every 15m,Weekday,£1.30,None
7,Outbound,8,"Ravens Lane, Tunstall",08:13,08:15,Every 15m,Weekday,£1.20,None
7,Outbound,1,Hanley Bus Station,07:28,07:30,Every 15m,Weekday,£2.50,"6A, 9"
7,Outbound,2,"Town Road, Hanley",07:38,07:40,Every 15m,Weekday,£2.00,21
7,Outbound,3,"Hope Street, Hanley",07:43,07:45,Every 15m,Weekday,£2.00,None
7,Outbound,4,Cobridge Traffic Lights,07:50,07:52,Every 15m,Weekday,£1.80,23
7,Outbound,5,"Hulton Street, Burslem",07:58,08:00,Every 15m,Weekday,£1.50,None
7,Outbound,6,"Waterloo Road, Cobridge",08:08,08:10,Every 15m,Weekday,£1.50,None
7,Outbound,7,"High Lane, Chell",08:18,08:20,Every 15m,Weekday,£1.30,None
7,Outbound,8,"Ravens Lane, Tunstall",08:28,08:30,Every 15m,Weekday,£1.20,None
7,Outbound,1,Hanley Bus Station,07:43,07:45,Every 15m,Weekday,£2.50,"6A, 9"
7,Outbound,2,"Town Road, Hanley",07:53,07:55,Every 15m,Weekday,£2.00,21
7,Outbound,3,"Hope Street, Hanley",07:58,08:00,Every 15m,Weekday,£2.00,None
7,Outbound,4,Cobridge Traffic Lights,08:05,08:07,Every 15m,Weekday,£1.80,23
7,Outbound,5,"Hulton Street, Burslem",08:13,08:15,Every 15m,Weekday,£1.50,None
7,Outbound,6,"Waterloo Road, Cobridge",08:23,08:25,Every 15m,Weekday,£1.50,None
7,Outbound,7,"High Lane, Chell",08:33,08:35,Every 15m,Weekday,£1.30,None
7,Outbound,8,"Ravens Lane, Tunstall",08:43,08:45,Every 15m,Weekday,£1.20,None
7,Outbound,1,Hanley Bus Station,07:58,08:00,Every 15m,Weekday,£2.50,"6A, 9"
7,Outbound,2,"Town Road, Hanley",08:08,08:10,Every 15m,Weekday,£2.00,21
7,Outbound,3,"Hope Street, Hanley",08:13,08:15,Every 15m,Weekday,£2.00,None
7,Outbound,4,Cobridge Traffic Lights,08:20,08:22,Every 15m,Weekday,£1.80,23
7,Outbound,5,"Hulton Street, Burslem",08:28,08:30,Every 15m,Weekday,£1.50,None
7,Outbound,6,"Waterloo Road, Cobridge",08:38,08:40,Every 15m,Weekday,£1.50,None
7,Outbound,7,"High Lane, Chell",08:48,08:50,Every 15m,Weekday,£1.30,None
7,Outbound,8,"Ravens Lane, Tunstall",08:58,09:00,Every 15m,Weekday,£1.20,None
7,Outbound,1,Hanley Bus Station,08:13,08:15,Every 15m,Weekday,£2.50,"6A, 9"
7,Outbound,2,"Town Road, Hanley",08:23,08:25,Every 15m,Weekday,£2.00,21
7,Outbound,3,"Hope Street, Hanley",08:28,08:30,Every 15m,Weekday,£2.00,None
7,Outbound,4,Cobridge Traffic Lights,08:35,08:37,Every 15m,Weekday,£1.80,23
7,Outbound,5,"Hulton Street, Burslem",08:43,08:45,Every 15m,Weekday,£1.50,None
7,Outbound,6,"Waterloo Road, Cobridge",08:53,08:55,Every 15m,Weekday,£1.50,None
7,Outbound,7,"High Lane, Chell",09:03,09:05,Every 15m,Weekday,£1.30,None
7,Outbound,8,"Ravens Lane, Tunstall",09:13,09:15,Every 15m,Weekday,£1.20,None
7,Outbound,1,Hanley Bus Station,08:28,08:30,Every 15m,Weekday,£2.50,"6A, 9"
7,Outbound,2,"Town Road, Hanley",08:38,08:40,Every 15m,Weekday,£2.00,21
7,Outbound,3,"Hope Street, Hanley",08:43,08:45,Every 15m,Weekday,£2.00,None
7,Outbound,4,Cobridge Traffic Lights,08:50,08:52,Every 15m,Weekday,£1.80,23
7,Outbound,5,"Hulton Street, Burslem",08:58,09:00,Every 15m,Weekday,£1.50,None
7,Outbound,6,"Waterloo Road, Cobridge",09:08,09:10,Every 15m,Weekday,£1.50,None
7,Outbound,7,"High Lane, Chell",09:18,09:20,Every 15m,Weekday,£1.30,None
7,Outbound,8,"Ravens Lane, Tunstall",09:28,09:30,Every 15m,Weekday,£1.20,None
7,Outbound,1,Hanley Bus Station,08:43,08:45,Every 15m,Weekday,£2.50,"6A, 9"
7,Outbound,2,"Town Road, Hanley",08:53,08:55,Every 15m,Weekday,£2.00,21
7,Outbound,3,"Hope Street, Hanley",08:58,09:00,Every 15m,Weekday,£2.00,None
7,Outbound,4,Cobridge Traffic Lights,09:05,09:07,Every 15m,Weekday,£1.80,23
7,Outbound,5,"Hulton Street, Burslem",09:13,09:15,Every 15m,Weekday,£1.50,None
7,Outbound,6,"Waterloo Road, Cobridge",09:23,09:25,Every 15m,Weekday,£1.50,None
7,Outbound,7,"High Lane, Chell",09:33,09:35,Every 15m,Weekday,£1.30,None
7,Outbound,8,"Ravens Lane, Tunstall",09:43,09:45,Every 15m,Weekday,£1.20,None
7,Outbound,1,Hanley Bus Station,08:58,09:00,Every 15m,Weekday,£2.50,"6A, 9"
7,Outbound,2,"Town Road, Hanley",09:08,09:10,Every 15m,Weekday,£2.00,21
7,Outbound,3,"Hope Street, Hanley",09:13,09:15,Every 15m,Weekday,£2.00,None
7,Outbound,4,Cobridge Traffic Lights,09:20,09:22,Every 15m,Weekday,£1.80,23
7,Outbound,5,"Hulton Street, Burslem",09:28,09:30,Every 15m,Weekday,£1.50,None
7,Outbound,6,"Waterloo Road, Cobridge",09:38,09:40,Every 15m,Weekday,£1.50,None
7,Outbound,7,"High Lane, Chell",09:48,09:50,Every 15m,Weekday,£1.30,None
7,Outbound,8,"Ravens Lane, Tunstall",09:58,10:00,Every 15m,Weekday,£1.20,None
7,Outbound,1,Hanley Bus Station,09:13,09:15,Every 15m,Weekday,£2.50,"6A, 9"
7,Outbound,2,"Town Road, Hanley",09:23,09:25,Every 15m,Weekday,£2.00,21
7,Outbound,3,"Hope Street, Hanley",09:28,09:30,Every 15m,Weekday,£2.00,None
7,Outbound,4,Cobridge Traffic Lights,09:35,09:37,Every 15m,Weekday,£1.80,23
7,Outbound,5,"Hulton Street, Burslem",09:43,09:45,Every 15m,Weekday,£1.50,None
7,Outbound,6,"Waterloo Road, Cobridge",09:53,09:55,Every 15m,Weekday,£1.50,None
7,Outbound,7,"High Lane, Chell",10:03,10:05,Every 15m,Weekday,£1.30,None
7,Outbound,8,"Ravens Lane, Tunstall",10:13,10:15,Every 15m,Weekday,£1.20,None
7,Outbound,1,Hanley Bus Station,09:28,09:30,Every 15m,Weekday,£2.50,"6A, 9"
7,Outbound,2,"Town Road, Hanley",09:38,09:40,Every 15m,Weekday,£2.00,21
7,Outbound,3,"Hope Street, Hanley",09:43,09:45,Every 15m,Weekday,£2.00,None
7,Outbound,4,Cobridge Traffic Lights,09:50,09:52,Every 15m,Weekday,£1.80,23
7,Outbound,5,"Hulton Street, Burslem",09:58,10:00,Every 15m,Weekday,£1.50,None
7,Outbound,6,"Waterloo Road, Cobridge",10:08,10:10,Every 15m,Weekday,£1.50,None
7,Outbound,7,"High Lane, Chell",10:18,10:20,Every 15m,Weekday,£1.30,None
7,Outbound,8,"Ravens Lane, Tunstall",10:28,10:30,Every 15m,Weekday,£1.20,None
7,Outbound,1,Hanley Bus Station,09:43,09:45,Every 15m,Weekday,£2.50,"6A, 9"
7,Outbound,2,"Town Road, Hanley",09:53,09:55,Every 15m,Weekday,£2.00,21
7,Outbound,3,"Hope Street, Hanley",09:58,10:00,Every 15m,Weekday,£2.00,None
7,Outbound,4,Cobridge Traffic Lights,10:05,10:07,Every 15m,Weekday,£1.80,23
7,Outbound,5,"Hulton Street, Burslem",10:13,10:15,Every 15m,Weekday,£1.50,None
7,Outbound,6,"Waterloo Road, Cobridge",10:23,10:25,Every 15m,Weekday,£1.50,None
7,Outbound,7,"High Lane, Chell",10:33,10:35,Every 15m,Weekday,£1.30,None
7,Outbound,8,"Ravens Lane, Tunstall",10:43,10:45,Every 15m,Weekday,£1.20,None
7,Outbound,1,Hanley Bus Station,09:58,10:00,Every 15m,Weekday,£2.50,"6A, 9"
7,Outbound,2,"Town Road, Hanley",10:08,10:10,Every 15m,Weekday,£2.00,21
7,Outbound,3,"Hope Street, Hanley",10:13,10:15,Every 15m,Weekday,£2.00,None
7,Outbound,4,Cobridge Traffic Lights,10:20,10:22,Every 15m,Weekday,£1.80,23
7,Outbound,5,"Hulton Street, Burslem",10:28,10:30,Every 15m,Weekday,£1.50,None
7,Outbound,6,"Waterloo Road, Cobridge",10:38,10:40,Every 15m,Weekday,£1.50,None
7,Outbound,7,"High Lane, Chell",10:48,10:50,Every 15m,Weekday,£1.30,None
7,Outbound,8,"Ravens Lane, Tunstall",10:58,11:00,Every 15m,Weekday,£1.20,None
7,Outbound,1,Hanley Bus Station,10:13,10:15,Every 15m,Weekday,£2.50,"6A, 9"
7,Outbound,2,"Town Road, Hanley",10:23,10:25,Every 15m,Weekday,£2.00,21
7,Outbound,3,"Hope Street, Hanley",10:28,10:30,Every 15m,Weekday,£2.00,None
7,Outbound,4,Cobridge Traffic Lights,10:35,10:37,Every 15m,Weekday,£1.80,23
7,Outbound,5,"Hulton Street, Burslem",10:43,10:45,Every 15m,Weekday,£1.50,None
7,Outbound,6,"Waterloo Road, Cobridge",10:53,10:55,Every 15m,Weekday,£1.50,None
7,Outbound,7,"High Lane, Chell",11:03,11:05,Every 15m,Weekday,£1.30,None
7,Outbound,8,"Ravens Lane, Tunstall",11:13,11:15,Every 15m,Weekday,£1.20,None
7,Outbound,1,Hanley Bus Station,10:28,10:30,Every 15m,Weekday,£2.50,"6A, 9"
7,Outbound,2,"Town Road, Hanley",10:38,10:40,Every 15m,Weekday,£2.00,21
7,Outbound,3,"Hope Street, Hanley",10:43,10:45,Every 15m,Weekday,£2.00,None
7,Outbound,4,Cobridge Traffic Lights,10:50,10:52,Every 15m,Weekday,£1.80,23
7,Outbound,5,"Hulton Street, Burslem",10:58,11:00,Every 15m,Weekday,£1.50,None
7,Outbound,6,"Waterloo Road, Cobridge",11:08,11:10,Every 15m,Weekday,£1.50,None
7,Outbound,7,"High Lane, Chell",11:18,11:20,Every 15m,Weekday,£1.30,None
7,Outbound,8,"Ravens Lane, Tunstall",11:28,11:30,Every 15m,Weekday,£1.20,None
7,Outbound,1,Hanley Bus Station,10:43,10:45,Every 15m,Weekday,£2.50,"6A, 9"
7,Outbound,2,"Town Road, Hanley",10:53,10:55,Every 15m,Weekday,£2.00,21
7,Outbound,3,"Hope Street, Hanley",10:58,11:00,Every 15m,Weekday,£2.00,None
7,Outbound,4,Cobridge Traffic Lights,11:05,11:07,Every 15m,Weekday,£1.80,23
7,Outbound,5,"Hulton Street, Burslem",11:13,11:15,Every 15m,Weekday,£1.50,None
7,Outbound,6,"Waterloo Road, Cobridge",11:23,11:25,Every 15m,Weekday,£1.50,None
7,Outbound,7,"High Lane, Chell",11:33,11:35,Every 15m,Weekday,£1.30,None
7,Outbound,8,"Ravens Lane, Tunstall",11:43,11:45,Every 15m,Weekday,£1.20,None
7,Outbound,1,Hanley Bus Station,10:58,11:00,Every 15m,Weekday,£2.50,"6A, 9"
7,Outbound,2,"Town Road, Hanley",11:08,11:10,Every 15m,Weekday,£2.00,21
7,Outbound,3,"Hope Street, Hanley",11:13,11:15,Every 15m,Weekday,£2.00,None
7,Outbound,4,Cobridge Traffic Lights,11:20,11:22,Every 15m,Weekday,£1.80,23
7,Outbound,5,"Hulton Street, Burslem",11:28,11:30,Every 15m,Weekday,£1.50,None
7,Outbound,6,"Waterloo Road, Cobridge",11:38,11:40,Every 15m,Weekday,£1.50,None
7,Outbound,7,"High Lane, Chell",11:48,11:50,Every 15m,Weekday,£1.30,None
7,Outbound,8,"Ravens Lane, Tunstall",11:58,12:00,Every 15m,Weekday,£1.20,None
7,Outbound,1,Hanley Bus Station,11:13,11:15,Every 15m,Weekday,£2.50,"6A, 9"
7,Outbound,2,"Town Road, Hanley",11:23,11:25,Every 15m,Weekday,£2.00,21
7,Outbound,3,"Hope Street, Hanley",11:28,11:30,Every 15m,Weekday,£2.00,None
7,Outbound,4,Cobridge Traffic Lights,11:35,11:37,Every 15m,Weekday,£1.80,23
7,Outbound,5,"Hulton Street, Burslem",11:43,11:45,Every 15m,Weekday,£1.50,None
7,Outbound,6,"Waterloo Road, Cobridge",11:53,11:55,Every 15m,Weekday,£1.50,None
7,Outbound,7,"High Lane, Chell",12:03,12:05,Every 15m,Weekday,£1.30,None
7,Outbound,8,"Ravens Lane, Tunstall",12:13,12:15,Every 15m,Weekday,£1.20,None
7,Outbound,1,Hanley Bus Station,11:28,11:30,Every 15m,Weekday,£2.50,"6A, 9"
7,Outbound,2,"Town Road, Hanley",11:38,11:40,Every 15m,Weekday,£2.00,21
7,Outbound,3,"Hope Street, Hanley",11:43,11:45,Every 15m,Weekday,£2.00,None
7,Outbound,4,Cobridge Traffic Lights,11:50,11:52,Every 15m,Weekday,£1.80,23
7,Outbound,5,"Hulton Street, Burslem",11:58,12:00,Every 15m,Weekday,£1.50,None
7,Outbound,6,"Waterloo Road, Cobridge",12:08,12:10,Every 15m,Weekday,£1.50,None
7,Outbound,7,"High Lane, Chell",12:18,12:20,Every 15m,Weekday,£1.30,None
7,Outbound,8,"Ravens Lane, Tunstall",12:28,12:30,Every 15m,Weekday,£1.20,None
7,Outbound,1,Hanley Bus Station,11:43,11:45,Every 15m,Weekday,£2.50,"6A, 9"
7,Outbound,2,"Town Road, Hanley",11:53,11:55,Every 15m,Weekday,£2.00,21
7,Outbound,3,"Hope Street, Hanley",11:58,12:00,Every 15m,Weekday,£2.00,None
7,Outbound,4,Cobridge Traffic Lights,12:05,12:07,Every 15m,Weekday,£1.80,23
7,Outbound,5,"Hulton Street, Burslem",12:13,12:15,Every 15m,Weekday,£1.50,None
7,Outbound,6,"Waterloo Road, Cobridge",12:23,12:25,Every 15m,Weekday,£1.50,None
7,Outbound,7,"High Lane, Chell",12:33,12:35,Every 15m,Weekday,£1.30,None
7,Outbound,8,"Ravens Lane, Tunstall",12:43,12:45,Every 15m,Weekday,£1.20,None
7,Outbound,1,Hanley Bus Station,11:58,12:00,Every 15m,Weekday,£2.50,"6A, 9"
7,Outbound,2,"Town Road, Hanley",12:08,12:10,Every 15m,Weekday,£2.00,21
7,Outbound,3,"Hope Street, Hanley",12:13,12:15,Every 15m,Weekday,£2.00,None
7,Outbound,4,Cobridge Traffic Lights,12:20,12:22,Every 15m,Weekday,£1.80,23
7,Outbound,5,"Hulton Street, Burslem",12:28,12:30,Every 15m,Weekday,£1.50,None
7,Outbound,6,"Waterloo Road, Cobridge",12:38,12:40,Every 15m,Weekday,£1.50,None
7,Outbound,7,"High Lane, Chell",12:48,12:50,Every 15m,Weekday,£1.30,None
7,Outbound,8,"Ravens Lane, Tunstall",12:58,13:00,Every 15m,Weekday,£1.20,None
7,Outbound,1,Hanley Bus Station,12:13,12:15,Every 15m,Weekday,£2.50,"6A, 9"
7,Outbound,2,"Town Road, Hanley",12:23,12:25,Every 15m,Weekday,£2.00,21
7,Outbound,3,"Hope Street, Hanley",12:28,12:30,Every 15m,Weekday,£2.00,None
7,Outbound,4,Cobridge Traffic Lights,12:35,12:37,Every 15m,Weekday,£1.80,23
7,Outbound,5,"Hulton Street, Burslem",12:43,12:45,Every 15m,Weekday,£1.50,None
7,Outbound,6,"Waterloo Road, Cobridge",12:53,12:55,Every 15m,Weekday,£1.50,None
7,Outbound,7,"High Lane, Chell",13:03,13:05,Every 15m,Weekday,£1.30,None
7,Outbound,8,"Ravens Lane, Tunstall",13:13,13:15,Every 15m,Weekday,£1.20,None
7,Outbound,1,Hanley Bus Station,12:28,12:30,Every 15m,Weekday,£2.50,"6A, 9"
7,Outbound,2,"Town Road, Hanley",12:38,12:40,Every 15m,Weekday,£2.00,21
7,Outbound,3,"Hope Street, Hanley",12:43,12:45,Every 15m,Weekday,£2.00,None
7,Outbound,4,Cobridge Traffic Lights,12:50,12:52,Every 15m,Weekday,£1.80,23
7,Outbound,5,"Hulton Street, Burslem",12:58,13:00,Every 15m,Weekday,£1.50,None
7,Outbound,6,"Waterloo Road, Cobridge",13:08,13:10,Every 15m,Weekday,£1.50,None
7,Outbound,7,"High Lane, Chell",13:18,13:20,Every 15m,Weekday,£1.30,None
7,Outbound,8,"Ravens Lane, Tunstall",13:28,13:30,Every 15m,Weekday,£1.20,None
7,Outbound,1,Hanley Bus Station,12:43,12:45,Every 15m,Weekday,£2.50,"6A, 9"
7,Outbound,2,"Town Road, Hanley",12:53,12:55,Every 15m,Weekday,£2.00,21
7,Outbound,3,"Hope Street, Hanley",12:58,13:00,Every 15m,Weekday,£2.00,None
7,Outbound,4,Cobridge Traffic Lights,13:05,13:07,Every 15m,Weekday,£1.80,23
7,Outbound,5,"Hulton Street, Burslem",13:13,13:15,Every 15m,Weekday,£1.50,None
7,Outbound,6,"Waterloo Road, Cobridge",13:23,13:25,Every 15m,Weekday,£1.50,None
7,Outbound,7,"High Lane, Chell",13:33,13:35,Every 15m,Weekday,£1.30,None
7,Outbound,8,"Ravens Lane, Tunstall",13:43,13:45,Every 15m,Weekday,£1.20,None
7,Outbound,1,Hanley Bus Station,12:58,13:00,Every 15m,Weekday,£2.50,"6A, 9"
7,Outbound,2,"Town Road, Hanley",13:08,13:10,Every 15m,Weekday,£2.00,21
7,Outbound,3,"Hope Street, Hanley",13:13,13:15,Every 15m,Weekday,£2.00,None
7,Outbound,4,Cobridge Traffic Lights,13:20,13:22,Every 15m,Weekday,£1.80,23
7,Outbound,5,"Hulton Street, Burslem",13:28,13:30,Every 15m,Weekday,£1.50,None
7,Outbound,6,"Waterloo Road, Cobridge",13:38,13:40,Every 15m,Weekday,£1.50,None
7,Outbound,7,"High Lane, Chell",13:48,13:50,Every 15m,Weekday,£1.30,None
7,Outbound,8,"Ravens Lane, Tunstall",13:58,14:00,Every 15m,Weekday,£1.20,None
7,Outbound,1,Hanley Bus Station,13:13,13:15,Every 15m,Weekday,£2.50,"6A, 9"
7,Outbound,2,"Town Road, Hanley",13:23,13:25,Every 15m,Weekday,£2.00,21
7,Outbound,3,"Hope Street, Hanley",13:28,13:30,Every 15m,Weekday,£2.00,None
7,Outbound,4,Cobridge Traffic Lights,13:35,13:37,Every 15m,Weekday,£1.80,23
7,Outbound,5,"Hulton Street, Burslem",13:43,13:45,Every 15m,Weekday,£1.50,None
7,Outbound,6,"Waterloo Road, Cobridge",13:53,13:55,Every 15m,Weekday,£1.50,None
7,Outbound,7,"High Lane, Chell",14:03,14:05,Every 15m,Weekday,£1.30,None
7,Outbound,8,"Ravens Lane, Tunstall",14:13,14:15,Every 15m,Weekday,£1.20,None
7,Outbound,1,Hanley Bus Station,13:28,13:30,Every 15m,Weekday,£2.50,"6A, 9"
7,Outbound,2,"Town Road, Hanley",13:38,13:40,Every 15m,Weekday,£2.00,21
7,Outbound,3,"Hope Street, Hanley",13:43,13:45,Every 15m,Weekday,£2.00,None
7,Outbound,4,Cobridge Traffic Lights,13:50,13:52,Every 15m,Weekday,£1.80,23
7,Outbound,5,"Hulton Street, Burslem",13:58,14:00,Every 15m,Weekday,£1.50,None
7,Outbound,6,"Waterloo Road, Cobridge",14:08,14:10,Every 15m,Weekday,£1.50,None
7,Outbound,7,"High Lane, Chell",14:18,14:20,Every 15m,Weekday,£1.30,None
7,Outbound,8,"Ravens Lane, Tunstall",14:28,14:30,Every 15m,Weekday,£1.20,None
7,Outbound,1,Hanley Bus Station,13:43,13:45,Every 15m,Weekday,£2.50,"6A, 9"
7,Outbound,2,"Town Road, Hanley",13:53,13:55,Every 15m,Weekday,£2.00,21
7,Outbound,3,"Hope Street, Hanley",13:58,14:00,Every 15m,Weekday,£2.00,None
7,Outbound,4,Cobridge Traffic Lights,14:05,14:07,Every 15m,Weekday,£1.80,23
7,Outbound,5,"Hulton Street, Burslem",14:13,14:15,Every 15m,Weekday,£1.50,None
7,Outbound,6,"Waterloo Road, Cobridge",14:23,14:25,Every 15m,Weekday,£1.50,None
7,Outbound,7,"High Lane, Chell",14:33,14:35,Every 15m,Weekday,£1.30,None
7,Outbound,8,"Ravens Lane, Tunstall",14:43,14:45,Every 15m,Weekday,£1.20,None
7,Outbound,1,Hanley Bus Station,13:58,14:00,Every 15m,Weekday,£2.50,"6A, 9"
7,Outbound,2,"Town Road, Hanley",14:08,14:10,Every 15m,Weekday,£2.00,21
7,Outbound,3,"Hope Street, Hanley",14:13,14:15,Every 15m,Weekday,£2.00,None
7,Outbound,4,Cobridge Traffic Lights,14:20,14:22,Every 15m,Weekday,£1.80,23
7,Outbound,5,"Hulton Street, Burslem",14:28,14:30,Every 15m,Weekday,£1.50,None
7,Outbound,6,"Waterloo Road, Cobridge",14:38,14:40,Every 15m,Weekday,£1.50,None
7,Outbound,7,"High Lane, Chell",14:48,14:50,Every 15m,Weekday,£1.30,None
7,Outbound,8,"Ravens Lane, Tunstall",14:58,15:00,Every 15m,Weekday,£1.20,None
7,Outbound,1,Hanley Bus Station,14:13,14:15,Every 15m,Weekday,£2.50,"6A, 9"
7,Outbound,2,"Town Road, Hanley",14:23,14:25,Every 15m,Weekday,£2.00,21
7,Outbound,3,"Hope Street, Hanley",14:28,14:30,Every 15m,Weekday,£2.00,None
7,Outbound,4,Cobridge Traffic Lights,14:35,14:37,Every 15m,Weekday,£1.80,23
7,Outbound,5,"Hulton Street, Burslem",14:43,14:45,Every 15m,Weekday,£1.50,None
7,Outbound,6,"Waterloo Road, Cobridge",14:53,14:55,Every 15m,Weekday,£1.50,None
7,Outbound,7,"High Lane, Chell",15:03,15:05,Every 15m,Weekday,£1.30,None
7,Outbound,8,"Ravens Lane, Tunstall",15:13,15:15,Every 15m,Weekday,£1.20,None
7,Outbound,1,Hanley Bus Station,14:28,14:30,Every 15m,Weekday,£2.50,"6A, 9"
7,Outbound,2,"Town Road, Hanley",14:38,14:40,Every 15m,Weekday,£2.00,21
7,Outbound,3,"Hope Street, Hanley",14:43,14:45,Every 15m,Weekday,£2.00,None
7,Outbound,4,Cobridge Traffic Lights,14:50,14:52,Every 15m,Weekday,£1.80,23
7,Outbound,5,"Hulton Street, Burslem",14:58,15:00,Every 15m,Weekday,£1.50,None
7,Outbound,6,"Waterloo Road, Cobridge",15:08,15:10,Every 15m,Weekday,£1.50,None
7,Outbound,7,"High Lane, Chell",15:18,15:20,Every 15m,Weekday,£1.30,None
7,Outbound,8,"Ravens Lane, Tunstall",15:28,15:30,Every 15m,Weekday,£1.20,None
7,Outbound,1,Hanley Bus Station,14:43,14:45,Every 15m,Weekday,£2.50,"6A, 9"
7,Outbound,2,"Town Road, Hanley",14:53,14:55,Every 15m,Weekday,£2.00,21
7,Outbound,3,"Hope Street, Hanley",14:58,15:00,Every 15m,Weekday,£2.00,None
7,Outbound,4,Cobridge Traffic Lights,15:05,15:07,Every 15m,Weekday,£1.80,23
7,Outbound,5,"Hulton Street, Burslem",15:13,15:15,Every 15m,Weekday,£1.50,None
7,Outbound,6,"Waterloo Road, Cobridge",15:23,15:25,Every 15m,Weekday,£1.50,None
7,Outbound,7,"High Lane, Chell",15:33,15:35,Every 15m,Weekday,£1.30,None
7,Outbound,8,"Ravens Lane, Tunstall",15:43,15:45,Every 15m,Weekday,£1.20,None
7,Outbound,1,Hanley Bus Station,14:58,15:00,Every 15m,Weekday,£2.50,"6A, 9"
7,Outbound,2,"Town Road, Hanley",15:08,15:10,Every 15m,Weekday,£2.00,21
7,Outbound,3,"Hope Street, Hanley",15:13,15:15,Every 15m,Weekday,£2.00,None
7,Outbound,4,Cobridge Traffic Lights,15:20,15:22,Every 15m,Weekday,£1.80,23
7,Outbound,5,"Hulton Street, Burslem",15:28,15:30,Every 15m,Weekday,£1.50,None
7,Outbound,6,"Waterloo Road, Cobridge",15:38,15:40,Every 15m,Weekday,£1.50,None
7,Outbound,7,"High Lane, Chell",15:48,15:50,Every 15m,Weekday,£1.30,None
7,Outbound,8,"Ravens Lane, Tunstall",15:58,16:00,Every 15m,Weekday,£1.20,None
7,Outbound,1,Hanley Bus Station,15:13,15:15,Every 15m,Weekday,£2.50,"6A, 9"
7,Outbound,2,"Town Road, Hanley",15:23,15:25,Every 15m,Weekday,£2.00,21
7,Outbound,3,"Hope Street, Hanley",15:28,15:30,Every 15m,Weekday,£2.00,None
7,Outbound,4,Cobridge Traffic Lights,15:35,15:37,Every 15m,Weekday,£1.80,23
7,Outbound,5,"Hulton Street, Burslem",15:43,15:45,Every 15m,Weekday,£1.50,None
7,Outbound,6,"Waterloo Road, Cobridge",15:53,15:55,Every 15m,Weekday,£1.50,None
7,Outbound,7,"High Lane, Chell",16:03,16:05,Every 15m,Weekday,£1.30,None
7,Outbound,8,"Ravens Lane, Tunstall",16:13,16:15,Every 15m,Weekday,£1.20,None
7,Outbound,1,Hanley Bus Station,15:28,15:30,Every 15m,Weekday,£2.50,"6A, 9"
7,Outbound,2,"Town Road, Hanley",15:38,15:40,Every 15m,Weekday,£2.00,21
7,Outbound,3,"Hope Street, Hanley",15:43,15:45,Every 15m,Weekday,£2.00,None
7,Outbound,4,Cobridge Traffic Lights,15:50,15:52,Every 15m,Weekday,£1.80,23
7,Outbound,5,"Hulton Street, Burslem",15:58,16:00,Every 15m,Weekday,£1.50,None
7,Outbound,6,"Waterloo Road, Cobridge",16:08,16:10,Every 15m,Weekday,£1.50,None
7,Outbound,7,"High Lane, Chell",16:18,16:20,Every 15m,Weekday,£1.30,None
7,Outbound,8,"Ravens Lane, Tunstall",16:28,16:30,Every 15m,Weekday,£1.20,None
7,Outbound,1,Hanley Bus Station,15:43,15:45,Every 15m,Weekday,£2.50,"6A, 9"
7,Outbound,2,"Town Road, Hanley",15:53,15:55,Every 15m,Weekday,£2.00,21
7,Outbound,3,"Hope Street, Hanley",15:58,16:00,Every 15m,Weekday,£2.00,None
7,Outbound,4,Cobridge Traffic Lights,16:05,16:07,Every 15m,Weekday,£1.80,23
7,Outbound,5,"Hulton Street, Burslem",16:13,16:15,Every 15m,Weekday,£1.50,None
7,Outbound,6,"Waterloo Road, Cobridge",16:23,16:25,Every 15m,Weekday,£1.50,None
7,Outbound,7,"High Lane, Chell",16:33,16:35,Every 15m,Weekday,£1.30,None
7,Outbound,8,"Ravens Lane, Tunstall",16:43,16:45,Every 15m,Weekday,£1.20,None
7,Outbound,1,Hanley Bus Station,15:58,16:00,Every 15m,Weekday,£2.50,"6A, 9"
7,Outbound,2,"Town Road, Hanley",16:08,16:10,Every 15m,Weekday,£2.00,21
7,Outbound,3,"Hope Street, Hanley",16:13,16:15,Every 15m,Weekday,£2.00,None
7,Outbound,4,Cobridge Traffic Lights,16:20,16:22,Every 15m,Weekday,£1.80,23
7,Outbound,5,"Hulton Street, Burslem",16:28,16:30,Every 15m,Weekday,£1.50,None
7,Outbound,6,"Waterloo Road, Cobridge",16:38,16:40,Every 15m,Weekday,£1.50,None
7,Outbound,7,"High Lane, Chell",16:48,16:50,Every 15m,Weekday,£1.30,None
7,Outbound,8,"Ravens Lane, Tunstall",16:58,17:00,Every 15m,Weekday,£1.20,None
7,Outbound,1,Hanley Bus Station,16:13,16:15,Every 15m,Weekday,£2.50,"6A, 9"
7,Outbound,2,"Town Road, Hanley",16:23,16:25,Every 15m,Weekday,£2.00,21
7,Outbound,3,"Hope Street, Hanley",16:28,16:30,Every 15m,Weekday,£2.00,None
7,Outbound,4,Cobridge Traffic Lights,16:35,16:37,Every 15m,Weekday,£1.80,23
7,Outbound,5,"Hulton Street, Burslem",16:43,16:45,Every 15m,Weekday,£1.50,None
7,Outbound,6,"Waterloo Road, Cobridge",16:53,16:55,Every 15m,Weekday,£1.50,None
7,Outbound,7,"High Lane, Chell",17:03,17:05,Every 15m,Weekday,£1.30,None
7,Outbound,8,"Ravens Lane, Tunstall",17:13,17:15,Every 15m,Weekday,£1.20,None
7,Outbound,1,Hanley Bus Station,16:28,16:30,Every 15m,Weekday,£2.50,"6A, 9"
7,Outbound,2,"Town Road, Hanley",16:38,16:40,Every 15m,Weekday,£2.00,21
7,Outbound,3,"Hope Street, Hanley",16:43,16:45,Every 15m,Weekday,£2.00,None
7,Outbound,4,Cobridge Traffic Lights,16:50,16:52,Every 15m,Weekday,£1.80,23
7,Outbound,5,"Hulton Street, Burslem",16:58,17:00,Every 15m,Weekday,£1.50,None
7,Outbound,6,"Waterloo Road, Cobridge",17:08,17:10,Every 15m,Weekday,£1.50,None
7,Outbound,7,"High Lane, Chell",17:18,17:20,Every 15m,Weekday,£1.30,None
7,Outbound,8,"Ravens Lane, Tunstall",17:28,17:30,Every 15m,Weekday,£1.20,None
7,Outbound,1,Hanley Bus Station,16:43,16:45,Every 15m,Weekday,£2.50,"6A, 9"
7,Outbound,2,"Town Road, Hanley",16:53,16:55,Every 15m,Weekday,£2.00,21
7,Outbound,3,"Hope Street, Hanley",16:58,17:00,Every 15m,Weekday,£2.00,None
7,Outbound,4,Cobridge Traffic Lights,17:05,17:07,Every 15m,Weekday,£1.80,23
7,Outbound,5,"Hulton Street, Burslem",17:13,17:15,Every 15m,Weekday,£1.50,None
7,Outbound,6,"Waterloo Road, Cobridge",17:23,17:25,Every 15m,Weekday,£1.50,None
7,Outbound,7,"High Lane, Chell",17:33,17:35,Every 15m,Weekday,£1.30,None
7,Outbound,8,"Ravens Lane, Tunstall",17:43,17:45,Every 15m,Weekday,£1.20,None
7,Outbound,1,Hanley Bus Station,16:58,17:00,Every 15m,Weekday,£2.50,"6A, 9"
7,Outbound,2,"Town Road, Hanley",17:08,17:10,Every 15m,Weekday,£2.00,21
7,Outbound,3,"Hope Street, Hanley",17:13,17:15,Every 15m,Weekday,£2.00,None
7,Outbound,4,Cobridge Traffic Lights,17:20,17:22,Every 15m,Weekday,£1.80,23
7,Outbound,5,"Hulton Street, Burslem",17:28,17:30,Every 15m,Weekday,£1.50,None
7,Outbound,6,"Waterloo Road, Cobridge",17:38,17:40,Every 15m,Weekday,£1.50,None
7,Outbound,7,"High Lane, Chell",17:48,17:50,Every 15m,Weekday,£1.30,None
7,Outbound,8,"Ravens Lane, Tunstall",17:58,18:00,Every 15m,Weekday,£1.20,None
7,Outbound,1,Hanley Bus Station,17:13,17:15,Every 15m,Weekday,£2.50,"6A, 9"
7,Outbound,2,"Town Road, Hanley",17:23,17:25,Every 15m,Weekday,£2.00,21
7,Outbound,3,"Hope Street, Hanley",17:28,17:30,Every 15m,Weekday,£2.00,None
7,Outbound,4,Cobridge Traffic Lights,17:35,17:37,Every 15m,Weekday,£1.80,23
7,Outbound,5,"Hulton Street, Burslem",17:43,17:45,Every 15m,Weekday,£1.50,None
7,Outbound,6,"Waterloo Road, Cobridge",17:53,17:55,Every 15m,Weekday,£1.50,None
7,Outbound,7,"High Lane, Chell",18:03,18:05,Every 15m,Weekday,£1.30,None
7,Outbound,8,"Ravens Lane, Tunstall",18:13,18:15,Every 15m,Weekday,£1.20,None
7,Outbound,1,Hanley Bus Station,17:28,17:30,Every 15m,Weekday,£2.50,"6A, 9"
7,Outbound,2,"Town Road, Hanley",17:38,17:40,Every 15m,Weekday,£2.00,21
7,Outbound,3,"Hope Street, Hanley",17:43,17:45,Every 15m,Weekday,£2.00,None
7,Outbound,4,Cobridge Traffic Lights,17:50,17:52,Every 15m,Weekday,£1.80,23
7,Outbound,5,"Hulton Street, Burslem",17:58,18:00,Every 15m,Weekday,£1.50,None
7,Outbound,6,"Waterloo Road, Cobridge",18:08,18:10,Every 15m,Weekday,£1.50,None
7,Outbound,7,"High Lane, Chell",18:18,18:20,Every 15m,Weekday,£1.30,None
7,Outbound,8,"Ravens Lane, Tunstall",18:28,18:30,Every 15m,Weekday,£1.20,None
7,Outbound,1,Hanley Bus Station,17:43,17:45,Every 15m,Weekday,£2.50,"6A, 9"
7,Outbound,2,"Town Road, Hanley",17:53,17:55,Every 15m,Weekday,£2.00,21
7,Outbound,3,"Hope Street, Hanley",17:58,18:00,Every 15m,Weekday,£2.00,None
7,Outbound,4,Cobridge Traffic Lights,18:05,18:07,Every 15m,Weekday,£1.80,23
7,Outbound,5,"Hulton Street, Burslem",18:13,18:15,Every 15m,Weekday,£1.50,None
7,Outbound,6,"Waterloo Road, Cobridge",18:23,18:25,Every 15m,Weekday,£1.50,None
7,Outbound,7,"High Lane, Chell",18:33,18:35,Every 15m,Weekday,£1.30,None
7,Outbound,8,"Ravens Lane, Tunstall",18:43,18:45,Every 15m,Weekday,£1.20,None
7,Outbound,1,Hanley Bus Station,17:58,18:00,Every 15m,Weekday,£2.50,"6A, 9"
7,Outbound,2,"Town Road, Hanley",18:08,18:10,Every 15m,Weekday,£2.00,21
7,Outbound,3,"Hope Street, Hanley",18:13,18:15,Every 15m,Weekday,£2.00,None
7,Outbound,4,Cobridge Traffic Lights,18:20,18:22,Every 15m,Weekday,£1.80,23
7,Outbound,5,"Hulton Street, Burslem",18:28,18:30,Every 15m,Weekday,£1.50,None
7,Outbound,6,"Waterloo Road, Cobridge",18:38,18:40,Every 15m,Weekday,£1.50,None
7,Outbound,7,"High Lane, Chell",18:48,18:50,Every 15m,Weekday,£1.30,None
7,Outbound,8,"Ravens Lane, Tunstall",18:58,19:00,Every 15m,Weekday,£1.20,None
7,Outbound,1,Hanley Bus Station,18:13,18:15,Every 15m,Weekday,£2.50,"6A, 9"
7,Outbound,2,"Town Road, Hanley",18:23,18:25,Every 15m,Weekday,£2.00,21
7,Outbound,3,"Hope Street, Hanley",18:28,18:30,Every 15m,Weekday,£2.00,None
7,Outbound,4,Cobridge Traffic Lights,18:35,18:37,Every 15m,Weekday,£1.80,23
7,Outbound,5,"Hulton Street, Burslem",18:43,18:45,Every 15m,Weekday,£1.50,None
7,Outbound,6,"Waterloo Road, Cobridge",18:53,18:55,Every 15m,Weekday,£1.50,None
7,Outbound,7,"High Lane, Chell",19:03,19:05,Every 15m,Weekday,£1.30,None
7,Outbound,8,"Ravens Lane, Tunstall",19:13,19:15,Every 15m,Weekday,£1.20,None
7,Outbound,1,Hanley Bus Station,18:28,18:30,Every 15m,Weekday,£2.50,"6A, 9"
7,Outbound,2,"Town Road, Hanley",18:38,18:40,Every 15m,Weekday,£2.00,21
7,Outbound,3,"Hope Street, Hanley",18:43,18:45,Every 15m,Weekday,£2.00,None
7,Outbound,4,Cobridge Traffic Lights,18:50,18:52,Every 15m,Weekday,£1.80,23
7,Outbound,5,"Hulton Street, Burslem",18:58,19:00,Every 15m,Weekday,£1.50,None
7,Outbound,6,"Waterloo Road, Cobridge",19:08,19:10,Every 15m,Weekday,£1.50,None
7,Outbound,7,"High Lane, Chell",19:18,19:20,Every 15m,Weekday,£1.30,None
7,Outbound,8,"Ravens Lane, Tunstall",19:28,19:30,Every 15m,Weekday,£1.20,None
7,Outbound,1,Hanley Bus Station,18:43,18:45,Every 15m,Weekday,£2.50,"6A, 9"
7,Outbound,2,"Town Road, Hanley",18:53,18:55,Every 15m,Weekday,£2.00,21
7,Outbound,3,"Hope Street, Hanley",18:58,19:00,Every 15m,Weekday,£2.00,None
7,Outbound,4,Cobridge Traffic Lights,19:05,19:07,Every 15m,Weekday,£1.80,23
7,Outbound,5,"Hulton Street, Burslem",19:13,19:15,Every 15m,Weekday,£1.50,None
7,Outbound,6,"Waterloo Road, Cobridge",19:23,19:25,Every 15m,Weekday,£1.50,None
7,Outbound,7,"High Lane, Chell",19:33,19:35,Every 15m,Weekday,£1.30,None
7,Outbound,8,"Ravens Lane, Tunstall",19:43,19:45,Every 15m,Weekday,£1.20,None
7,Outbound,1,Hanley Bus Station,18:58,19:00,Every 15m,Weekday,£2.50,"6A, 9"
7,Outbound,2,"Town Road, Hanley",19:08,19:10,Every 15m,Weekday,£2.00,21
7,Outbound,3,"Hope Street, Hanley",19:13,19:15,Every 15m,Weekday,£2.00,None
7,Outbound,4,Cobridge Traffic Lights,19:20,19:22,Every 15m,Weekday,£1.80,23
7,Outbound,5,"Hulton Street, Burslem",19:28,19:30,Every 15m,Weekday,£1.50,None
7,Outbound,6,"Waterloo Road, Cobridge",19:38,19:40,Every 15m,Weekday,£1.50,None
7,Outbound,7,"High Lane, Chell",19:48,19:50,Every 15m,Weekday,£1.30,None
7,Outbound,8,"Ravens Lane, Tunstall",19:58,20:00,Every 15m,Weekday,£1.20,None
7,Outbound,1,Hanley Bus Station,19:13,19:15,Every 15m,Weekday,£2.50,"6A, 9"
7,Outbound,2,"Town Road, Hanley",19:23,19:25,Every 15m,Weekday,£2.00,21
7,Outbound,3,"Hope Street, Hanley",19:28,19:30,Every 15m,Weekday,£2.00,None
7,Outbound,4,Cobridge Traffic Lights,19:35,19:37,Every 15m,Weekday,£1.80,23
7,Outbound,5,"Hulton Street, Burslem",19:43,19:45,Every 15m,Weekday,£1.50,None
7,Outbound,6,"Waterloo Road, Cobridge",19:53,19:55,Every 15m,Weekday,£1.50,None
7,Outbound,7,"High Lane, Chell",20:03,20:05,Every 15m,Weekday,£1.30,None
7,Outbound,8,"Ravens Lane, Tunstall",20:13,20:15,Every 15m,Weekday,£1.20,None
7,Outbound,1,Hanley Bus Station,19:28,19:30,Every 15m,Weekday,£2.50,"6A, 9"
7,Outbound,2,"Town Road, Hanley",19:38,19:40,Every 15m,Weekday,£2.00,21
7,Outbound,3,"Hope Street, Hanley",19:43,19:45,Every 15m,Weekday,£2.00,None
7,Outbound,4,Cobridge Traffic Lights,19:50,19:52,Every 15m,Weekday,£1.80,23
7,Outbound,5,"Hulton Street, Burslem",19:58,20:00,Every 15m,Weekday,£1.50,None
7,Outbound,6,"Waterloo Road, Cobridge",20:08,20:10,Every 15m,Weekday,£1.50,None
7,Outbound,7,"High Lane, Chell",20:18,20:20,Every 15m,Weekday,£1.30,None
7,Outbound,8,"Ravens Lane, Tunstall",20:28,20:30,Every 15m,Weekday,£1.20,None
7,Outbound,1,Hanley Bus Station,19:43,19:45,Every 15m,Weekday,£2.50,"6A, 9"
7,Outbound,2,"Town Road, Hanley",19:53,19:55,Every 15m,Weekday,£2.00,21
7,Outbound,3,"Hope Street, Hanley",19:58,20:00,Every 15m,Weekday,£2.00,None
7,Outbound,4,Cobridge Traffic Lights,20:05,20:07,Every 15m,Weekday,£1.80,23
7,Outbound,5,"Hulton Street, Burslem",20:13,20:15,Every 15m,Weekday,£1.50,None
7,Outbound,6,"Waterloo Road, Cobridge",20:23,20:25,Every 15m,Weekday,£1.50,None
7,Outbound,7,"High Lane, Chell",20:33,20:35,Every 15m,Weekday,£1.30,None
7,Outbound,8,"Ravens Lane, Tunstall",20:43,20:45,Every 15m,Weekday,£1.20,None
7,Outbound,1,Hanley Bus Station,19:58,20:00,Every 15m,Weekday,£2.50,"6A, 9"
7,Outbound,2,"Town Road, Hanley",20:08,20:10,Every 15m,Weekday,£2.00,21
7,Outbound,3,"Hope Street, Hanley",20:13,20:15,Every 15m,Weekday,£2.00,None
7,Outbound,4,Cobridge Traffic Lights,20:20,20:22,Every 15m,Weekday,£1.80,23
7,Outbound,5,"Hulton Street, Burslem",20:28,20:30,Every 15m,Weekday,£1.50,None
7,Outbound,6,"Waterloo Road, Cobridge",20:38,20:40,Every 15m,Weekday,£1.50,None
7,Outbound,7,"High Lane, Chell",20:48,20:50,Every 15m,Weekday,£1.30,None
7,Outbound,8,"Ravens Lane, Tunstall",20:58,21:00,Every 15m,Weekday,£1.20,None
7,Outbound,1,Hanley Bus Station,20:13,20:15,Every 15m,Weekday,£2.50,"6A, 9"
7,Outbound,2,"Town Road, Hanley",20:23,20:25,Every 15m,Weekday,£2.00,21
7,Outbound,3,"Hope Street, Hanley",20:28,20:30,Every 15m,Weekday,£2.00,None
7,Outbound,4,Cobridge Traffic Lights,20:35,20:37,Every 15m,Weekday,£1.80,23
7,Outbound,5,"Hulton Street, Burslem",20:43,20:45,Every 15m,Weekday,£1.50,None
7,Outbound,6,"Waterloo Road, Cobridge",20:53,20:55,Every 15m,Weekday,£1.50,None
7,Outbound,7,"High Lane, Chell",21:03,21:05,Every 15m,Weekday,£1.30,None
7,Outbound,8,"Ravens Lane, Tunstall",21:13,21:15,Every 15m,Weekday,£1.20,None
7,Outbound,1,Hanley Bus Station,20:28,20:30,Every 15m,Weekday,£2.50,"6A, 9"
7,Outbound,2,"Town Road, Hanley",20:38,20:40,Every 15m,Weekday,£2.00,21
7,Outbound,3,"Hope Street, Hanley",20:43,20:45,Every 15m,Weekday,£2.00,None
7,Outbound,4,Cobridge Traffic Lights,20:50,20:52,Every 15m,Weekday,£1.80,23
7,Outbound,5,"Hulton Street, Burslem",20:58,21:00,Every 15m,Weekday,£1.50,None
7,Outbound,6,"Waterloo Road, Cobridge",21:08,21:10,Every 15m,Weekday,£1.50,None
7,Outbound,7,"High Lane, Chell",21:18,21:20,Every 15m,Weekday,£1.30,None
7,Outbound,8,"Ravens Lane, Tunstall",21:28,21:30,Every 15m,Weekday,£1.20,None
7,Outbound,1,Hanley Bus Station,20:43,20:45,Every 15m,Weekday,£2.50,"6A, 9"
7,Outbound,2,"Town Road, Hanley",20:53,20:55,Every 15m,Weekday,£2.00,21
7,Outbound,3,"Hope Street, Hanley",20:58,21:00,Every 15m,Weekday,£2.00,None
7,Outbound,4,Cobridge Traffic Lights,21:05,21:07,Every 15m,Weekday,£1.80,23
7,Outbound,5,"Hulton Street, Burslem",21:13,21:15,Every 15m,Weekday,£1.50,None
7,Outbound,6,"Waterloo Road, Cobridge",21:23,21:25,Every 15m,Weekday,£1.50,None
7,Outbound,7,"High Lane, Chell",21:33,21:35,Every 15m,Weekday,£1.30,None
7,Outbound,8,"Ravens Lane, Tunstall",21:43,21:45,Every 15m,Weekday,£1.20,None
7,Outbound,1,Hanley Bus Station,20:58,21:00,Every 15m,Weekday,£2.50,"6A, 9"
7,Outbound,2,"Town Road, Hanley",21:08,21:10,Every 15m,Weekday,£2.00,21
7,Outbound,3,"Hope Street, Hanley",21:13,21:15,Every 15m,Weekday,£2.00,None
7,Outbound,4,Cobridge Traffic Lights,21:20,21:22,Every 15m,Weekday,£1.80,23
7,Outbound,5,"Hulton Street, Burslem",21:28,21:30,Every 15m,Weekday,£1.50,None
7,Outbound,6,"Waterloo Road, Cobridge",21:38,21:40,Every 15m,Weekday,£1.50,None
7,Outbound,7,"High Lane, Chell",21:48,21:50,Every 15m,Weekday,£1.30,None
7,Outbound,8,"Ravens Lane, Tunstall",21:58,22:00,Every 15m,Weekday,£1.20,None
7,Outbound,1,Hanley Bus Station,21:13,21:15,Every 15m,Weekday,£2.50,"6A, 9"
7,Outbound,2,"Town Road, Hanley",21:23,21:25,Every 15m,Weekday,£2.00,21
7,Outbound,3,"Hope Street, Hanley",21:28,21:30,Every 15m,Weekday,£2.00,None
7,Outbound,4,Cobridge Traffic Lights,21:35,21:37,Every 15m,Weekday,£1.80,23
7,Outbound,5,"Hulton Street, Burslem",21:43,21:45,Every 15m,Weekday,£1.50,None
7,Outbound,6,"Waterloo Road, Cobridge",21:53,21:55,Every 15m,Weekday,£1.50,None
7,Outbound,7,"High Lane, Chell",22:03,22:05,Every 15m,Weekday,£1.30,None
7,Outbound,8,"Ravens Lane, Tunstall",22:13,22:15,Every 15m,Weekday,£1.20,None
7,Outbound,1,Hanley Bus Station,21:28,21:30,Every 15m,Weekday,£2.50,"6A, 9"
7,Outbound,2,"Town Road, Hanley",21:38,21:40,Every 15m,Weekday,£2.00,21
7,Outbound,3,"Hope Street, Hanley",21:43,21:45,Every 15m,Weekday,£2.00,None
7,Outbound,4,Cobridge Traffic Lights,21:50,21:52,Every 15m,Weekday,£1.80,23
7,Outbound,5,"Hulton Street, Burslem",21:58,22:00,Every 15m,Weekday,£1.50,None
7,Outbound,6,"Waterloo Road, Cobridge",22:08,22:10,Every 15m,Weekday,£1.50,None
7,Outbound,7,"High Lane, Chell",22:18,22:20,Every 15m,Weekday,£1.30,None
7,Outbound,8,"Ravens Lane, Tunstall",22:28,22:30,Every 15m,Weekday,£1.20,None
7,Outbound,1,Hanley Bus Station,21:43,21:45,Every 15m,Weekday,£2.50,"6A, 9"
7,Outbound,2,"Town Road, Hanley",21:53,21:55,Every 15m,Weekday,£2.00,21
7,Outbound,3,"Hope Street, Hanley",21:58,22:00,Every 15m,Weekday,£2.00,None
7,Outbound,4,Cobridge Traffic Lights,22:05,22:07,Every 15m,Weekday,£1.80,23
7,Outbound,5,"Hulton Street, Burslem",22:13,22:15,Every 15m,Weekday,£1.50,None
7,Outbound,6,"Waterloo Road, Cobridge",22:23,22:25,Every 15m,Weekday,£1.50,None
7,Outbound,7,"High Lane, Chell",22:33,22:35,Every 15m,Weekday,£1.30,None
7,Outbound,8,"Ravens Lane, Tunstall",22:43,22:45,Every 15m,Weekday,£1.20,None
7,Outbound,1,Hanley Bus Station,21:58,22:00,Every 15m,Weekday,£2.50,"6A, 9"
7,Outbound,2,"Town Road, Hanley",22:08,22:10,Every 15m,Weekday,£2.00,21
7,Outbound,3,"Hope Street, Hanley",22:13,22:15,Every 15m,Weekday,£2.00,None
7,Outbound,4,Cobridge Traffic Lights,22:20,22:22,Every 15m,Weekday,£1.80,23
7,Outbound,5,"Hulton Street, Burslem",22:28,22:30,Every 15m,Weekday,£1.50,None
7,Outbound,6,"Waterloo Road, Cobridge",22:38,22:40,Every 15m,Weekday,£1.50,None
7,Outbound,7,"High Lane, Chell",22:48,22:50,Every 15m,Weekday,£1.30,None
7,Outbound,8,"Ravens Lane, Tunstall",22:58,23:00,Every 15m,Weekday,£1.20,None
9,Inbound,1,Kidsgrove,05:58,06:00,Every 30m,Weekday,£1.80,None
9,Inbound,2,Tunstall,06:08,06:10,Every 30m,Weekday,£2.00,None
9,Inbound,3,"Waterloo Road, Cobridge",06:18,06:20,Every 30m,Weekday,£2.50,None
9,Inbound,4,"Town Road, Hanley",06:28,06:30,Every 30m,Weekday,£2.50,22
9,Inbound,5,Hanley Bus Station,06:38,06:40,Every 30m,Weekday,£3.00,23
9,Inbound,1,Kidsgrove,06:13,06:15,Every 30m,Weekday,£1.80,None
9,Inbound,2,Tunstall,06:23,06:25,Every 30m,Weekday,£2.00,None
9,Inbound,3,"Waterloo Road, Cobridge",06:33,06:35,Every 30m,Weekday,£2.50,None
9,Inbound,4,"Town Road, Hanley",06:43,06:45,Every 30m,Weekday,£2.50,22
9,Inbound,5,Hanley Bus Station,06:53,06:55,Every 30m,Weekday,£3.00,23
9,Inbound,1,Kidsgrove,06:28,06:30,Every 30m,Weekday,£1.80,None
9,Inbound,2,Tunstall,06:38,06:40,Every 30m,Weekday,£2.00,None
9,Inbound,3,"Waterloo Road, Cobridge",06:48,06:50,Every 30m,Weekday,£2.50,None
9,Inbound,4,"Town Road, Hanley",06:58,07:00,Every 30m,Weekday,£2.50,22
9,Inbound,5,Hanley Bus Station,07:08,07:10,Every 30m,Weekday,£3.00,23
9,Inbound,1,Kidsgrove,06:43,06:45,Every 30m,Weekday,£1.80,None
9,Inbound,2,Tunstall,06:53,06:55,Every 30m,Weekday,£2.00,None
9,Inbound,3,"Waterloo Road, Cobridge",07:03,07:05,Every 30m,Weekday,£2.50,None
9,Inbound,4,"Town Road, Hanley",07:13,07:15,Every 30m,Weekday,£2.50,22
9,Inbound,5,Hanley Bus Station,07:23,07:25,Every 30m,Weekday,£3.00,23
9,Inbound,1,Kidsgrove,06:58,07:00,Every 30m,Weekday,£1.80,None
9,Inbound,2,Tunstall,07:08,07:10,Every 30m,Weekday,£2.00,None
9,Inbound,3,"Waterloo Road, Cobridge",07:18,07:20,Every 30m,Weekday,£2.50,None
9,Inbound,4,"Town Road, Hanley",07:28,07:30,Every 30m,Weekday,£2.50,22
9,Inbound,5,Hanley Bus Station,07:38,07:40,Every 30m,Weekday,£3.00,23
9,Inbound,1,Kidsgrove,07:13,07:15,Every 30m,Weekday,£1.80,None
9,Inbound,2,Tunstall,07:23,07:25,Every 30m,Weekday,£2.00,None
9,Inbound,3,"Waterloo Road, Cobridge",07:33,07:35,Every 30m,Weekday,£2.50,None
9,Inbound,4,"Town Road, Hanley",07:43,07:45,Every 30m,Weekday,£2.50,22
9,Inbound,5,Hanley Bus Station,07:53,07:55,Every 30m,Weekday,£3.00,23
9,Inbound,1,Kidsgrove,07:28,07:30,Every 30m,Weekday,£1.80,None
9,Inbound,2,Tunstall,07:38,07:40,Every 30m,Weekday,£2.00,None
9,Inbound,3,"Waterloo Road, Cobridge",07:48,07:50,Every 30m,Weekday,£2.50,None
9,Inbound,4,"Town Road, Hanley",07:58,08:00,Every 30m,Weekday,£2.50,22
9,Inbound,5,Hanley Bus Station,08:08,08:10,Every 30m,Weekday,£3.00,23
9,Inbound,1,Kidsgrove,07:43,07:45,Every 30m,Weekday,£1.80,None
9,Inbound,2,Tunstall,07:53,07:55,Every 30m,Weekday,£2.00,None
9,Inbound,3,"Waterloo Road, Cobridge",08:03,08:05,Every 30m,Weekday,£2.50,None
9,Inbound,4,"Town Road, Hanley",08:13,08:15,Every 30m,Weekday,£2.50,22
9,Inbound,5,Hanley Bus Station,08:23,08:25,Every 30m,Weekday,£3.00,23
9,Inbound,1,Kidsgrove,07:58,08:00,Every 30m,Weekday,£1.80,None
9,Inbound,2,Tunstall,08:08,08:10,Every 30m,Weekday,£2.00,None
9,Inbound,3,"Waterloo Road, Cobridge",08:18,08:20,Every 30m,Weekday,£2.50,None
9,Inbound,4,"Town Road, Hanley",08:28,08:30,Every 30m,Weekday,£2.50,22
9,Inbound,5,Hanley Bus Station,08:38,08:40,Every 30m,Weekday,£3.00,23
9,Inbound,1,Kidsgrove,08:13,08:15,Every 30m,Weekday,£1.80,None
9,Inbound,2,Tunstall,08:23,08:25,Every 30m,Weekday,£2.00,None
9,Inbound,3,"Waterloo Road, Cobridge",08:33,08:35,Every 30m,Weekday,£2.50,None
9,Inbound,4,"Town Road, Hanley",08:43,08:45,Every 30m,Weekday,£2.50,22
9,Inbound,5,Hanley Bus Station,08:53,08:55,Every 30m,Weekday,£3.00,23
9,Inbound,1,Kidsgrove,08:28,08:30,Every 30m,Weekday,£1.80,None
9,Inbound,2,Tunstall,08:38,08:40,Every 30m,Weekday,£2.00,None
9,Inbound,3,"Waterloo Road, Cobridge",08:48,08:50,Every 30m,Weekday,£2.50,None
9,Inbound,4,"Town Road, Hanley",08:58,09:00,Every 30m,Weekday,£2.50,22
9,Inbound,5,Hanley Bus Station,09:08,09:10,Every 30m,Weekday,£3.00,23
9,Inbound,1,Kidsgrove,08:43,08:45,Every 30m,Weekday,£1.80,None
9,Inbound,2,Tunstall,08:53,08:55,Every 30m,Weekday,£2.00,None
9,Inbound,3,"Waterloo Road, Cobridge",09:03,09:05,Every 30m,Weekday,£2.50,None
9,Inbound,4,"Town Road, Hanley",09:13,09:15,Every 30m,Weekday,£2.50,22
9,Inbound,5,Hanley Bus Station,09:23,09:25,Every 30m,Weekday,£3.00,23
9,Inbound,1,Kidsgrove,08:58,09:00,Every 30m,Weekday,£1.80,None
9,Inbound,2,Tunstall,09:08,09:10,Every 30m,Weekday,£2.00,None
9,Inbound,3,"Waterloo Road, Cobridge",09:18,09:20,Every 30m,Weekday,£2.50,None
9,Inbound,4,"Town Road, Hanley",09:28,09:30,Every 30m,Weekday,£2.50,22
9,Inbound,5,Hanley Bus Station,09:38,09:40,Every 30m,Weekday,£3.00,23
9,Inbound,1,Kidsgrove,09:13,09:15,Every 30m,Weekday,£1.80,None
9,Inbound,2,Tunstall,09:23,09:25,Every 30m,Weekday,£2.00,None
9,Inbound,3,"Waterloo Road, Cobridge",09:33,09:35,Every 30m,Weekday,£2.50,None
9,Inbound,4,"Town Road, Hanley",09:43,09:45,Every 30m,Weekday,£2.50,22
9,Inbound,5,Hanley Bus Station,09:53,09:55,Every 30m,Weekday,£3.00,23
9,Inbound,1,Kidsgrove,09:28,09:30,Every 30m,Weekday,£1.80,None
9,Inbound,2,Tunstall,09:38,09:40,Every 30m,Weekday,£2.00,None
9,Inbound,3,"Waterloo Road, Cobridge",09:48,09:50,Every 30m,Weekday,£2.50,None
9,Inbound,4,"Town Road, Hanley",09:58,10:00,Every 30m,Weekday,£2.50,22
9,Inbound,5,Hanley Bus Station,10:08,10:10,Every 30m,Weekday,£3.00,23
9,Inbound,1,Kidsgrove,09:43,09:45,Every 30m,Weekday,£1.80,None
9,Inbound,2,Tunstall,09:53,09:55,Every 30m,Weekday,£2.00,None
9,Inbound,3,"Waterloo Road, Cobridge",10:03,10:05,Every 30m,Weekday,£2.50,None
9,Inbound,4,"Town Road, Hanley",10:13,10:15,Every 30m,Weekday,£2.50,22
9,Inbound,5,Hanley Bus Station,10:23,10:25,Every 30m,Weekday,£3.00,23
9,Inbound,1,Kidsgrove,09:58,10:00,Every 30m,Weekday,£1.80,None
9,Inbound,2,Tunstall,10:08,10:10,Every 30m,Weekday,£2.00,None
9,Inbound,3,"Waterloo Road, Cobridge",10:18,10:20,Every 30m,Weekday,£2.50,None
9,Inbound,4,"Town Road, Hanley",10:28,10:30,Every 30m,Weekday,£2.50,22
9,Inbound,5,Hanley Bus Station,10:38,10:40,Every 30m,Weekday,£3.00,23
9,Inbound,1,Kidsgrove,10:13,10:15,Every 30m,Weekday,£1.80,None
9,Inbound,2,Tunstall,10:23,10:25,Every 30m,Weekday,£2.00,None
9,Inbound,3,"Waterloo Road, Cobridge",10:33,10:35,Every 30m,Weekday,£2.50,None
9,Inbound,4,"Town Road, Hanley",10:43,10:45,Every 30m,Weekday,£2.50,22
9,Inbound,5,Hanley Bus Station,10:53,10:55,Every 30m,Weekday,£3.00,23
9,Inbound,1,Kidsgrove,10:28,10:30,Every 30m,Weekday,£1.80,None
9,Inbound,2,Tunstall,10:38,10:40,Every 30m,Weekday,£2.00,None
9,Inbound,3,"Waterloo Road, Cobridge",10:48,10:50,Every 30m,Weekday,£2.50,None
9,Inbound,4,"Town Road, Hanley",10:58,11:00,Every 30m,Weekday,£2.50,22
9,Inbound,5,Hanley Bus Station,11:08,11:10,Every 30m,Weekday,£3.00,23
9,Inbound,1,Kidsgrove,10:43,10:45,Every 30m,Weekday,£1.80,None
9,Inbound,2,Tunstall,10:53,10:55,Every 30m,Weekday,£2.00,None
9,Inbound,3,"Waterloo Road, Cobridge",11:03,11:05,Every 30m,Weekday,£2.50,None
9,Inbound,4,"Town Road, Hanley",11:13,11:15,Every 30m,Weekday,£2.50,22
9,Inbound,5,Hanley Bus Station,11:23,11:25,Every 30m,Weekday,£3.00,23
9,Inbound,1,Kidsgrove,10:58,11:00,Every 30m,Weekday,£1.80,None
9,Inbound,2,Tunstall,11:08,11:10,Every 30m,Weekday,£2.00,None
9,Inbound,3,"Waterloo Road, Cobridge",11:18,11:20,Every 30m,Weekday,£2.50,None
9,Inbound,4,"Town Road, Hanley",11:28,11:30,Every 30m,Weekday,£2.50,22
9,Inbound,5,Hanley Bus Station,11:38,11:40,Every 30m,Weekday,£3.00,23
9,Inbound,1,Kidsgrove,11:13,11:15,Every 30m,Weekday,£1.80,None
9,Inbound,2,Tunstall,11:23,11:25,Every 30m,Weekday,£2.00,None
9,Inbound,3,"Waterloo Road, Cobridge",11:33,11:35,Every 30m,Weekday,£2.50,None
9,Inbound,4,"Town Road, Hanley",11:43,11:45,Every 30m,Weekday,£2.50,22
9,Inbound,5,Hanley Bus Station,11:53,11:55,Every 30m,Weekday,£3.00,23
9,Inbound,1,Kidsgrove,11:28,11:30,Every 30m,Weekday,£1.80,None
9,Inbound,2,Tunstall,11:38,11:40,Every 30m,Weekday,£2.00,None
9,Inbound,3,"Waterloo Road, Cobridge",11:48,11:50,Every 30m,Weekday,£2.50,None
9,Inbound,4,"Town Road, Hanley",11:58,12:00,Every 30m,Weekday,£2.50,22
9,Inbound,5,Hanley Bus Station,12:08,12:10,Every 30m,Weekday,£3.00,23
9,Inbound,1,Kidsgrove,11:43,11:45,Every 30m,Weekday,£1.80,None
9,Inbound,2,Tunstall,11:53,11:55,Every 30m,Weekday,£2.00,None
9,Inbound,3,"Waterloo Road, Cobridge",12:03,12:05,Every 30m,Weekday,£2.50,None
9,Inbound,4,"Town Road, Hanley",12:13,12:15,Every 30m,Weekday,£2.50,22
9,Inbound,5,Hanley Bus Station,12:23,12:25,Every 30m,Weekday,£3.00,23
9,Inbound,1,Kidsgrove,11:58,12:00,Every 30m,Weekday,£1.80,None
9,Inbound,2,Tunstall,12:08,12:10,Every 30m,Weekday,£2.00,None
9,Inbound,3,"Waterloo Road, Cobridge",12:18,12:20,Every 30m,Weekday,£2.50,None
9,Inbound,4,"Town Road, Hanley",12:28,12:30,Every 30m,Weekday,£2.50,22
9,Inbound,5,Hanley Bus Station,12:38,12:40,Every 30m,Weekday,£3.00,23
9,Inbound,1,Kidsgrove,12:13,12:15,Every 30m,Weekday,£1.80,None
9,Inbound,2,Tunstall,12:23,12:25,Every 30m,Weekday,£2.00,None
9,Inbound,3,"Waterloo Road, Cobridge",12:33,12:35,Every 30m,Weekday,£2.50,None
9,Inbound,4,"Town Road, Hanley",12:43,12:45,Every 30m,Weekday,£2.50,22
9,Inbound,5,Hanley Bus Station,12:53,12:55,Every 30m,Weekday,£3.00,23
9,Inbound,1,Kidsgrove,12:28,12:30,Every 30m,Weekday,£1.80,None
9,Inbound,2,Tunstall,12:38,12:40,Every 30m,Weekday,£2.00,None
9,Inbound,3,"Waterloo Road, Cobridge",12:48,12:50,Every 30m,Weekday,£2.50,None
9,Inbound,4,"Town Road, Hanley",12:58,13:00,Every 30m,Weekday,£2.50,22
9,Inbound,5,Hanley Bus Station,13:08,13:10,Every 30m,Weekday,£3.00,23
9,Inbound,1,Kidsgrove,12:43,12:45,Every 30m,Weekday,£1.80,None
9,Inbound,2,Tunstall,12:53,12:55,Every 30m,Weekday,£2.00,None
9,Inbound,3,"Waterloo Road, Cobridge",13:03,13:05,Every 30m,Weekday,£2.50,None
9,Inbound,4,"Town Road, Hanley",13:13,13:15,Every 30m,Weekday,£2.50,22
9,Inbound,5,Hanley Bus Station,13:23,13:25,Every 30m,Weekday,£3.00,23
9,Inbound,1,Kidsgrove,12:58,13:00,Every 30m,Weekday,£1.80,None
9,Inbound,2,Tunstall,13:08,13:10,Every 30m,Weekday,£2.00,None
9,Inbound,3,"Waterloo Road, Cobridge",13:18,13:20,Every 30m,Weekday,£2.50,None
9,Inbound,4,"Town Road, Hanley",13:28,13:30,Every 30m,Weekday,£2.50,22
9,Inbound,5,Hanley Bus Station,13:38,13:40,Every 30m,Weekday,£3.00,23
9,Inbound,1,Kidsgrove,13:13,13:15,Every 30m,Weekday,£1.80,None
9,Inbound,2,Tunstall,13:23,13:25,Every 30m,Weekday,£2.00,None
9,Inbound,3,"Waterloo Road, Cobridge",13:33,13:35,Every 30m,Weekday,£2.50,None
9,Inbound,4,"Town Road, Hanley",13:43,13:45,Every 30m,Weekday,£2.50,22
9,Inbound,5,Hanley Bus Station,13:53,13:55,Every 30m,Weekday,£3.00,23
9,Inbound,1,Kidsgrove,13:28,13:30,Every 30m,Weekday,£1.80,None
9,Inbound,2,Tunstall,13:38,13:40,Every 30m,Weekday,£2.00,None
9,Inbound,3,"Waterloo Road, Cobridge",13:48,13:50,Every 30m,Weekday,£2.50,None
9,Inbound,4,"Town Road, Hanley",13:58,14:00,Every 30m,Weekday,£2.50,22
9,Inbound,5,Hanley Bus Station,14:08,14:10,Every 30m,Weekday,£3.00,23
9,Inbound,1,Kidsgrove,13:43,13:45,Every 30m,Weekday,£1.80,None
9,Inbound,2,Tunstall,13:53,13:55,Every 30m,Weekday,£2.00,None
9,Inbound,3,"Waterloo Road, Cobridge",14:03,14:05,Every 30m,Weekday,£2.50,None
9,Inbound,4,"Town Road, Hanley",14:13,14:15,Every 30m,Weekday,£2.50,22
9,Inbound,5,Hanley Bus Station,14:23,14:25,Every 30m,Weekday,£3.00,23
9,Inbound,1,Kidsgrove,13:58,14:00,Every 30m,Weekday,£1.80,None
9,Inbound,2,Tunstall,14:08,14:10,Every 30m,Weekday,£2.00,None
9,Inbound,3,"Waterloo Road, Cobridge",14:18,14:20,Every 30m,Weekday,£2.50,None
9,Inbound,4,"Town Road, Hanley",14:28,14:30,Every 30m,Weekday,£2.50,22
9,Inbound,5,Hanley Bus Station,14:38,14:40,Every 30m,Weekday,£3.00,23
9,Inbound,1,Kidsgrove,14:13,14:15,Every 30m,Weekday,£1.80,None
9,Inbound,2,Tunstall,14:23,14:25,Every 30m,Weekday,£2.00,None
9,Inbound,3,"Waterloo Road, Cobridge",14:33,14:35,Every 30m,Weekday,£2.50,None
9,Inbound,4,"Town Road, Hanley",14:43,14:45,Every 30m,Weekday,£2.50,22
9,Inbound,5,Hanley Bus Station,14:53,14:55,Every 30m,Weekday,£3.00,23
9,Inbound,1,Kidsgrove,14:28,14:30,Every 30m,Weekday,£1.80,None
9,Inbound,2,Tunstall,14:38,14:40,Every 30m,Weekday,£2.00,None
9,Inbound,3,"Waterloo Road, Cobridge",14:48,14:50,Every 30m,Weekday,£2.50,None
9,Inbound,4,"Town Road, Hanley",14:58,15:00,Every 30m,Weekday,£2.50,22
9,Inbound,5,Hanley Bus Station,15:08,15:10,Every 30m,Weekday,£3.00,23
9,Inbound,1,Kidsgrove,14:43,14:45,Every 30m,Weekday,£1.80,None
9,Inbound,2,Tunstall,14:53,14:55,Every 30m,Weekday,£2.00,None
9,Inbound,3,"Waterloo Road, Cobridge",15:03,15:05,Every 30m,Weekday,£2.50,None
9,Inbound,4,"Town Road, Hanley",15:13,15:15,Every 30m,Weekday,£2.50,22
9,Inbound,5,Hanley Bus Station,15:23,15:25,Every 30m,Weekday,£3.00,23
9,Inbound,1,Kidsgrove,14:58,15:00,Every 30m,Weekday,£1.80,None
9,Inbound,2,Tunstall,15:08,15:10,Every 30m,Weekday,£2.00,None
9,Inbound,3,"Waterloo Road, Cobridge",15:18,15:20,Every 30m,Weekday,£2.50,None
9,Inbound,4,"Town Road, Hanley",15:28,15:30,Every 30m,Weekday,£2.50,22
9,Inbound,5,Hanley Bus Station,15:38,15:40,Every 30m,Weekday,£3.00,23
9,Inbound,1,Kidsgrove,15:13,15:15,Every 30m,Weekday,£1.80,None
9,Inbound,2,Tunstall,15:23,15:25,Every 30m,Weekday,£2.00,None
9,Inbound,3,"Waterloo Road, Cobridge",15:33,15:35,Every 30m,Weekday,£2.50,None
9,Inbound,4,"Town Road, Hanley",15:43,15:45,Every 30m,Weekday,£2.50,22
9,Inbound,5,Hanley Bus Station,15:53,15:55,Every 30m,Weekday,£3.00,23
9,Inbound,1,Kidsgrove,15:28,15:30,Every 30m,Weekday,£1.80,None
9,Inbound,2,Tunstall,15:38,15:40,Every 30m,Weekday,£2.00,None
9,Inbound,3,"Waterloo Road, Cobridge",15:48,15:50,Every 30m,Weekday,£2.50,None
9,Inbound,4,"Town Road, Hanley",15:58,16:00,Every 30m,Weekday,£2.50,22
9,Inbound,5,Hanley Bus Station,16:08,16:10,Every 30m,Weekday,£3.00,23
9,Inbound,1,Kidsgrove,15:43,15:45,Every 30m,Weekday,£1.80,None
9,Inbound,2,Tunstall,15:53,15:55,Every 30m,Weekday,£2.00,None
9,Inbound,3,"Waterloo Road, Cobridge",16:03,16:05,Every 30m,Weekday,£2.50,None
9,Inbound,4,"Town Road, Hanley",16:13,16:15,Every 30m,Weekday,£2.50,22
9,Inbound,5,Hanley Bus Station,16:23,16:25,Every 30m,Weekday,£3.00,23
9,Inbound,1,Kidsgrove,15:58,16:00,Every 30m,Weekday,£1.80,None
9,Inbound,2,Tunstall,16:08,16:10,Every 30m,Weekday,£2.00,None
9,Inbound,3,"Waterloo Road, Cobridge",16:18,16:20,Every 30m,Weekday,£2.50,None
9,Inbound,4,"Town Road, Hanley",16:28,16:30,Every 30m,Weekday,£2.50,22
9,Inbound,5,Hanley Bus Station,16:38,16:40,Every 30m,Weekday,£3.00,23
9,Inbound,1,Kidsgrove,16:13,16:15,Every 30m,Weekday,£1.80,None
9,Inbound,2,Tunstall,16:23,16:25,Every 30m,Weekday,£2.00,None
9,Inbound,3,"Waterloo Road, Cobridge",16:33,16:35,Every 30m,Weekday,£2.50,None
9,Inbound,4,"Town Road, Hanley",16:43,16:45,Every 30m,Weekday,£2.50,22
9,Inbound,5,Hanley Bus Station,16:53,16:55,Every 30m,Weekday,£3.00,23
9,Inbound,1,Kidsgrove,16:28,16:30,Every 30m,Weekday,£1.80,None
9,Inbound,2,Tunstall,16:38,16:40,Every 30m,Weekday,£2.00,None
9,Inbound,3,"Waterloo Road, Cobridge",16:48,16:50,Every 30m,Weekday,£2.50,None
9,Inbound,4,"Town Road, Hanley",16:58,17:00,Every 30m,Weekday,£2.50,22
9,Inbound,5,Hanley Bus Station,17:08,17:10,Every 30m,Weekday,£3.00,23
9,Inbound,1,Kidsgrove,16:43,16:45,Every 30m,Weekday,£1.80,None
9,Inbound,2,Tunstall,16:53,16:55,Every 30m,Weekday,£2.00,None
9,Inbound,3,"Waterloo Road, Cobridge",17:03,17:05,Every 30m,Weekday,£2.50,None
9,Inbound,4,"Town Road, Hanley",17:13,17:15,Every 30m,Weekday,£2.50,22
9,Inbound,5,Hanley Bus Station,17:23,17:25,Every 30m,Weekday,£3.00,23
9,Inbound,1,Kidsgrove,16:58,17:00,Every 30m,Weekday,£1.80,None
9,Inbound,2,Tunstall,17:08,17:10,Every 30m,Weekday,£2.00,None
9,Inbound,3,"Waterloo Road, Cobridge",17:18,17:20,Every 30m,Weekday,£2.50,None
9,Inbound,4,"Town Road, Hanley",17:28,17:30,Every 30m,Weekday,£2.50,22
9,Inbound,5,Hanley Bus Station,17:38,17:40,Every 30m,Weekday,£3.00,23
9,Inbound,1,Kidsgrove,17:13,17:15,Every 30m,Weekday,£1.80,None
9,Inbound,2,Tunstall,17:23,17:25,Every 30m,Weekday,£2.00,None
9,Inbound,3,"Waterloo Road, Cobridge",17:33,17:35,Every 30m,Weekday,£2.50,None
9,Inbound,4,"Town Road, Hanley",17:43,17:45,Every 30m,Weekday,£2.50,22
9,Inbound,5,Hanley Bus Station,17:53,17:55,Every 30m,Weekday,£3.00,23
9,Inbound,1,Kidsgrove,17:28,17:30,Every 30m,Weekday,£1.80,None
9,Inbound,2,Tunstall,17:38,17:40,Every 30m,Weekday,£2.00,None
9,Inbound,3,"Waterloo Road, Cobridge",17:48,17:50,Every 30m,Weekday,£2.50,None
9,Inbound,4,"Town Road, Hanley",17:58,18:00,Every 30m,Weekday,£2.50,22
9,Inbound,5,Hanley Bus Station,18:08,18:10,Every 30m,Weekday,£3.00,23
9,Inbound,1,Kidsgrove,17:43,17:45,Every 30m,Weekday,£1.80,None
9,Inbound,2,Tunstall,17:53,17:55,Every 30m,Weekday,£2.00,None
9,Inbound,3,"Waterloo Road, Cobridge",18:03,18:05,Every 30m,Weekday,£2.50,None
9,Inbound,4,"Town Road, Hanley",18:13,18:15,Every 30m,Weekday,£2.50,22
9,Inbound,5,Hanley Bus Station,18:23,18:25,Every 30m,Weekday,£3.00,23
9,Inbound,1,Kidsgrove,17:58,18:00,Every 30m,Weekday,£1.80,None
9,Inbound,2,Tunstall,18:08,18:10,Every 30m,Weekday,£2.00,None
9,Inbound,3,"Waterloo Road, Cobridge",18:18,18:20,Every 30m,Weekday,£2.50,None
9,Inbound,4,"Town Road, Hanley",18:28,18:30,Every 30m,Weekday,£2.50,22
9,Inbound,5,Hanley Bus Station,18:38,18:40,Every 30m,Weekday,£3.00,23
9,Inbound,1,Kidsgrove,18:13,18:15,Every 30m,Weekday,£1.80,None
9,Inbound,2,Tunstall,18:23,18:25,Every 30m,Weekday,£2.00,None
9,Inbound,3,"Waterloo Road, Cobridge",18:33,18:35,Every 30m,Weekday,£2.50,None
9,Inbound,4,"Town Road, Hanley",18:43,18:45,Every 30m,Weekday,£2.50,22
9,Inbound,5,Hanley Bus Station,18:53,18:55,Every 30m,Weekday,£3.00,23
9,Inbound,1,Kidsgrove,18:28,18:30,Every 30m,Weekday,£1.80,None
9,Inbound,2,Tunstall,18:38,18:40,Every 30m,Weekday,£2.00,None
9,Inbound,3,"Waterloo Road, Cobridge",18:48,18:50,Every 30m,Weekday,£2.50,None
9,Inbound,4,"Town Road, Hanley",18:58,19:00,Every 30m,Weekday,£2.50,22
9,Inbound,5,Hanley Bus Station,19:08,19:10,Every 30m,Weekday,£3.00,23
9,Inbound,1,Kidsgrove,18:43,18:45,Every 30m,Weekday,£1.80,None
9,Inbound,2,Tunstall,18:53,18:55,Every 30m,Weekday,£2.00,None
9,Inbound,3,"Waterloo Road, Cobridge",19:03,19:05,Every 30m,Weekday,£2.50,None
9,Inbound,4,"Town Road, Hanley",19:13,19:15,Every 30m,Weekday,£2.50,22
9,Inbound,5,Hanley Bus Station,19:23,19:25,Every 30m,Weekday,£3.00,23
9,Inbound,1,Kidsgrove,18:58,19:00,Every 30m,Weekday,£1.80,None
9,Inbound,2,Tunstall,19:08,19:10,Every 30m,Weekday,£2.00,None
9,Inbound,3,"Waterloo Road, Cobridge",19:18,19:20,Every 30m,Weekday,£2.50,None
9,Inbound,4,"Town Road, Hanley",19:28,19:30,Every 30m,Weekday,£2.50,22
9,Inbound,5,Hanley Bus Station,19:38,19:40,Every 30m,Weekday,£3.00,23
9,Inbound,1,Kidsgrove,19:13,19:15,Every 30m,Weekday,£1.80,None
9,Inbound,2,Tunstall,19:23,19:25,Every 30m,Weekday,£2.00,None
9,Inbound,3,"Waterloo Road, Cobridge",19:33,19:35,Every 30m,Weekday,£2.50,None
9,Inbound,4,"Town Road, Hanley",19:43,19:45,Every 30m,Weekday,£2.50,22
9,Inbound,5,Hanley Bus Station,19:53,19:55,Every 30m,Weekday,£3.00,23
9,Inbound,1,Kidsgrove,19:28,19:30,Every 30m,Weekday,£1.80,None
9,Inbound,2,Tunstall,19:38,19:40,Every 30m,Weekday,£2.00,None
9,Inbound,3,"Waterloo Road, Cobridge",19:48,19:50,Every 30m,Weekday,£2.50,None
9,Inbound,4,"Town Road, Hanley",19:58,20:00,Every 30m,Weekday,£2.50,22
9,Inbound,5,Hanley Bus Station,20:08,20:10,Every 30m,Weekday,£3.00,23
9,Inbound,1,Kidsgrove,19:43,19:45,Every 30m,Weekday,£1.80,None
9,Inbound,2,Tunstall,19:53,19:55,Every 30m,Weekday,£2.00,None
9,Inbound,3,"Waterloo Road, Cobridge",20:03,20:05,Every 30m,Weekday,£2.50,None
9,Inbound,4,"Town Road, Hanley",20:13,20:15,Every 30m,Weekday,£2.50,22
9,Inbound,5,Hanley Bus Station,20:23,20:25,Every 30m,Weekday,£3.00,23
9,Inbound,1,Kidsgrove,19:58,20:00,Every 30m,Weekday,£1.80,None
9,Inbound,2,Tunstall,20:08,20:10,Every 30m,Weekday,£2.00,None
9,Inbound,3,"Waterloo Road, Cobridge",20:18,20:20,Every 30m,Weekday,£2.50,None
9,Inbound,4,"Town Road, Hanley",20:28,20:30,Every 30m,Weekday,£2.50,22
9,Inbound,5,Hanley Bus Station,20:38,20:40,Every 30m,Weekday,£3.00,23
9,Inbound,1,Kidsgrove,20:13,20:15,Every 30m,Weekday,£1.80,None
9,Inbound,2,Tunstall,20:23,20:25,Every 30m,Weekday,£2.00,None
9,Inbound,3,"Waterloo Road, Cobridge",20:33,20:35,Every 30m,Weekday,£2.50,None
9,Inbound,4,"Town Road, Hanley",20:43,20:45,Every 30m,Weekday,£2.50,22
9,Inbound,5,Hanley Bus Station,20:53,20:55,Every 30m,Weekday,£3.00,23
9,Inbound,1,Kidsgrove,20:28,20:30,Every 30m,Weekday,£1.80,None
9,Inbound,2,Tunstall,20:38,20:40,Every 30m,Weekday,£2.00,None
9,Inbound,3,"Waterloo Road, Cobridge",20:48,20:50,Every 30m,Weekday,£2.50,None
9,Inbound,4,"Town Road, Hanley",20:58,21:00,Every 30m,Weekday,£2.50,22
9,Inbound,5,Hanley Bus Station,21:08,21:10,Every 30m,Weekday,£3.00,23
9,Inbound,1,Kidsgrove,20:43,20:45,Every 30m,Weekday,£1.80,None
9,Inbound,2,Tunstall,20:53,20:55,Every 30m,Weekday,£2.00,None
9,Inbound,3,"Waterloo Road, Cobridge",21:03,21:05,Every 30m,Weekday,£2.50,None
9,Inbound,4,"Town Road, Hanley",21:13,21:15,Every 30m,Weekday,£2.50,22
9,Inbound,5,Hanley Bus Station,21:23,21:25,Every 30m,Weekday,£3.00,23
9,Inbound,1,Kidsgrove,20:58,21:00,Every 30m,Weekday,£1.80,None
9,Inbound,2,Tunstall,21:08,21:10,Every 30m,Weekday,£2.00,None
9,Inbound,3,"Waterloo Road, Cobridge",21:18,21:20,Every 30m,Weekday,£2.50,None
9,Inbound,4,"Town Road, Hanley",21:28,21:30,Every 30m,Weekday,£2.50,22
9,Inbound,5,Hanley Bus Station,21:38,21:40,Every 30m,Weekday,£3.00,23
9,Inbound,1,Kidsgrove,21:13,21:15,Every 30m,Weekday,£1.80,None
9,Inbound,2,Tunstall,21:23,21:25,Every 30m,Weekday,£2.00,None
9,Inbound,3,"Waterloo Road, Cobridge",21:33,21:35,Every 30m,Weekday,£2.50,None
9,Inbound,4,"Town Road, Hanley",21:43,21:45,Every 30m,Weekday,£2.50,22
9,Inbound,5,Hanley Bus Station,21:53,21:55,Every 30m,Weekday,£3.00,23
9,Inbound,1,Kidsgrove,21:28,21:30,Every 30m,Weekday,£1.80,None
9,Inbound,2,Tunstall,21:38,21:40,Every 30m,Weekday,£2.00,None
9,Inbound,3,"Waterloo Road, Cobridge",21:48,21:50,Every 30m,Weekday,£2.50,None
9,Inbound,4,"Town Road, Hanley",21:58,22:00,Every 30m,Weekday,£2.50,22
9,Inbound,5,Hanley Bus Station,22:08,22:10,Every 30m,Weekday,£3.00,23
9,Inbound,1,Kidsgrove,21:43,21:45,Every 30m,Weekday,£1.80,None
9,Inbound,2,Tunstall,21:53,21:55,Every 30m,Weekday,£2.00,None
9,Inbound,3,"Waterloo Road, Cobridge",22:03,22:05,Every 30m,Weekday,£2.50,None
9,Inbound,4,"Town Road, Hanley",22:13,22:15,Every 30m,Weekday,£2.50,22
9,Inbound,5,Hanley Bus Station,22:23,22:25,Every 30m,Weekday,£3.00,23
9,Inbound,1,Kidsgrove,21:58,22:00,Every 30m,Weekday,£1.80,None
9,Inbound,2,Tunstall,22:08,22:10,Every 30m,Weekday,£2.00,None
9,Inbound,3,"Waterloo Road, Cobridge",22:18,22:20,Every 30m,Weekday,£2.50,None
9,Inbound,4,"Town Road, Hanley",22:28,22:30,Every 30m,Weekday,£2.50,22
9,Inbound,5,Hanley Bus Station,22:38,22:40,Every 30m,Weekday,£3.00,23
9,Outbound,1,Hanley Bus Station,05:58,06:00,Every 30m,Weekday,£3.00,23
9,Outbound,2,"Town Road, Hanley",06:13,06:15,Every 30m,Weekday,£2.50,22
9,Outbound,3,"Waterloo Road, Cobridge",06:23,06:25,Every 30m,Weekday,£2.50,None
9,Outbound,4,Tunstall,06:38,06:40,Every 30m,Weekday,£2.00,None
9,Outbound,5,Kidsgrove,06:48,06:50,Every 30m,Weekday,£1.80,None
9,Outbound,1,Hanley Bus Station,06:13,06:15,Every 30m,Weekday,£3.00,23
9,Outbound,2,"Town Road, Hanley",06:28,06:30,Every 30m,Weekday,£2.50,22
9,Outbound,3,"Waterloo Road, Cobridge",06:38,06:40,Every 30m,Weekday,£2.50,None
9,Outbound,4,Tunstall,06:53,06:55,Every 30m,Weekday,£2.00,None
9,Outbound,5,Kidsgrove,07:03,07:05,Every 30m,Weekday,£1.80,None
9,Outbound,1,Hanley Bus Station,06:28,06:30,Every 30m,Weekday,£3.00,23
9,Outbound,2,"Town Road, Hanley",06:43,06:45,Every 30m,Weekday,£2.50,22
9,Outbound,3,"Waterloo Road, Cobridge",06:53,06:55,Every 30m,Weekday,£2.50,None
9,Outbound,4,Tunstall,07:08,07:10,Every 30m,Weekday,£2.00,None
9,Outbound,5,Kidsgrove,07:18,07:20,Every 30m,Weekday,£1.80,None
9,Outbound,1,Hanley Bus Station,06:43,06:45,Every 30m,Weekday,£3.00,23
9,Outbound,2,"Town Road, Hanley",06:58,07:00,Every 30m,Weekday,£2.50,22
9,Outbound,3,"Waterloo Road, Cobridge",07:08,07:10,Every 30m,Weekday,£2.50,None
9,Outbound,4,Tunstall,07:23,07:25,Every 30m,Weekday,£2.00,None
9,Outbound,5,Kidsgrove,07:33,07:35,Every 30m,Weekday,£1.80,None
9,Outbound,1,Hanley Bus Station,06:58,07:00,Every 30m,Weekday,£3.00,23
9,Outbound,2,"Town Road, Hanley",07:13,07:15,Every 30m,Weekday,£2.50,22
9,Outbound,3,"Waterloo Road, Cobridge",07:23,07:25,Every 30m,Weekday,£2.50,None
9,Outbound,4,Tunstall,07:38,07:40,Every 30m,Weekday,£2.00,None
9,Outbound,5,Kidsgrove,07:48,07:50,Every 30m,Weekday,£1.80,None
9,Outbound,1,Hanley Bus Station,07:13,07:15,Every 30m,Weekday,£3.00,23
9,Outbound,2,"Town Road, Hanley",07:28,07:30,Every 30m,Weekday,£2.50,22
9,Outbound,3,"Waterloo Road, Cobridge",07:38,07:40,Every 30m,Weekday,£2.50,None
9,Outbound,4,Tunstall,07:53,07:55,Every 30m,Weekday,£2.00,None
9,Outbound,5,Kidsgrove,08:03,08:05,Every 30m,Weekday,£1.80,None
9,Outbound,1,Hanley Bus Station,07:28,07:30,Every 30m,Weekday,£3.00,23
9,Outbound,2,"Town Road, Hanley",07:43,07:45,Every 30m,Weekday,£2.50,22
9,Outbound,3,"Waterloo Road, Cobridge",07:53,07:55,Every 30m,Weekday,£2.50,None
9,Outbound,4,Tunstall,08:08,08:10,Every 30m,Weekday,£2.00,None
9,Outbound,5,Kidsgrove,08:18,08:20,Every 30m,Weekday,£1.80,None
9,Outbound,1,Hanley Bus Station,07:43,07:45,Every 30m,Weekday,£3.00,23
9,Outbound,2,"Town Road, Hanley",07:58,08:00,Every 30m,Weekday,£2.50,22
9,Outbound,3,"Waterloo Road, Cobridge",08:08,08:10,Every 30m,Weekday,£2.50,None
9,Outbound,4,Tunstall,08:23,08:25,Every 30m,Weekday,£2.00,None
9,Outbound,5,Kidsgrove,08:33,08:35,Every 30m,Weekday,£1.80,None
9,Outbound,1,Hanley Bus Station,07:58,08:00,Every 30m,Weekday,£3.00,23
9,Outbound,2,"Town Road, Hanley",08:13,08:15,Every 30m,Weekday,£2.50,22
9,Outbound,3,"Waterloo Road, Cobridge",08:23,08:25,Every 30m,Weekday,£2.50,None
9,Outbound,4,Tunstall,08:38,08:40,Every 30m,Weekday,£2.00,None
9,Outbound,5,Kidsgrove,08:48,08:50,Every 30m,Weekday,£1.80,None
9,Outbound,1,Hanley Bus Station,08:13,08:15,Every 30m,Weekday,£3.00,23
9,Outbound,2,"Town Road, Hanley",08:28,08:30,Every 30m,Weekday,£2.50,22
9,Outbound,3,"Waterloo Road, Cobridge",08:38,08:40,Every 30m,Weekday,£2.50,None
9,Outbound,4,Tunstall,08:53,08:55,Every 30m,Weekday,£2.00,None
9,Outbound,5,Kidsgrove,09:03,09:05,Every 30m,Weekday,£1.80,None
9,Outbound,1,Hanley Bus Station,08:28,08:30,Every 30m,Weekday,£3.00,23
9,Outbound,2,"Town Road, Hanley",08:43,08:45,Every 30m,Weekday,£2.50,22
9,Outbound,3,"Waterloo Road, Cobridge",08:53,08:55,Every 30m,Weekday,£2.50,None
9,Outbound,4,Tunstall,09:08,09:10,Every 30m,Weekday,£2.00,None
9,Outbound,5,Kidsgrove,09:18,09:20,Every 30m,Weekday,£1.80,None
9,Outbound,1,Hanley Bus Station,08:43,08:45,Every 30m,Weekday,£3.00,23
9,Outbound,2,"Town Road, Hanley",08:58,09:00,Every 30m,Weekday,£2.50,22
9,Outbound,3,"Waterloo Road, Cobridge",09:08,09:10,Every 30m,Weekday,£2.50,None
9,Outbound,4,Tunstall,09:23,09:25,Every 30m,Weekday,£2.00,None
9,Outbound,5,Kidsgrove,09:33,09:35,Every 30m,Weekday,£1.80,None
9,Outbound,1,Hanley Bus Station,08:58,09:00,Every 30m,Weekday,£3.00,23
9,Outbound,2,"Town Road, Hanley",09:13,09:15,Every 30m,Weekday,£2.50,22
9,Outbound,3,"Waterloo Road, Cobridge",09:23,09:25,Every 30m,Weekday,£2.50,None
9,Outbound,4,Tunstall,09:38,09:40,Every 30m,Weekday,£2.00,None
9,Outbound,5,Kidsgrove,09:48,09:50,Every 30m,Weekday,£1.80,None
9,Outbound,1,Hanley Bus Station,09:13,09:15,Every 30m,Weekday,£3.00,23
9,Outbound,2,"Town Road, Hanley",09:28,09:30,Every 30m,Weekday,£2.50,22
9,Outbound,3,"Waterloo Road, Cobridge",09:38,09:40,Every 30m,Weekday,£2.50,None
9,Outbound,4,Tunstall,09:53,09:55,Every 30m,Weekday,£2.00,None
9,Outbound,5,Kidsgrove,10:03,10:05,Every 30m,Weekday,£1.80,None
9,Outbound,1,Hanley Bus Station,09:28,09:30,Every 30m,Weekday,£3.00,23
9,Outbound,2,"Town Road, Hanley",09:43,09:45,Every 30m,Weekday,£2.50,22
9,Outbound,3,"Waterloo Road, Cobridge",09:53,09:55,Every 30m,Weekday,£2.50,None
9,Outbound,4,Tunstall,10:08,10:10,Every 30m,Weekday,£2.00,None
9,Outbound,5,Kidsgrove,10:18,10:20,Every 30m,Weekday,£1.80,None
9,Outbound,1,Hanley Bus Station,09:43,09:45,Every 30m,Weekday,£3.00,23
9,Outbound,2,"Town Road, Hanley",09:58,10:00,Every 30m,Weekday,£2.50,22
9,Outbound,3,"Waterloo Road, Cobridge",10:08,10:10,Every 30m,Weekday,£2.50,None
9,Outbound,4,Tunstall,10:23,10:25,Every 30m,Weekday,£2.00,None
9,Outbound,5,Kidsgrove,10:33,10:35,Every 30m,Weekday,£1.80,None
9,Outbound,1,Hanley Bus Station,09:58,10:00,Every 30m,Weekday,£3.00,23
9,Outbound,2,"Town Road, Hanley",10:13,10:15,Every 30m,Weekday,£2.50,22
9,Outbound,3,"Waterloo Road, Cobridge",10:23,10:25,Every 30m,Weekday,£2.50,None
9,Outbound,4,Tunstall,10:38,10:40,Every 30m,Weekday,£2.00,None
9,Outbound,5,Kidsgrove,10:48,10:50,Every 30m,Weekday,£1.80,None
9,Outbound,1,Hanley Bus Station,10:13,10:15,Every 30m,Weekday,£3.00,23
9,Outbound,2,"Town Road, Hanley",10:28,10:30,Every 30m,Weekday,£2.50,22
9,Outbound,3,"Waterloo Road, Cobridge",10:38,10:40,Every 30m,Weekday,£2.50,None
9,Outbound,4,Tunstall,10:53,10:55,Every 30m,Weekday,£2.00,None
9,Outbound,5,Kidsgrove,11:03,11:05,Every 30m,Weekday,£1.80,None
9,Outbound,1,Hanley Bus Station,10:28,10:30,Every 30m,Weekday,£3.00,23
9,Outbound,2,"Town Road, Hanley",10:43,10:45,Every 30m,Weekday,£2.50,22
9,Outbound,3,"Waterloo Road, Cobridge",10:53,10:55,Every 30m,Weekday,£2.50,None
9,Outbound,4,Tunstall,11:08,11:10,Every 30m,Weekday,£2.00,None
9,Outbound,5,Kidsgrove,11:18,11:20,Every 30m,Weekday,£1.80,None
9,Outbound,1,Hanley Bus Station,10:43,10:45,Every 30m,Weekday,£3.00,23
9,Outbound,2,"Town Road, Hanley",10:58,11:00,Every 30m,Weekday,£2.50,22
9,Outbound,3,"Waterloo Road, Cobridge",11:08,11:10,Every 30m,Weekday,£2.50,None
9,Outbound,4,Tunstall,11:23,11:25,Every 30m,Weekday,£2.00,None
9,Outbound,5,Kidsgrove,11:33,11:35,Every 30m,Weekday,£1.80,None
9,Outbound,1,Hanley Bus Station,10:58,11:00,Every 30m,Weekday,£3.00,23
9,Outbound,2,"Town Road, Hanley",11:13,11:15,Every 30m,Weekday,£2.50,22
9,Outbound,3,"Waterloo Road, Cobridge",11:23,11:25,Every 30m,Weekday,£2.50,None
9,Outbound,4,Tunstall,11:38,11:40,Every 30m,Weekday,£2.00,None
9,Outbound,5,Kidsgrove,11:48,11:50,Every 30m,Weekday,£1.80,None
9,Outbound,1,Hanley Bus Station,11:13,11:15,Every 30m,Weekday,£3.00,23
9,Outbound,2,"Town Road, Hanley",11:28,11:30,Every 30m,Weekday,£2.50,22
9,Outbound,3,"Waterloo Road, Cobridge",11:38,11:40,Every 30m,Weekday,£2.50,None
9,Outbound,4,Tunstall,11:53,11:55,Every 30m,Weekday,£2.00,None
9,Outbound,5,Kidsgrove,12:03,12:05,Every 30m,Weekday,£1.80,None
9,Outbound,1,Hanley Bus Station,11:28,11:30,Every 30m,Weekday,£3.00,23
9,Outbound,2,"Town Road, Hanley",11:43,11:45,Every 30m,Weekday,£2.50,22
9,Outbound,3,"Waterloo Road, Cobridge",11:53,11:55,Every 30m,Weekday,£2.50,None
9,Outbound,4,Tunstall,12:08,12:10,Every 30m,Weekday,£2.00,None
9,Outbound,5,Kidsgrove,12:18,12:20,Every 30m,Weekday,£1.80,None
9,Outbound,1,Hanley Bus Station,11:43,11:45,Every 30m,Weekday,£3.00,23
9,Outbound,2,"Town Road, Hanley",11:58,12:00,Every 30m,Weekday,£2.50,22
9,Outbound,3,"Waterloo Road, Cobridge",12:08,12:10,Every 30m,Weekday,£2.50,None
9,Outbound,4,Tunstall,12:23,12:25,Every 30m,Weekday,£2.00,None
9,Outbound,5,Kidsgrove,12:33,12:35,Every 30m,Weekday,£1.80,None
9,Outbound,1,Hanley Bus Station,11:58,12:00,Every 30m,Weekday,£3.00,23
9,Outbound,2,"Town Road, Hanley",12:13,12:15,Every 30m,Weekday,£2.50,22
9,Outbound,3,"Waterloo Road, Cobridge",12:23,12:25,Every 30m,Weekday,£2.50,None
9,Outbound,4,Tunstall,12:38,12:40,Every 30m,Weekday,£2.00,None
9,Outbound,5,Kidsgrove,12:48,12:50,Every 30m,Weekday,£1.80,None
9,Outbound,1,Hanley Bus Station,12:13,12:15,Every 30m,Weekday,£3.00,23
9,Outbound,2,"Town Road, Hanley",12:28,12:30,Every 30m,Weekday,£2.50,22
9,Outbound,3,"Waterloo Road, Cobridge",12:38,12:40,Every 30m,Weekday,£2.50,None
9,Outbound,4,Tunstall,12:53,12:55,Every 30m,Weekday,£2.00,None
9,Outbound,5,Kidsgrove,13:03,13:05,Every 30m,Weekday,£1.80,None
9,Outbound,1,Hanley Bus Station,12:28,12:30,Every 30m,Weekday,£3.00,23
9,Outbound,2,"Town Road, Hanley",12:43,12:45,Every 30m,Weekday,£2.50,22
9,Outbound,3,"Waterloo Road, Cobridge",12:53,12:55,Every 30m,Weekday,£2.50,None
9,Outbound,4,Tunstall,13:08,13:10,Every 30m,Weekday,£2.00,None
9,Outbound,5,Kidsgrove,13:18,13:20,Every 30m,Weekday,£1.80,None
9,Outbound,1,Hanley Bus Station,12:43,12:45,Every 30m,Weekday,£3.00,23
9,Outbound,2,"Town Road, Hanley",12:58,13:00,Every 30m,Weekday,£2.50,22
9,Outbound,3,"Waterloo Road, Cobridge",13:08,13:10,Every 30m,Weekday,£2.50,None
9,Outbound,4,Tunstall,13:23,13:25,Every 30m,Weekday,£2.00,None
9,Outbound,5,Kidsgrove,13:33,13:35,Every 30m,Weekday,£1.80,None
9,Outbound,1,Hanley Bus Station,12:58,13:00,Every 30m,Weekday,£3.00,23
9,Outbound,2,"Town Road, Hanley",13:13,13:15,Every 30m,Weekday,£2.50,22
9,Outbound,3,"Waterloo Road, Cobridge",13:23,13:25,Every 30m,Weekday,£2.50,None
9,Outbound,4,Tunstall,13:38,13:40,Every 30m,Weekday,£2.00,None
9,Outbound,5,Kidsgrove,13:48,13:50,Every 30m,Weekday,£1.80,None
9,Outbound,1,Hanley Bus Station,13:13,13:15,Every 30m,Weekday,£3.00,23
9,Outbound,2,"Town Road, Hanley",13:28,13:30,Every 30m,Weekday,£2.50,22
9,Outbound,3,"Waterloo Road, Cobridge",13:38,13:40,Every 30m,Weekday,£2.50,None
9,Outbound,4,Tunstall,13:53,13:55,Every 30m,Weekday,£2.00,None
9,Outbound,5,Kidsgrove,14:03,14:05,Every 30m,Weekday,£1.80,None
9,Outbound,1,Hanley Bus Station,13:28,13:30,Every 30m,Weekday,£3.00,23
9,Outbound,2,"Town Road, Hanley",13:43,13:45,Every 30m,Weekday,£2.50,22
9,Outbound,3,"Waterloo Road, Cobridge",13:53,13:55,Every 30m,Weekday,£2.50,None
9,Outbound,4,Tunstall,14:08,14:10,Every 30m,Weekday,£2.00,None
9,Outbound,5,Kidsgrove,14:18,14:20,Every 30m,Weekday,£1.80,None
9,Outbound,1,Hanley Bus Station,13:43,13:45,Every 30m,Weekday,£3.00,23
9,Outbound,2,"Town Road, Hanley",13:58,14:00,Every 30m,Weekday,£2.50,22
9,Outbound,3,"Waterloo Road, Cobridge",14:08,14:10,Every 30m,Weekday,£2.50,None
9,Outbound,4,Tunstall,14:23,14:25,Every 30m,Weekday,£2.00,None
9,Outbound,5,Kidsgrove,14:33,14:35,Every 30m,Weekday,£1.80,None
9,Outbound,1,Hanley Bus Station,13:58,14:00,Every 30m,Weekday,£3.00,23
9,Outbound,2,"Town Road, Hanley",14:13,14:15,Every 30m,Weekday,£2.50,22
9,Outbound,3,"Waterloo Road, Cobridge",14:23,14:25,Every 30m,Weekday,£2.50,None
9,Outbound,4,Tunstall,14:38,14:40,Every 30m,Weekday,£2.00,None
9,Outbound,5,Kidsgrove,14:48,14:50,Every 30m,Weekday,£1.80,None
9,Outbound,1,Hanley Bus Station,14:13,14:15,Every 30m,Weekday,£3.00,23
9,Outbound,2,"Town Road, Hanley",14:28,14:30,Every 30m,Weekday,£2.50,22
9,Outbound,3,"Waterloo Road, Cobridge",14:38,14:40,Every 30m,Weekday,£2.50,None
9,Outbound,4,Tunstall,14:53,14:55,Every 30m,Weekday,£2.00,None
9,Outbound,5,Kidsgrove,15:03,15:05,Every 30m,Weekday,£1.80,None
9,Outbound,1,Hanley Bus Station,14:28,14:30,Every 30m,Weekday,£3.00,23
9,Outbound,2,"Town Road, Hanley",14:43,14:45,Every 30m,Weekday,£2.50,22
9,Outbound,3,"Waterloo Road, Cobridge",14:53,14:55,Every 30m,Weekday,£2.50,None
9,Outbound,4,Tunstall,15:08,15:10,Every 30m,Weekday,£2.00,None
9,Outbound,5,Kidsgrove,15:18,15:20,Every 30m,Weekday,£1.80,None
9,Outbound,1,Hanley Bus Station,14:43,14:45,Every 30m,Weekday,£3.00,23
9,Outbound,2,"Town Road, Hanley",14:58,15:00,Every 30m,Weekday,£2.50,22
9,Outbound,3,"Waterloo Road, Cobridge",15:08,15:10,Every 30m,Weekday,£2.50,None
9,Outbound,4,Tunstall,15:23,15:25,Every 30m,Weekday,£2.00,None
9,Outbound,5,Kidsgrove,15:33,15:35,Every 30m,Weekday,£1.80,None
9,Outbound,1,Hanley Bus Station,14:58,15:00,Every 30m,Weekday,£3.00,23
9,Outbound,2,"Town Road, Hanley",15:13,15:15,Every 30m,Weekday,£2.50,22
9,Outbound,3,"Waterloo Road, Cobridge",15:23,15:25,Every 30m,Weekday,£2.50,None
9,Outbound,4,Tunstall,15:38,15:40,Every 30m,Weekday,£2.00,None
9,Outbound,5,Kidsgrove,15:48,15:50,Every 30m,Weekday,£1.80,None
9,Outbound,1,Hanley Bus Station,15:13,15:15,Every 30m,Weekday,£3.00,23
9,Outbound,2,"Town Road, Hanley",15:28,15:30,Every 30m,Weekday,£2.50,22
9,Outbound,3,"Waterloo Road, Cobridge",15:38,15:40,Every 30m,Weekday,£2.50,None
9,Outbound,4,Tunstall,15:53,15:55,Every 30m,Weekday,£2.00,None
9,Outbound,5,Kidsgrove,16:03,16:05,Every 30m,Weekday,£1.80,None
9,Outbound,1,Hanley Bus Station,15:28,15:30,Every 30m,Weekday,£3.00,23
9,Outbound,2,"Town Road, Hanley",15:43,15:45,Every 30m,Weekday,£2.50,22
9,Outbound,3,"Waterloo Road, Cobridge",15:53,15:55,Every 30m,Weekday,£2.50,None
9,Outbound,4,Tunstall,16:08,16:10,Every 30m,Weekday,£2.00,None
9,Outbound,5,Kidsgrove,16:18,16:20,Every 30m,Weekday,£1.80,None
9,Outbound,1,Hanley Bus Station,15:43,15:45,Every 30m,Weekday,£3.00,23
9,Outbound,2,"Town Road, Hanley",15:58,16:00,Every 30m,Weekday,£2.50,22
9,Outbound,3,"Waterloo Road, Cobridge",16:08,16:10,Every 30m,Weekday,£2.50,None
9,Outbound,4,Tunstall,16:23,16:25,Every 30m,Weekday,£2.00,None
9,Outbound,5,Kidsgrove,16:33,16:35,Every 30m,Weekday,£1.80,None
9,Outbound,1,Hanley Bus Station,15:58,16:00,Every 30m,Weekday,£3.00,23
9,Outbound,2,"Town Road, Hanley",16:13,16:15,Every 30m,Weekday,£2.50,22
9,Outbound,3,"Waterloo Road, Cobridge",16:23,16:25,Every 30m,Weekday,£2.50,None
9,Outbound,4,Tunstall,16:38,16:40,Every 30m,Weekday,£2.00,None
9,Outbound,5,Kidsgrove,16:48,16:50,Every 30m,Weekday,£1.80,None
9,Outbound,1,Hanley Bus Station,16:13,16:15,Every 30m,Weekday,£3.00,23
9,Outbound,2,"Town Road, Hanley",16:28,16:30,Every 30m,Weekday,£2.50,22
9,Outbound,3,"Waterloo Road, Cobridge",16:38,16:40,Every 30m,Weekday,£2.50,None
9,Outbound,4,Tunstall,16:53,16:55,Every 30m,Weekday,£2.00,None
9,Outbound,5,Kidsgrove,17:03,17:05,Every 30m,Weekday,£1.80,None
9,Outbound,1,Hanley Bus Station,16:28,16:30,Every 30m,Weekday,£3.00,23
9,Outbound,2,"Town Road, Hanley",16:43,16:45,Every 30m,Weekday,£2.50,22
9,Outbound,3,"Waterloo Road, Cobridge",16:53,16:55,Every 30m,Weekday,£2.50,None
9,Outbound,4,Tunstall,17:08,17:10,Every 30m,Weekday,£2.00,None
9,Outbound,5,Kidsgrove,17:18,17:20,Every 30m,Weekday,£1.80,None
9,Outbound,1,Hanley Bus Station,16:43,16:45,Every 30m,Weekday,£3.00,23
9,Outbound,2,"Town Road, Hanley",16:58,17:00,Every 30m,Weekday,£2.50,22
9,Outbound,3,"Waterloo Road, Cobridge",17:08,17:10,Every 30m,Weekday,£2.50,None
9,Outbound,4,Tunstall,17:23,17:25,Every 30m,Weekday,£2.00,None
9,Outbound,5,Kidsgrove,17:33,17:35,Every 30m,Weekday,£1.80,None
9,Outbound,1,Hanley Bus Station,16:58,17:00,Every 30m,Weekday,£3.00,23
9,Outbound,2,"Town Road, Hanley",17:13,17:15,Every 30m,Weekday,£2.50,22
9,Outbound,3,"Waterloo Road, Cobridge",17:23,17:25,Every 30m,Weekday,£2.50,None
9,Outbound,4,Tunstall,17:38,17:40,Every 30m,Weekday,£2.00,None
9,Outbound,5,Kidsgrove,17:48,17:50,Every 30m,Weekday,£1.80,None
9,Outbound,1,Hanley Bus Station,17:13,17:15,Every 30m,Weekday,£3.00,23
9,Outbound,2,"Town Road, Hanley",17:28,17:30,Every 30m,Weekday,£2.50,22
9,Outbound,3,"Waterloo Road, Cobridge",17:38,17:40,Every 30m,Weekday,£2.50,None
9,Outbound,4,Tunstall,17:53,17:55,Every 30m,Weekday,£2.00,None
9,Outbound,5,Kidsgrove,18:03,18:05,Every 30m,Weekday,£1.80,None
9,Outbound,1,Hanley Bus Station,17:28,17:30,Every 30m,Weekday,£3.00,23
9,Outbound,2,"Town Road, Hanley",17:43,17:45,Every 30m,Weekday,£2.50,22
9,Outbound,3,"Waterloo Road, Cobridge",17:53,17:55,Every 30m,Weekday,£2.50,None
9,Outbound,4,Tunstall,18:08,18:10,Every 30m,Weekday,£2.00,None
9,Outbound,5,Kidsgrove,18:18,18:20,Every 30m,Weekday,£1.80,None
9,Outbound,1,Hanley Bus Station,17:43,17:45,Every 30m,Weekday,£3.00,23
9,Outbound,2,"Town Road, Hanley",17:58,18:00,Every 30m,Weekday,£2.50,22
9,Outbound,3,"Waterloo Road, Cobridge",18:08,18:10,Every 30m,Weekday,£2.50,None
9,Outbound,4,Tunstall,18:23,18:25,Every 30m,Weekday,£2.00,None
9,Outbound,5,Kidsgrove,18:33,18:35,Every 30m,Weekday,£1.80,None
9,Outbound,1,Hanley Bus Station,17:58,18:00,Every 30m,Weekday,£3.00,23
9,Outbound,2,"Town Road, Hanley",18:13,18:15,Every 30m,Weekday,£2.50,22
9,Outbound,3,"Waterloo Road, Cobridge",18:23,18:25,Every 30m,Weekday,£2.50,None
9,Outbound,4,Tunstall,18:38,18:40,Every 30m,Weekday,£2.00,None
9,Outbound,5,Kidsgrove,18:48,18:50,Every 30m,Weekday,£1.80,None
9,Outbound,1,Hanley Bus Station,18:13,18:15,Every 30m,Weekday,£3.00,23
9,Outbound,2,"Town Road, Hanley",18:28,18:30,Every 30m,Weekday,£2.50,22
9,Outbound,3,"Waterloo Road, Cobridge",18:38,18:40,Every 30m,Weekday,£2.50,None
9,Outbound,4,Tunstall,18:53,18:55,Every 30m,Weekday,£2.00,None
9,Outbound,5,Kidsgrove,19:03,19:05,Every 30m,Weekday,£1.80,None
9,Outbound,1,Hanley Bus Station,18:28,18:30,Every 30m,Weekday,£3.00,23
9,Outbound,2,"Town Road, Hanley",18:43,18:45,Every 30m,Weekday,£2.50,22
9,Outbound,3,"Waterloo Road, Cobridge",18:53,18:55,Every 30m,Weekday,£2.50,None
9,Outbound,4,Tunstall,19:08,19:10,Every 30m,Weekday,£2.00,None
9,Outbound,5,Kidsgrove,19:18,19:20,Every 30m,Weekday,£1.80,None
9,Outbound,1,Hanley Bus Station,18:43,18:45,Every 30m,Weekday,£3.00,23
9,Outbound,2,"Town Road, Hanley",18:58,19:00,Every 30m,Weekday,£2.50,22
9,Outbound,3,"Waterloo Road, Cobridge",19:08,19:10,Every 30m,Weekday,£2.50,None
9,Outbound,4,Tunstall,19:23,19:25,Every 30m,Weekday,£2.00,None
9,Outbound,5,Kidsgrove,19:33,19:35,Every 30m,Weekday,£1.80,None
9,Outbound,1,Hanley Bus Station,18:58,19:00,Every 30m,Weekday,£3.00,23
9,Outbound,2,"Town Road, Hanley",19:13,19:15,Every 30m,Weekday,£2.50,22
9,Outbound,3,"Waterloo Road, Cobridge",19:23,19:25,Every 30m,Weekday,£2.50,None
9,Outbound,4,Tunstall,19:38,19:40,Every 30m,Weekday,£2.00,None
9,Outbound,5,Kidsgrove,19:48,19:50,Every 30m,Weekday,£1.80,None
9,Outbound,1,Hanley Bus Station,19:13,19:15,Every 30m,Weekday,£3.00,23
9,Outbound,2,"Town Road, Hanley",19:28,19:30,Every 30m,Weekday,£2.50,22
9,Outbound,3,"Waterloo Road, Cobridge",19:38,19:40,Every 30m,Weekday,£2.50,None
9,Outbound,4,Tunstall,19:53,19:55,Every 30m,Weekday,£2.00,None
9,Outbound,5,Kidsgrove,20:03,20:05,Every 30m,Weekday,£1.80,None
9,Outbound,1,Hanley Bus Station,19:28,19:30,Every 30m,Weekday,£3.00,23
9,Outbound,2,"Town Road, Hanley",19:43,19:45,Every 30m,Weekday,£2.50,22
9,Outbound,3,"Waterloo Road, Cobridge",19:53,19:55,Every 30m,Weekday,£2.50,None
9,Outbound,4,Tunstall,20:08,20:10,Every 30m,Weekday,£2.00,None
9,Outbound,5,Kidsgrove,20:18,20:20,Every 30m,Weekday,£1.80,None
9,Outbound,1,Hanley Bus Station,19:43,19:45,Every 30m,Weekday,£3.00,23
9,Outbound,2,"Town Road, Hanley",19:58,20:00,Every 30m,Weekday,£2.50,22
9,Outbound,3,"Waterloo Road, Cobridge",20:08,20:10,Every 30m,Weekday,£2.50,None
9,Outbound,4,Tunstall,20:23,20:25,Every 30m,Weekday,£2.00,None
9,Outbound,5,Kidsgrove,20:33,20:35,Every 30m,Weekday,£1.80,None
9,Outbound,1,Hanley Bus Station,19:58,20:00,Every 30m,Weekday,£3.00,23
9,Outbound,2,"Town Road, Hanley",20:13,20:15,Every 30m,Weekday,£2.50,22
9,Outbound,3,"Waterloo Road, Cobridge",20:23,20:25,Every 30m,Weekday,£2.50,None
9,Outbound,4,Tunstall,20:38,20:40,Every 30m,Weekday,£2.00,None
9,Outbound,5,Kidsgrove,20:48,20:50,Every 30m,Weekday,£1.80,None
9,Outbound,1,Hanley Bus Station,20:13,20:15,Every 30m,Weekday,£3.00,23
9,Outbound,2,"Town Road, Hanley",20:28,20:30,Every 30m,Weekday,£2.50,22
9,Outbound,3,"Waterloo Road, Cobridge",20:38,20:40,Every 30m,Weekday,£2.50,None
9,Outbound,4,Tunstall,20:53,20:55,Every 30m,Weekday,£2.00,None
9,Outbound,5,Kidsgrove,21:03,21:05,Every 30m,Weekday,£1.80,None
9,Outbound,1,Hanley Bus Station,20:28,20:30,Every 30m,Weekday,£3.00,23
9,Outbound,2,"Town Road, Hanley",20:43,20:45,Every 30m,Weekday,£2.50,22
9,Outbound,3,"Waterloo Road, Cobridge",20:53,20:55,Every 30m,Weekday,£2.50,None
9,Outbound,4,Tunstall,21:08,21:10,Every 30m,Weekday,£2.00,None
9,Outbound,5,Kidsgrove,21:18,21:20,Every 30m,Weekday,£1.80,None
9,Outbound,1,Hanley Bus Station,20:43,20:45,Every 30m,Weekday,£3.00,23
9,Outbound,2,"Town Road, Hanley",20:58,21:00,Every 30m,Weekday,£2.50,22
9,Outbound,3,"Waterloo Road, Cobridge",21:08,21:10,Every 30m,Weekday,£2.50,None
9,Outbound,4,Tunstall,21:23,21:25,Every 30m,Weekday,£2.00,None
9,Outbound,5,Kidsgrove,21:33,21:35,Every 30m,Weekday,£1.80,None
9,Outbound,1,Hanley Bus Station,20:58,21:00,Every 30m,Weekday,£3.00,23
9,Outbound,2,"Town Road, Hanley",21:13,21:15,Every 30m,Weekday,£2.50,22
9,Outbound,3,"Waterloo Road, Cobridge",21:23,21:25,Every 30m,Weekday,£2.50,None
9,Outbound,4,Tunstall,21:38,21:40,Every 30m,Weekday,£2.00,None
9,Outbound,5,Kidsgrove,21:48,21:50,Every 30m,Weekday,£1.80,None
9,Outbound,1,Hanley Bus Station,21:13,21:15,Every 30m,Weekday,£3.00,23
9,Outbound,2,"Town Road, Hanley",21:28,21:30,Every 30m,Weekday,£2.50,22
9,Outbound,3,"Waterloo Road, Cobridge",21:38,21:40,Every 30m,Weekday,£2.50,None
9,Outbound,4,Tunstall,21:53,21:55,Every 30m,Weekday,£2.00,None
9,Outbound,5,Kidsgrove,22:03,22:05,Every 30m,Weekday,£1.80,None
9,Outbound,1,Hanley Bus Station,21:28,21:30,Every 30m,Weekday,£3.00,23
9,Outbound,2,"Town Road, Hanley",21:43,21:45,Every 30m,Weekday,£2.50,22
9,Outbound,3,"Waterloo Road, Cobridge",21:53,21:55,Every 30m,Weekday,£2.50,None
9,Outbound,4,Tunstall,22:08,22:10,Every 30m,Weekday,£2.00,None
9,Outbound,5,Kidsgrove,22:18,22:20,Every 30m,Weekday,£1.80,None
9,Outbound,1,Hanley Bus Station,21:43,21:45,Every 30m,Weekday,£3.00,23
9,Outbound,2,"Town Road, Hanley",21:58,22:00,Every 30m,Weekday,£2.50,22
9,Outbound,3,"Waterloo Road, Cobridge",22:08,22:10,Every 30m,Weekday,£2.50,None
9,Outbound,4,Tunstall,22:23,22:25,Every 30m,Weekday,£2.00,None
9,Outbound,5,Kidsgrove,22:33,22:35,Every 30m,Weekday,£1.80,None
9,Outbound,1,Hanley Bus Station,21:58,22:00,Every 30m,Weekday,£3.00,23
9,Outbound,2,"Town Road, Hanley",22:13,22:15,Every 30m,Weekday,£2.50,22
9,Outbound,3,"Waterloo Road, Cobridge",22:23,22:25,Every 30m,Weekday,£2.50,None
9,Outbound,4,Tunstall,22:38,22:40,Every 30m,Weekday,£2.00,None
9,Outbound,5,Kidsgrove,22:48,22:50,Every 30m,Weekday,£1.80,None
